Timing Analyzer report for top
Sun Jul 20 19:52:21 2025
Quartus Prime Version 24.1std.0 Build 1077 03/04/2025 SC Lite Edition


---------------------
; Table of Contents ;
---------------------
  1. Legal Notice
  2. Timing Analyzer Summary
  3. Parallel Compilation
  4. Clocks
  5. Slow 1200mV 85C Model Fmax Summary
  6. Timing Closure Recommendations
  7. Slow 1200mV 85C Model Setup Summary
  8. Slow 1200mV 85C Model Hold Summary
  9. Slow 1200mV 85C Model Recovery Summary
 10. Slow 1200mV 85C Model Removal Summary
 11. Slow 1200mV 85C Model Minimum Pulse Width Summary
 12. Slow 1200mV 85C Model Setup: 'clk'
 13. Slow 1200mV 85C Model Setup: 'master:master|scl'
 14. Slow 1200mV 85C Model Setup: 'lcddin_mod:lcd_display|clk_16ms'
 15. Slow 1200mV 85C Model Setup: 'beg_com:beg_com|beg'
 16. Slow 1200mV 85C Model Hold: 'beg_com:beg_com|beg'
 17. Slow 1200mV 85C Model Hold: 'clk'
 18. Slow 1200mV 85C Model Hold: 'lcddin_mod:lcd_display|clk_16ms'
 19. Slow 1200mV 85C Model Hold: 'master:master|scl'
 20. Slow 1200mV 85C Model Metastability Summary
 21. Slow 1200mV 0C Model Fmax Summary
 22. Slow 1200mV 0C Model Setup Summary
 23. Slow 1200mV 0C Model Hold Summary
 24. Slow 1200mV 0C Model Recovery Summary
 25. Slow 1200mV 0C Model Removal Summary
 26. Slow 1200mV 0C Model Minimum Pulse Width Summary
 27. Slow 1200mV 0C Model Setup: 'clk'
 28. Slow 1200mV 0C Model Setup: 'lcddin_mod:lcd_display|clk_16ms'
 29. Slow 1200mV 0C Model Setup: 'master:master|scl'
 30. Slow 1200mV 0C Model Setup: 'beg_com:beg_com|beg'
 31. Slow 1200mV 0C Model Hold: 'clk'
 32. Slow 1200mV 0C Model Hold: 'lcddin_mod:lcd_display|clk_16ms'
 33. Slow 1200mV 0C Model Hold: 'beg_com:beg_com|beg'
 34. Slow 1200mV 0C Model Hold: 'master:master|scl'
 35. Slow 1200mV 0C Model Metastability Summary
 36. Fast 1200mV 0C Model Setup Summary
 37. Fast 1200mV 0C Model Hold Summary
 38. Fast 1200mV 0C Model Recovery Summary
 39. Fast 1200mV 0C Model Removal Summary
 40. Fast 1200mV 0C Model Minimum Pulse Width Summary
 41. Fast 1200mV 0C Model Setup: 'clk'
 42. Fast 1200mV 0C Model Setup: 'lcddin_mod:lcd_display|clk_16ms'
 43. Fast 1200mV 0C Model Setup: 'master:master|scl'
 44. Fast 1200mV 0C Model Setup: 'beg_com:beg_com|beg'
 45. Fast 1200mV 0C Model Hold: 'beg_com:beg_com|beg'
 46. Fast 1200mV 0C Model Hold: 'clk'
 47. Fast 1200mV 0C Model Hold: 'lcddin_mod:lcd_display|clk_16ms'
 48. Fast 1200mV 0C Model Hold: 'master:master|scl'
 49. Fast 1200mV 0C Model Metastability Summary
 50. Multicorner Timing Analysis Summary
 51. Board Trace Model Assignments
 52. Input Transition Times
 53. Signal Integrity Metrics (Slow 1200mv 0c Model)
 54. Signal Integrity Metrics (Slow 1200mv 85c Model)
 55. Signal Integrity Metrics (Fast 1200mv 0c Model)
 56. Setup Transfers
 57. Hold Transfers
 58. Report TCCS
 59. Report RSKM
 60. Unconstrained Paths Summary
 61. Clock Status Summary
 62. Unconstrained Input Ports
 63. Unconstrained Output Ports
 64. Unconstrained Input Ports
 65. Unconstrained Output Ports
 66. Timing Analyzer Messages



----------------
; Legal Notice ;
----------------
Copyright (C) 2025  Altera Corporation. All rights reserved.
Your use of Altera Corporation's design tools, logic functions 
and other software and tools, and any partner logic 
functions, and any output files from any of the foregoing 
(including device programming or simulation files), and any 
associated documentation or information are expressly subject 
to the terms and conditions of the Altera Program License 
Subscription Agreement, the Altera Quartus Prime License Agreement,
the Altera IP License Agreement, or other applicable license
agreement, including, without limitation, that your use is for
the sole purpose of programming logic devices manufactured by
Altera and sold by Altera or its authorized distributors.  Please
refer to the Altera Software License Subscription Agreements 
on the Quartus Prime software download page.



+---------------------------------------------------------------------------------+
; Timing Analyzer Summary                                                         ;
+-----------------------+---------------------------------------------------------+
; Quartus Prime Version ; Version 24.1std.0 Build 1077 03/04/2025 SC Lite Edition ;
; Timing Analyzer       ; Legacy Timing Analyzer                                  ;
; Revision Name         ; top                                                     ;
; Device Family         ; Cyclone IV E                                            ;
; Device Name           ; EP4CE10E22C8                                            ;
; Timing Models         ; Final                                                   ;
; Delay Model           ; Combined                                                ;
; Rise/Fall Delays      ; Enabled                                                 ;
+-----------------------+---------------------------------------------------------+


+------------------------------------------+
; Parallel Compilation                     ;
+----------------------------+-------------+
; Processors                 ; Number      ;
+----------------------------+-------------+
; Number detected on machine ; 4           ;
; Maximum allowed            ; 2           ;
;                            ;             ;
; Average used               ; 1.13        ;
; Maximum used               ; 2           ;
;                            ;             ;
; Usage by Processor         ; % Time Used ;
;     Processor 1            ; 100.0%      ;
;     Processor 2            ;  13.1%      ;
+----------------------------+-------------+


+----------------------------------------------------------------------------------------------------------------------------------------------------------------------------------------------------------------------------------+
; Clocks                                                                                                                                                                                                                           ;
+---------------------------------+------+--------+------------+-------+-------+------------+-----------+-------------+-------+--------+-----------+------------+----------+--------+--------+-------------------------------------+
; Clock Name                      ; Type ; Period ; Frequency  ; Rise  ; Fall  ; Duty Cycle ; Divide by ; Multiply by ; Phase ; Offset ; Edge List ; Edge Shift ; Inverted ; Master ; Source ; Targets                             ;
+---------------------------------+------+--------+------------+-------+-------+------------+-----------+-------------+-------+--------+-----------+------------+----------+--------+--------+-------------------------------------+
; beg_com:beg_com|beg             ; Base ; 1.000  ; 1000.0 MHz ; 0.000 ; 0.500 ;            ;           ;             ;       ;        ;           ;            ;          ;        ;        ; { beg_com:beg_com|beg }             ;
; clk                             ; Base ; 1.000  ; 1000.0 MHz ; 0.000 ; 0.500 ;            ;           ;             ;       ;        ;           ;            ;          ;        ;        ; { clk }                             ;
; lcddin_mod:lcd_display|clk_16ms ; Base ; 1.000  ; 1000.0 MHz ; 0.000 ; 0.500 ;            ;           ;             ;       ;        ;           ;            ;          ;        ;        ; { lcddin_mod:lcd_display|clk_16ms } ;
; master:master|scl               ; Base ; 1.000  ; 1000.0 MHz ; 0.000 ; 0.500 ;            ;           ;             ;       ;        ;           ;            ;          ;        ;        ; { master:master|scl }               ;
+---------------------------------+------+--------+------------+-------+-------+------------+-----------+-------------+-------+--------+-----------+------------+----------+--------+--------+-------------------------------------+


+-----------------------------------------------------------------------+
; Slow 1200mV 85C Model Fmax Summary                                    ;
+------------+-----------------+---------------------------------+------+
; Fmax       ; Restricted Fmax ; Clock Name                      ; Note ;
+------------+-----------------+---------------------------------+------+
; 34.2 MHz   ; 34.2 MHz        ; clk                             ;      ;
; 263.09 MHz ; 263.09 MHz      ; master:master|scl               ;      ;
; 263.16 MHz ; 263.16 MHz      ; lcddin_mod:lcd_display|clk_16ms ;      ;
+------------+-----------------+---------------------------------+------+
This panel reports FMAX for every clock in the design, regardless of the user-specified clock periods.  FMAX is only computed for paths where the source and destination registers or ports are driven by the same clock.  Paths of different clocks, including generated clocks, are ignored.  For paths between a clock and its inversion, FMAX is computed as if the rising and falling edges are scaled along with FMAX, such that the duty cycle (in terms of a percentage) is maintained. Altera recommends that you always use clock constraints and other slack reports for sign-off analysis.


----------------------------------
; Timing Closure Recommendations ;
----------------------------------
HTML report is unavailable in plain text report export.


+-----------------------------------------------------------+
; Slow 1200mV 85C Model Setup Summary                       ;
+---------------------------------+---------+---------------+
; Clock                           ; Slack   ; End Point TNS ;
+---------------------------------+---------+---------------+
; clk                             ; -28.244 ; -1258.131     ;
; master:master|scl               ; -2.801  ; -69.508       ;
; lcddin_mod:lcd_display|clk_16ms ; -2.800  ; -31.421       ;
; beg_com:beg_com|beg             ; -0.948  ; -7.489        ;
+---------------------------------+---------+---------------+


+---------------------------------------------------------+
; Slow 1200mV 85C Model Hold Summary                      ;
+---------------------------------+-------+---------------+
; Clock                           ; Slack ; End Point TNS ;
+---------------------------------+-------+---------------+
; beg_com:beg_com|beg             ; 0.277 ; 0.000         ;
; clk                             ; 0.432 ; 0.000         ;
; lcddin_mod:lcd_display|clk_16ms ; 0.452 ; 0.000         ;
; master:master|scl               ; 0.727 ; 0.000         ;
+---------------------------------+-------+---------------+


------------------------------------------
; Slow 1200mV 85C Model Recovery Summary ;
------------------------------------------
No paths to report.


-----------------------------------------
; Slow 1200mV 85C Model Removal Summary ;
-----------------------------------------
No paths to report.


+----------------------------------------------------------+
; Slow 1200mV 85C Model Minimum Pulse Width Summary        ;
+---------------------------------+--------+---------------+
; Clock                           ; Slack  ; End Point TNS ;
+---------------------------------+--------+---------------+
; clk                             ; -3.000 ; -184.414      ;
; master:master|scl               ; -1.487 ; -46.097       ;
; beg_com:beg_com|beg             ; -1.487 ; -35.688       ;
; lcddin_mod:lcd_display|clk_16ms ; -1.487 ; -32.714       ;
+---------------------------------+--------+---------------+


+---------------------------------------------------------------------------------------------------------------------------------------+
; Slow 1200mV 85C Model Setup: 'clk'                                                                                                    ;
+---------+---------------------------+---------------------------+--------------+-------------+--------------+------------+------------+
; Slack   ; From Node                 ; To Node                   ; Launch Clock ; Latch Clock ; Relationship ; Clock Skew ; Data Delay ;
+---------+---------------------------+---------------------------+--------------+-------------+--------------+------------+------------+
; -28.244 ; master:master|counter[8]  ; master:master|scl         ; clk          ; clk         ; 1.000        ; -0.078     ; 29.167     ;
; -28.131 ; master:master|counter[7]  ; master:master|scl         ; clk          ; clk         ; 1.000        ; -0.078     ; 29.054     ;
; -28.095 ; master:master|counter[10] ; master:master|scl         ; clk          ; clk         ; 1.000        ; -0.078     ; 29.018     ;
; -27.993 ; master:master|counter[9]  ; master:master|scl         ; clk          ; clk         ; 1.000        ; -0.078     ; 28.916     ;
; -27.951 ; master:master|counter[12] ; master:master|scl         ; clk          ; clk         ; 1.000        ; -0.078     ; 28.874     ;
; -27.855 ; master:master|counter[11] ; master:master|scl         ; clk          ; clk         ; 1.000        ; -0.078     ; 28.778     ;
; -27.809 ; master:master|counter[8]  ; master:master|counter[13] ; clk          ; clk         ; 1.000        ; -0.081     ; 28.729     ;
; -27.809 ; master:master|counter[8]  ; master:master|counter[7]  ; clk          ; clk         ; 1.000        ; -0.081     ; 28.729     ;
; -27.809 ; master:master|counter[8]  ; master:master|counter[8]  ; clk          ; clk         ; 1.000        ; -0.081     ; 28.729     ;
; -27.809 ; master:master|counter[8]  ; master:master|counter[9]  ; clk          ; clk         ; 1.000        ; -0.081     ; 28.729     ;
; -27.809 ; master:master|counter[8]  ; master:master|counter[10] ; clk          ; clk         ; 1.000        ; -0.081     ; 28.729     ;
; -27.809 ; master:master|counter[8]  ; master:master|counter[11] ; clk          ; clk         ; 1.000        ; -0.081     ; 28.729     ;
; -27.809 ; master:master|counter[8]  ; master:master|counter[12] ; clk          ; clk         ; 1.000        ; -0.081     ; 28.729     ;
; -27.710 ; master:master|counter[13] ; master:master|scl         ; clk          ; clk         ; 1.000        ; -0.078     ; 28.633     ;
; -27.696 ; master:master|counter[7]  ; master:master|counter[13] ; clk          ; clk         ; 1.000        ; -0.081     ; 28.616     ;
; -27.696 ; master:master|counter[7]  ; master:master|counter[7]  ; clk          ; clk         ; 1.000        ; -0.081     ; 28.616     ;
; -27.696 ; master:master|counter[7]  ; master:master|counter[8]  ; clk          ; clk         ; 1.000        ; -0.081     ; 28.616     ;
; -27.696 ; master:master|counter[7]  ; master:master|counter[9]  ; clk          ; clk         ; 1.000        ; -0.081     ; 28.616     ;
; -27.696 ; master:master|counter[7]  ; master:master|counter[10] ; clk          ; clk         ; 1.000        ; -0.081     ; 28.616     ;
; -27.696 ; master:master|counter[7]  ; master:master|counter[11] ; clk          ; clk         ; 1.000        ; -0.081     ; 28.616     ;
; -27.696 ; master:master|counter[7]  ; master:master|counter[12] ; clk          ; clk         ; 1.000        ; -0.081     ; 28.616     ;
; -27.660 ; master:master|counter[10] ; master:master|counter[13] ; clk          ; clk         ; 1.000        ; -0.081     ; 28.580     ;
; -27.660 ; master:master|counter[10] ; master:master|counter[7]  ; clk          ; clk         ; 1.000        ; -0.081     ; 28.580     ;
; -27.660 ; master:master|counter[10] ; master:master|counter[8]  ; clk          ; clk         ; 1.000        ; -0.081     ; 28.580     ;
; -27.660 ; master:master|counter[10] ; master:master|counter[9]  ; clk          ; clk         ; 1.000        ; -0.081     ; 28.580     ;
; -27.660 ; master:master|counter[10] ; master:master|counter[10] ; clk          ; clk         ; 1.000        ; -0.081     ; 28.580     ;
; -27.660 ; master:master|counter[10] ; master:master|counter[11] ; clk          ; clk         ; 1.000        ; -0.081     ; 28.580     ;
; -27.660 ; master:master|counter[10] ; master:master|counter[12] ; clk          ; clk         ; 1.000        ; -0.081     ; 28.580     ;
; -27.558 ; master:master|counter[9]  ; master:master|counter[13] ; clk          ; clk         ; 1.000        ; -0.081     ; 28.478     ;
; -27.558 ; master:master|counter[9]  ; master:master|counter[7]  ; clk          ; clk         ; 1.000        ; -0.081     ; 28.478     ;
; -27.558 ; master:master|counter[9]  ; master:master|counter[8]  ; clk          ; clk         ; 1.000        ; -0.081     ; 28.478     ;
; -27.558 ; master:master|counter[9]  ; master:master|counter[9]  ; clk          ; clk         ; 1.000        ; -0.081     ; 28.478     ;
; -27.558 ; master:master|counter[9]  ; master:master|counter[10] ; clk          ; clk         ; 1.000        ; -0.081     ; 28.478     ;
; -27.558 ; master:master|counter[9]  ; master:master|counter[11] ; clk          ; clk         ; 1.000        ; -0.081     ; 28.478     ;
; -27.558 ; master:master|counter[9]  ; master:master|counter[12] ; clk          ; clk         ; 1.000        ; -0.081     ; 28.478     ;
; -27.516 ; master:master|counter[12] ; master:master|counter[13] ; clk          ; clk         ; 1.000        ; -0.081     ; 28.436     ;
; -27.516 ; master:master|counter[12] ; master:master|counter[7]  ; clk          ; clk         ; 1.000        ; -0.081     ; 28.436     ;
; -27.516 ; master:master|counter[12] ; master:master|counter[8]  ; clk          ; clk         ; 1.000        ; -0.081     ; 28.436     ;
; -27.516 ; master:master|counter[12] ; master:master|counter[9]  ; clk          ; clk         ; 1.000        ; -0.081     ; 28.436     ;
; -27.516 ; master:master|counter[12] ; master:master|counter[10] ; clk          ; clk         ; 1.000        ; -0.081     ; 28.436     ;
; -27.516 ; master:master|counter[12] ; master:master|counter[11] ; clk          ; clk         ; 1.000        ; -0.081     ; 28.436     ;
; -27.516 ; master:master|counter[12] ; master:master|counter[12] ; clk          ; clk         ; 1.000        ; -0.081     ; 28.436     ;
; -27.455 ; master:master|counter[8]  ; master:master|counter[0]  ; clk          ; clk         ; 1.000        ; -0.076     ; 28.380     ;
; -27.455 ; master:master|counter[8]  ; master:master|counter[4]  ; clk          ; clk         ; 1.000        ; -0.076     ; 28.380     ;
; -27.455 ; master:master|counter[8]  ; master:master|counter[1]  ; clk          ; clk         ; 1.000        ; -0.076     ; 28.380     ;
; -27.455 ; master:master|counter[8]  ; master:master|counter[2]  ; clk          ; clk         ; 1.000        ; -0.076     ; 28.380     ;
; -27.455 ; master:master|counter[8]  ; master:master|counter[3]  ; clk          ; clk         ; 1.000        ; -0.076     ; 28.380     ;
; -27.455 ; master:master|counter[8]  ; master:master|counter[5]  ; clk          ; clk         ; 1.000        ; -0.076     ; 28.380     ;
; -27.455 ; master:master|counter[8]  ; master:master|counter[6]  ; clk          ; clk         ; 1.000        ; -0.076     ; 28.380     ;
; -27.420 ; master:master|counter[11] ; master:master|counter[13] ; clk          ; clk         ; 1.000        ; -0.081     ; 28.340     ;
; -27.420 ; master:master|counter[11] ; master:master|counter[7]  ; clk          ; clk         ; 1.000        ; -0.081     ; 28.340     ;
; -27.420 ; master:master|counter[11] ; master:master|counter[8]  ; clk          ; clk         ; 1.000        ; -0.081     ; 28.340     ;
; -27.420 ; master:master|counter[11] ; master:master|counter[9]  ; clk          ; clk         ; 1.000        ; -0.081     ; 28.340     ;
; -27.420 ; master:master|counter[11] ; master:master|counter[10] ; clk          ; clk         ; 1.000        ; -0.081     ; 28.340     ;
; -27.420 ; master:master|counter[11] ; master:master|counter[11] ; clk          ; clk         ; 1.000        ; -0.081     ; 28.340     ;
; -27.420 ; master:master|counter[11] ; master:master|counter[12] ; clk          ; clk         ; 1.000        ; -0.081     ; 28.340     ;
; -27.342 ; master:master|counter[7]  ; master:master|counter[0]  ; clk          ; clk         ; 1.000        ; -0.076     ; 28.267     ;
; -27.342 ; master:master|counter[7]  ; master:master|counter[4]  ; clk          ; clk         ; 1.000        ; -0.076     ; 28.267     ;
; -27.342 ; master:master|counter[7]  ; master:master|counter[1]  ; clk          ; clk         ; 1.000        ; -0.076     ; 28.267     ;
; -27.342 ; master:master|counter[7]  ; master:master|counter[2]  ; clk          ; clk         ; 1.000        ; -0.076     ; 28.267     ;
; -27.342 ; master:master|counter[7]  ; master:master|counter[3]  ; clk          ; clk         ; 1.000        ; -0.076     ; 28.267     ;
; -27.342 ; master:master|counter[7]  ; master:master|counter[5]  ; clk          ; clk         ; 1.000        ; -0.076     ; 28.267     ;
; -27.342 ; master:master|counter[7]  ; master:master|counter[6]  ; clk          ; clk         ; 1.000        ; -0.076     ; 28.267     ;
; -27.306 ; master:master|counter[10] ; master:master|counter[0]  ; clk          ; clk         ; 1.000        ; -0.076     ; 28.231     ;
; -27.306 ; master:master|counter[10] ; master:master|counter[4]  ; clk          ; clk         ; 1.000        ; -0.076     ; 28.231     ;
; -27.306 ; master:master|counter[10] ; master:master|counter[1]  ; clk          ; clk         ; 1.000        ; -0.076     ; 28.231     ;
; -27.306 ; master:master|counter[10] ; master:master|counter[2]  ; clk          ; clk         ; 1.000        ; -0.076     ; 28.231     ;
; -27.306 ; master:master|counter[10] ; master:master|counter[3]  ; clk          ; clk         ; 1.000        ; -0.076     ; 28.231     ;
; -27.306 ; master:master|counter[10] ; master:master|counter[5]  ; clk          ; clk         ; 1.000        ; -0.076     ; 28.231     ;
; -27.306 ; master:master|counter[10] ; master:master|counter[6]  ; clk          ; clk         ; 1.000        ; -0.076     ; 28.231     ;
; -27.275 ; master:master|counter[13] ; master:master|counter[13] ; clk          ; clk         ; 1.000        ; -0.081     ; 28.195     ;
; -27.275 ; master:master|counter[13] ; master:master|counter[7]  ; clk          ; clk         ; 1.000        ; -0.081     ; 28.195     ;
; -27.275 ; master:master|counter[13] ; master:master|counter[8]  ; clk          ; clk         ; 1.000        ; -0.081     ; 28.195     ;
; -27.275 ; master:master|counter[13] ; master:master|counter[9]  ; clk          ; clk         ; 1.000        ; -0.081     ; 28.195     ;
; -27.275 ; master:master|counter[13] ; master:master|counter[10] ; clk          ; clk         ; 1.000        ; -0.081     ; 28.195     ;
; -27.275 ; master:master|counter[13] ; master:master|counter[11] ; clk          ; clk         ; 1.000        ; -0.081     ; 28.195     ;
; -27.275 ; master:master|counter[13] ; master:master|counter[12] ; clk          ; clk         ; 1.000        ; -0.081     ; 28.195     ;
; -27.204 ; master:master|counter[9]  ; master:master|counter[0]  ; clk          ; clk         ; 1.000        ; -0.076     ; 28.129     ;
; -27.204 ; master:master|counter[9]  ; master:master|counter[4]  ; clk          ; clk         ; 1.000        ; -0.076     ; 28.129     ;
; -27.204 ; master:master|counter[9]  ; master:master|counter[1]  ; clk          ; clk         ; 1.000        ; -0.076     ; 28.129     ;
; -27.204 ; master:master|counter[9]  ; master:master|counter[2]  ; clk          ; clk         ; 1.000        ; -0.076     ; 28.129     ;
; -27.204 ; master:master|counter[9]  ; master:master|counter[3]  ; clk          ; clk         ; 1.000        ; -0.076     ; 28.129     ;
; -27.204 ; master:master|counter[9]  ; master:master|counter[5]  ; clk          ; clk         ; 1.000        ; -0.076     ; 28.129     ;
; -27.204 ; master:master|counter[9]  ; master:master|counter[6]  ; clk          ; clk         ; 1.000        ; -0.076     ; 28.129     ;
; -27.162 ; master:master|counter[12] ; master:master|counter[0]  ; clk          ; clk         ; 1.000        ; -0.076     ; 28.087     ;
; -27.162 ; master:master|counter[12] ; master:master|counter[4]  ; clk          ; clk         ; 1.000        ; -0.076     ; 28.087     ;
; -27.162 ; master:master|counter[12] ; master:master|counter[1]  ; clk          ; clk         ; 1.000        ; -0.076     ; 28.087     ;
; -27.162 ; master:master|counter[12] ; master:master|counter[2]  ; clk          ; clk         ; 1.000        ; -0.076     ; 28.087     ;
; -27.162 ; master:master|counter[12] ; master:master|counter[3]  ; clk          ; clk         ; 1.000        ; -0.076     ; 28.087     ;
; -27.162 ; master:master|counter[12] ; master:master|counter[5]  ; clk          ; clk         ; 1.000        ; -0.076     ; 28.087     ;
; -27.162 ; master:master|counter[12] ; master:master|counter[6]  ; clk          ; clk         ; 1.000        ; -0.076     ; 28.087     ;
; -27.066 ; master:master|counter[11] ; master:master|counter[0]  ; clk          ; clk         ; 1.000        ; -0.076     ; 27.991     ;
; -27.066 ; master:master|counter[11] ; master:master|counter[4]  ; clk          ; clk         ; 1.000        ; -0.076     ; 27.991     ;
; -27.066 ; master:master|counter[11] ; master:master|counter[1]  ; clk          ; clk         ; 1.000        ; -0.076     ; 27.991     ;
; -27.066 ; master:master|counter[11] ; master:master|counter[2]  ; clk          ; clk         ; 1.000        ; -0.076     ; 27.991     ;
; -27.066 ; master:master|counter[11] ; master:master|counter[3]  ; clk          ; clk         ; 1.000        ; -0.076     ; 27.991     ;
; -27.066 ; master:master|counter[11] ; master:master|counter[5]  ; clk          ; clk         ; 1.000        ; -0.076     ; 27.991     ;
; -27.066 ; master:master|counter[11] ; master:master|counter[6]  ; clk          ; clk         ; 1.000        ; -0.076     ; 27.991     ;
; -26.921 ; master:master|counter[13] ; master:master|counter[0]  ; clk          ; clk         ; 1.000        ; -0.076     ; 27.846     ;
; -26.921 ; master:master|counter[13] ; master:master|counter[4]  ; clk          ; clk         ; 1.000        ; -0.076     ; 27.846     ;
+---------+---------------------------+---------------------------+--------------+-------------+--------------+------------+------------+


+-------------------------------------------------------------------------------------------------------------------------------------------+
; Slow 1200mV 85C Model Setup: 'master:master|scl'                                                                                          ;
+--------+------------------------+------------------------+-------------------+-------------------+--------------+------------+------------+
; Slack  ; From Node              ; To Node                ; Launch Clock      ; Latch Clock       ; Relationship ; Clock Skew ; Data Delay ;
+--------+------------------------+------------------------+-------------------+-------------------+--------------+------------+------------+
; -2.801 ; listen:listen|count[6] ; listen:listen|data[8]  ; master:master|scl ; master:master|scl ; 1.000        ; -0.079     ; 3.723      ;
; -2.769 ; listen:listen|count[6] ; listen:listen|data[9]  ; master:master|scl ; master:master|scl ; 1.000        ; -0.079     ; 3.691      ;
; -2.697 ; listen:listen|count[0] ; listen:listen|data[9]  ; master:master|scl ; master:master|scl ; 1.000        ; -0.079     ; 3.619      ;
; -2.691 ; listen:listen|count[3] ; listen:listen|data[8]  ; master:master|scl ; master:master|scl ; 1.000        ; -0.079     ; 3.613      ;
; -2.679 ; listen:listen|count[3] ; listen:listen|data[7]  ; master:master|scl ; master:master|scl ; 1.000        ; -0.079     ; 3.601      ;
; -2.669 ; listen:listen|count[6] ; listen:listen|data[7]  ; master:master|scl ; master:master|scl ; 1.000        ; -0.079     ; 3.591      ;
; -2.659 ; listen:listen|count[3] ; listen:listen|data[9]  ; master:master|scl ; master:master|scl ; 1.000        ; -0.079     ; 3.581      ;
; -2.646 ; listen:listen|count[3] ; listen:listen|data[3]  ; master:master|scl ; master:master|scl ; 1.000        ; -0.079     ; 3.568      ;
; -2.636 ; listen:listen|count[6] ; listen:listen|data[3]  ; master:master|scl ; master:master|scl ; 1.000        ; -0.079     ; 3.558      ;
; -2.630 ; listen:listen|count[1] ; listen:listen|data[9]  ; master:master|scl ; master:master|scl ; 1.000        ; -0.079     ; 3.552      ;
; -2.620 ; listen:listen|count[5] ; listen:listen|data[8]  ; master:master|scl ; master:master|scl ; 1.000        ; -0.079     ; 3.542      ;
; -2.607 ; master:master|sda_en   ; listen:listen|data[8]  ; clk               ; master:master|scl ; 1.000        ; 0.518      ; 4.116      ;
; -2.588 ; listen:listen|count[5] ; listen:listen|data[9]  ; master:master|scl ; master:master|scl ; 1.000        ; -0.079     ; 3.510      ;
; -2.575 ; master:master|sda_en   ; listen:listen|data[9]  ; clk               ; master:master|scl ; 1.000        ; 0.518      ; 4.084      ;
; -2.529 ; listen:listen|count[6] ; listen:listen|data[15] ; master:master|scl ; master:master|scl ; 1.000        ; -0.082     ; 3.448      ;
; -2.529 ; listen:listen|count[5] ; listen:listen|data[7]  ; master:master|scl ; master:master|scl ; 1.000        ; -0.079     ; 3.451      ;
; -2.526 ; listen:listen|count[6] ; listen:listen|data[10] ; master:master|scl ; master:master|scl ; 1.000        ; -0.082     ; 3.445      ;
; -2.524 ; listen:listen|count[6] ; listen:listen|data[14] ; master:master|scl ; master:master|scl ; 1.000        ; -0.082     ; 3.443      ;
; -2.516 ; master:master|sda_en   ; listen:listen|data[7]  ; clk               ; master:master|scl ; 1.000        ; 0.518      ; 4.025      ;
; -2.496 ; listen:listen|count[5] ; listen:listen|data[3]  ; master:master|scl ; master:master|scl ; 1.000        ; -0.079     ; 3.418      ;
; -2.483 ; master:master|sda_en   ; listen:listen|data[3]  ; clk               ; master:master|scl ; 1.000        ; 0.518      ; 3.992      ;
; -2.480 ; listen:listen|count[1] ; listen:listen|data[3]  ; master:master|scl ; master:master|scl ; 1.000        ; -0.079     ; 3.402      ;
; -2.459 ; listen:listen|count[0] ; listen:listen|data[3]  ; master:master|scl ; master:master|scl ; 1.000        ; -0.079     ; 3.381      ;
; -2.419 ; listen:listen|count[3] ; listen:listen|data[15] ; master:master|scl ; master:master|scl ; 1.000        ; -0.082     ; 3.338      ;
; -2.416 ; listen:listen|count[3] ; listen:listen|data[10] ; master:master|scl ; master:master|scl ; 1.000        ; -0.082     ; 3.335      ;
; -2.414 ; listen:listen|count[3] ; listen:listen|data[14] ; master:master|scl ; master:master|scl ; 1.000        ; -0.082     ; 3.333      ;
; -2.397 ; listen:listen|count[2] ; listen:listen|data[3]  ; master:master|scl ; master:master|scl ; 1.000        ; -0.079     ; 3.319      ;
; -2.370 ; listen:listen|count[4] ; listen:listen|data[9]  ; master:master|scl ; master:master|scl ; 1.000        ; -0.079     ; 3.292      ;
; -2.362 ; listen:listen|count[6] ; listen:listen|data[11] ; master:master|scl ; master:master|scl ; 1.000        ; -0.081     ; 3.282      ;
; -2.349 ; listen:listen|count[6] ; listen:listen|data[24] ; master:master|scl ; master:master|scl ; 1.000        ; -0.081     ; 3.269      ;
; -2.348 ; listen:listen|count[5] ; listen:listen|data[15] ; master:master|scl ; master:master|scl ; 1.000        ; -0.082     ; 3.267      ;
; -2.345 ; listen:listen|count[5] ; listen:listen|data[10] ; master:master|scl ; master:master|scl ; 1.000        ; -0.082     ; 3.264      ;
; -2.343 ; listen:listen|count[5] ; listen:listen|data[14] ; master:master|scl ; master:master|scl ; 1.000        ; -0.082     ; 3.262      ;
; -2.340 ; listen:listen|count[2] ; listen:listen|data[9]  ; master:master|scl ; master:master|scl ; 1.000        ; -0.079     ; 3.262      ;
; -2.339 ; listen:listen|count[2] ; listen:listen|data[8]  ; master:master|scl ; master:master|scl ; 1.000        ; -0.079     ; 3.261      ;
; -2.335 ; master:master|sda_en   ; listen:listen|data[15] ; clk               ; master:master|scl ; 1.000        ; 0.515      ; 3.841      ;
; -2.332 ; master:master|sda_en   ; listen:listen|data[10] ; clk               ; master:master|scl ; 1.000        ; 0.515      ; 3.838      ;
; -2.330 ; master:master|sda_en   ; listen:listen|data[14] ; clk               ; master:master|scl ; 1.000        ; 0.515      ; 3.836      ;
; -2.311 ; listen:listen|count[6] ; listen:listen|data[12] ; master:master|scl ; master:master|scl ; 1.000        ; -0.079     ; 3.233      ;
; -2.301 ; listen:listen|count[3] ; listen:listen|data[23] ; master:master|scl ; master:master|scl ; 1.000        ; -0.082     ; 3.220      ;
; -2.298 ; listen:listen|count[6] ; listen:listen|data[26] ; master:master|scl ; master:master|scl ; 1.000        ; -0.079     ; 3.220      ;
; -2.298 ; listen:listen|count[3] ; listen:listen|data[18] ; master:master|scl ; master:master|scl ; 1.000        ; -0.082     ; 3.217      ;
; -2.291 ; listen:listen|count[6] ; listen:listen|data[23] ; master:master|scl ; master:master|scl ; 1.000        ; -0.082     ; 3.210      ;
; -2.289 ; listen:listen|count[4] ; listen:listen|data[7]  ; master:master|scl ; master:master|scl ; 1.000        ; -0.079     ; 3.211      ;
; -2.288 ; listen:listen|count[6] ; listen:listen|data[18] ; master:master|scl ; master:master|scl ; 1.000        ; -0.082     ; 3.207      ;
; -2.287 ; listen:listen|count[1] ; listen:listen|data[8]  ; master:master|scl ; master:master|scl ; 1.000        ; -0.079     ; 3.209      ;
; -2.267 ; listen:listen|count[1] ; listen:listen|data[7]  ; master:master|scl ; master:master|scl ; 1.000        ; -0.079     ; 3.189      ;
; -2.255 ; listen:listen|count[3] ; listen:listen|data[11] ; master:master|scl ; master:master|scl ; 1.000        ; -0.081     ; 3.175      ;
; -2.239 ; listen:listen|count[3] ; listen:listen|data[24] ; master:master|scl ; master:master|scl ; 1.000        ; -0.081     ; 3.159      ;
; -2.229 ; listen:listen|count[3] ; listen:listen|data[20] ; master:master|scl ; master:master|scl ; 1.000        ; -0.079     ; 3.151      ;
; -2.219 ; listen:listen|count[6] ; listen:listen|data[20] ; master:master|scl ; master:master|scl ; 1.000        ; -0.079     ; 3.141      ;
; -2.201 ; listen:listen|count[3] ; listen:listen|data[12] ; master:master|scl ; master:master|scl ; 1.000        ; -0.079     ; 3.123      ;
; -2.188 ; listen:listen|count[3] ; listen:listen|data[26] ; master:master|scl ; master:master|scl ; 1.000        ; -0.079     ; 3.110      ;
; -2.187 ; listen:listen|count[0] ; listen:listen|data[8]  ; master:master|scl ; master:master|scl ; 1.000        ; -0.079     ; 3.109      ;
; -2.181 ; listen:listen|count[5] ; listen:listen|data[11] ; master:master|scl ; master:master|scl ; 1.000        ; -0.081     ; 3.101      ;
; -2.180 ; listen:listen|count[6] ; listen:listen|data[25] ; master:master|scl ; master:master|scl ; 1.000        ; -0.082     ; 3.099      ;
; -2.168 ; master:master|sda_en   ; listen:listen|data[11] ; clk               ; master:master|scl ; 1.000        ; 0.516      ; 3.675      ;
; -2.168 ; listen:listen|count[5] ; listen:listen|data[24] ; master:master|scl ; master:master|scl ; 1.000        ; -0.081     ; 3.088      ;
; -2.157 ; listen:listen|count[3] ; listen:listen|data[17] ; master:master|scl ; master:master|scl ; 1.000        ; -0.082     ; 3.076      ;
; -2.156 ; listen:listen|count[1] ; listen:listen|data[19] ; master:master|scl ; master:master|scl ; 1.000        ; -0.081     ; 3.076      ;
; -2.155 ; master:master|sda_en   ; listen:listen|data[24] ; clk               ; master:master|scl ; 1.000        ; 0.516      ; 3.662      ;
; -2.151 ; listen:listen|count[5] ; listen:listen|data[23] ; master:master|scl ; master:master|scl ; 1.000        ; -0.082     ; 3.070      ;
; -2.150 ; listen:listen|count[6] ; listen:listen|data[13] ; master:master|scl ; master:master|scl ; 1.000        ; -0.082     ; 3.069      ;
; -2.148 ; listen:listen|count[5] ; listen:listen|data[18] ; master:master|scl ; master:master|scl ; 1.000        ; -0.082     ; 3.067      ;
; -2.147 ; listen:listen|count[6] ; listen:listen|data[17] ; master:master|scl ; master:master|scl ; 1.000        ; -0.082     ; 3.066      ;
; -2.143 ; listen:listen|count[3] ; listen:listen|data[22] ; master:master|scl ; master:master|scl ; 1.000        ; -0.082     ; 3.062      ;
; -2.142 ; listen:listen|count[2] ; listen:listen|data[18] ; master:master|scl ; master:master|scl ; 1.000        ; -0.082     ; 3.061      ;
; -2.138 ; master:master|sda_en   ; listen:listen|data[23] ; clk               ; master:master|scl ; 1.000        ; 0.515      ; 3.644      ;
; -2.135 ; master:master|sda_en   ; listen:listen|data[18] ; clk               ; master:master|scl ; 1.000        ; 0.515      ; 3.641      ;
; -2.133 ; listen:listen|count[6] ; listen:listen|data[22] ; master:master|scl ; master:master|scl ; 1.000        ; -0.082     ; 3.052      ;
; -2.130 ; listen:listen|count[5] ; listen:listen|data[12] ; master:master|scl ; master:master|scl ; 1.000        ; -0.079     ; 3.052      ;
; -2.126 ; listen:listen|data[7]  ; listen:listen|data[7]  ; master:master|scl ; master:master|scl ; 1.000        ; -0.081     ; 3.046      ;
; -2.124 ; listen:listen|count[0] ; listen:listen|data[19] ; master:master|scl ; master:master|scl ; 1.000        ; -0.081     ; 3.044      ;
; -2.117 ; master:master|sda_en   ; listen:listen|data[12] ; clk               ; master:master|scl ; 1.000        ; 0.518      ; 3.626      ;
; -2.117 ; listen:listen|count[5] ; listen:listen|data[26] ; master:master|scl ; master:master|scl ; 1.000        ; -0.079     ; 3.039      ;
; -2.108 ; listen:listen|count[3] ; listen:listen|data[25] ; master:master|scl ; master:master|scl ; 1.000        ; -0.082     ; 3.027      ;
; -2.106 ; listen:listen|count[3] ; listen:listen|data[19] ; master:master|scl ; master:master|scl ; 1.000        ; -0.081     ; 3.026      ;
; -2.104 ; master:master|sda_en   ; listen:listen|data[26] ; clk               ; master:master|scl ; 1.000        ; 0.518      ; 3.613      ;
; -2.102 ; listen:listen|count[3] ; listen:listen|data[21] ; master:master|scl ; master:master|scl ; 1.000        ; -0.081     ; 3.022      ;
; -2.100 ; listen:listen|count[3] ; listen:listen|data[4]  ; master:master|scl ; master:master|scl ; 1.000        ; -0.079     ; 3.022      ;
; -2.096 ; listen:listen|count[6] ; listen:listen|data[19] ; master:master|scl ; master:master|scl ; 1.000        ; -0.081     ; 3.016      ;
; -2.092 ; listen:listen|count[4] ; listen:listen|data[8]  ; master:master|scl ; master:master|scl ; 1.000        ; -0.079     ; 3.014      ;
; -2.092 ; listen:listen|count[6] ; listen:listen|data[21] ; master:master|scl ; master:master|scl ; 1.000        ; -0.081     ; 3.012      ;
; -2.090 ; listen:listen|count[6] ; listen:listen|data[4]  ; master:master|scl ; master:master|scl ; 1.000        ; -0.079     ; 3.012      ;
; -2.089 ; listen:listen|count[0] ; listen:listen|data[21] ; master:master|scl ; master:master|scl ; 1.000        ; -0.081     ; 3.009      ;
; -2.079 ; listen:listen|count[5] ; listen:listen|data[20] ; master:master|scl ; master:master|scl ; 1.000        ; -0.079     ; 3.001      ;
; -2.077 ; listen:listen|count[4] ; listen:listen|data[3]  ; master:master|scl ; master:master|scl ; 1.000        ; -0.079     ; 2.999      ;
; -2.070 ; listen:listen|count[3] ; listen:listen|data[16] ; master:master|scl ; master:master|scl ; 1.000        ; -0.079     ; 2.992      ;
; -2.066 ; master:master|sda_en   ; listen:listen|data[20] ; clk               ; master:master|scl ; 1.000        ; 0.518      ; 3.575      ;
; -2.060 ; listen:listen|count[6] ; listen:listen|data[16] ; master:master|scl ; master:master|scl ; 1.000        ; -0.079     ; 2.982      ;
; -2.054 ; listen:listen|count[3] ; listen:listen|data[5]  ; master:master|scl ; master:master|scl ; 1.000        ; 0.360      ; 3.415      ;
; -2.044 ; listen:listen|count[6] ; listen:listen|data[5]  ; master:master|scl ; master:master|scl ; 1.000        ; 0.360      ; 3.405      ;
; -2.040 ; listen:listen|count[3] ; listen:listen|data[13] ; master:master|scl ; master:master|scl ; 1.000        ; -0.082     ; 2.959      ;
; -2.034 ; listen:listen|count[1] ; listen:listen|data[21] ; master:master|scl ; master:master|scl ; 1.000        ; -0.081     ; 2.954      ;
; -2.028 ; listen:listen|count[2] ; listen:listen|data[7]  ; master:master|scl ; master:master|scl ; 1.000        ; -0.079     ; 2.950      ;
; -2.016 ; listen:listen|count[2] ; listen:listen|count[2] ; master:master|scl ; master:master|scl ; 1.000        ; -0.081     ; 2.936      ;
; -2.016 ; listen:listen|count[2] ; listen:listen|count[1] ; master:master|scl ; master:master|scl ; 1.000        ; -0.081     ; 2.936      ;
; -2.016 ; listen:listen|count[2] ; listen:listen|count[0] ; master:master|scl ; master:master|scl ; 1.000        ; -0.081     ; 2.936      ;
; -2.016 ; listen:listen|count[2] ; listen:listen|count[3] ; master:master|scl ; master:master|scl ; 1.000        ; -0.081     ; 2.936      ;
; -2.016 ; listen:listen|count[2] ; listen:listen|count[6] ; master:master|scl ; master:master|scl ; 1.000        ; -0.081     ; 2.936      ;
+--------+------------------------+------------------------+-------------------+-------------------+--------------+------------+------------+


+-------------------------------------------------------------------------------------------------------------------------------------------------------------------------------------------------------------------------------+
; Slow 1200mV 85C Model Setup: 'lcddin_mod:lcd_display|clk_16ms'                                                                                                                                                                ;
+--------+----------------------------------------------------+----------------------------------------------------+---------------------------------+---------------------------------+--------------+------------+------------+
; Slack  ; From Node                                          ; To Node                                            ; Launch Clock                    ; Latch Clock                     ; Relationship ; Clock Skew ; Data Delay ;
+--------+----------------------------------------------------+----------------------------------------------------+---------------------------------+---------------------------------+--------------+------------+------------+
; -2.800 ; lcddin_mod:lcd_display|data_counter[0]             ; lcddin_mod:lcd_display|data[2]                     ; lcddin_mod:lcd_display|clk_16ms ; lcddin_mod:lcd_display|clk_16ms ; 1.000        ; -0.081     ; 3.720      ;
; -2.756 ; lcddin_mod:lcd_display|data_counter[2]             ; lcddin_mod:lcd_display|data[2]                     ; lcddin_mod:lcd_display|clk_16ms ; lcddin_mod:lcd_display|clk_16ms ; 1.000        ; -0.081     ; 3.676      ;
; -2.576 ; lcddin_mod:lcd_display|data_counter[0]             ; lcddin_mod:lcd_display|data[1]                     ; lcddin_mod:lcd_display|clk_16ms ; lcddin_mod:lcd_display|clk_16ms ; 1.000        ; -0.081     ; 3.496      ;
; -2.539 ; lcddin_mod:lcd_display|data_counter[1]             ; lcddin_mod:lcd_display|data[0]                     ; lcddin_mod:lcd_display|clk_16ms ; lcddin_mod:lcd_display|clk_16ms ; 1.000        ; -0.081     ; 3.459      ;
; -2.466 ; lcddin_mod:lcd_display|data_counter[2]             ; lcddin_mod:lcd_display|data[1]                     ; lcddin_mod:lcd_display|clk_16ms ; lcddin_mod:lcd_display|clk_16ms ; 1.000        ; -0.081     ; 3.386      ;
; -2.445 ; lcddin_mod:lcd_display|data_counter[1]             ; lcddin_mod:lcd_display|data[2]                     ; lcddin_mod:lcd_display|clk_16ms ; lcddin_mod:lcd_display|clk_16ms ; 1.000        ; -0.081     ; 3.365      ;
; -2.374 ; lcddin_mod:lcd_display|data_counter[2]             ; lcddin_mod:lcd_display|data[0]                     ; lcddin_mod:lcd_display|clk_16ms ; lcddin_mod:lcd_display|clk_16ms ; 1.000        ; -0.081     ; 3.294      ;
; -2.372 ; lcddin_mod:lcd_display|data_counter[0]             ; lcddin_mod:lcd_display|data[0]                     ; lcddin_mod:lcd_display|clk_16ms ; lcddin_mod:lcd_display|clk_16ms ; 1.000        ; -0.081     ; 3.292      ;
; -2.168 ; lcddin_mod:lcd_display|data_counter[1]             ; lcddin_mod:lcd_display|data[1]                     ; lcddin_mod:lcd_display|clk_16ms ; lcddin_mod:lcd_display|clk_16ms ; 1.000        ; -0.081     ; 3.088      ;
; -2.072 ; lcddin_mod:lcd_display|data_counter[0]             ; lcddin_mod:lcd_display|data[3]                     ; lcddin_mod:lcd_display|clk_16ms ; lcddin_mod:lcd_display|clk_16ms ; 1.000        ; -0.081     ; 2.992      ;
; -2.037 ; lcddin_mod:lcd_display|data_counter[1]             ; lcddin_mod:lcd_display|data[3]                     ; lcddin_mod:lcd_display|clk_16ms ; lcddin_mod:lcd_display|clk_16ms ; 1.000        ; -0.081     ; 2.957      ;
; -1.997 ; lcddin_mod:lcd_display|data_counter[2]             ; lcddin_mod:lcd_display|fsm_state.WR_STATIC_TEXT_1L ; lcddin_mod:lcd_display|clk_16ms ; lcddin_mod:lcd_display|clk_16ms ; 1.000        ; -0.082     ; 2.916      ;
; -1.965 ; lcddin_mod:lcd_display|command_counter[0]          ; lcddin_mod:lcd_display|data[5]                     ; lcddin_mod:lcd_display|clk_16ms ; lcddin_mod:lcd_display|clk_16ms ; 1.000        ; -0.083     ; 2.883      ;
; -1.943 ; lcddin_mod:lcd_display|fsm_state.IDLE              ; lcddin_mod:lcd_display|data[1]                     ; lcddin_mod:lcd_display|clk_16ms ; lcddin_mod:lcd_display|clk_16ms ; 1.000        ; -0.081     ; 2.863      ;
; -1.925 ; lcddin_mod:lcd_display|command_counter[1]          ; lcddin_mod:lcd_display|data[5]                     ; lcddin_mod:lcd_display|clk_16ms ; lcddin_mod:lcd_display|clk_16ms ; 1.000        ; -0.083     ; 2.843      ;
; -1.889 ; lcddin_mod:lcd_display|data_counter[3]             ; lcddin_mod:lcd_display|data[3]                     ; lcddin_mod:lcd_display|clk_16ms ; lcddin_mod:lcd_display|clk_16ms ; 1.000        ; -0.081     ; 2.809      ;
; -1.840 ; lcddin_mod:lcd_display|data_counter[2]             ; lcddin_mod:lcd_display|data[5]                     ; lcddin_mod:lcd_display|clk_16ms ; lcddin_mod:lcd_display|clk_16ms ; 1.000        ; -0.082     ; 2.759      ;
; -1.829 ; lcddin_mod:lcd_display|data_counter[0]             ; lcddin_mod:lcd_display|fsm_state.WR_STATIC_TEXT_1L ; lcddin_mod:lcd_display|clk_16ms ; lcddin_mod:lcd_display|clk_16ms ; 1.000        ; -0.082     ; 2.748      ;
; -1.802 ; lcddin_mod:lcd_display|data_counter[4]             ; lcddin_mod:lcd_display|data[2]                     ; lcddin_mod:lcd_display|clk_16ms ; lcddin_mod:lcd_display|clk_16ms ; 1.000        ; -0.081     ; 2.722      ;
; -1.799 ; lcddin_mod:lcd_display|data_counter[4]             ; lcddin_mod:lcd_display|data[3]                     ; lcddin_mod:lcd_display|clk_16ms ; lcddin_mod:lcd_display|clk_16ms ; 1.000        ; -0.081     ; 2.719      ;
; -1.774 ; lcddin_mod:lcd_display|fsm_state.IDLE              ; lcddin_mod:lcd_display|data[0]                     ; lcddin_mod:lcd_display|clk_16ms ; lcddin_mod:lcd_display|clk_16ms ; 1.000        ; -0.081     ; 2.694      ;
; -1.745 ; lcddin_mod:lcd_display|fsm_state.CONFIG_CMD1       ; lcddin_mod:lcd_display|data[1]                     ; lcddin_mod:lcd_display|clk_16ms ; lcddin_mod:lcd_display|clk_16ms ; 1.000        ; -0.082     ; 2.664      ;
; -1.709 ; lcddin_mod:lcd_display|data_counter[4]             ; lcddin_mod:lcd_display|data[1]                     ; lcddin_mod:lcd_display|clk_16ms ; lcddin_mod:lcd_display|clk_16ms ; 1.000        ; -0.081     ; 2.629      ;
; -1.708 ; lcddin_mod:lcd_display|data_counter[4]             ; lcddin_mod:lcd_display|data[0]                     ; lcddin_mod:lcd_display|clk_16ms ; lcddin_mod:lcd_display|clk_16ms ; 1.000        ; -0.081     ; 2.628      ;
; -1.672 ; lcddin_mod:lcd_display|data_counter[0]             ; lcddin_mod:lcd_display|data[5]                     ; lcddin_mod:lcd_display|clk_16ms ; lcddin_mod:lcd_display|clk_16ms ; 1.000        ; -0.082     ; 2.591      ;
; -1.658 ; lcddin_mod:lcd_display|data_counter[2]             ; lcddin_mod:lcd_display|fsm_state.WR_STATIC_TEXT_2L ; lcddin_mod:lcd_display|clk_16ms ; lcddin_mod:lcd_display|clk_16ms ; 1.000        ; -0.082     ; 2.577      ;
; -1.653 ; lcddin_mod:lcd_display|fsm_state.CONFIG_CMD1       ; lcddin_mod:lcd_display|data[5]                     ; lcddin_mod:lcd_display|clk_16ms ; lcddin_mod:lcd_display|clk_16ms ; 1.000        ; -0.083     ; 2.571      ;
; -1.648 ; lcddin_mod:lcd_display|data_counter[2]             ; lcddin_mod:lcd_display|data[3]                     ; lcddin_mod:lcd_display|clk_16ms ; lcddin_mod:lcd_display|clk_16ms ; 1.000        ; -0.081     ; 2.568      ;
; -1.647 ; lcddin_mod:lcd_display|text[10][0]                 ; lcddin_mod:lcd_display|data[0]                     ; clk                             ; lcddin_mod:lcd_display|clk_16ms ; 1.000        ; 0.098      ; 2.736      ;
; -1.638 ; lcddin_mod:lcd_display|text[9][0]                  ; lcddin_mod:lcd_display|data[0]                     ; clk                             ; lcddin_mod:lcd_display|clk_16ms ; 1.000        ; 0.098      ; 2.727      ;
; -1.635 ; lcddin_mod:lcd_display|text[13][2]                 ; lcddin_mod:lcd_display|data[2]                     ; clk                             ; lcddin_mod:lcd_display|clk_16ms ; 1.000        ; 0.114      ; 2.740      ;
; -1.632 ; lcddin_mod:lcd_display|data_counter[1]             ; lcddin_mod:lcd_display|fsm_state.WR_STATIC_TEXT_1L ; lcddin_mod:lcd_display|clk_16ms ; lcddin_mod:lcd_display|clk_16ms ; 1.000        ; -0.082     ; 2.551      ;
; -1.605 ; lcddin_mod:lcd_display|fsm_state.CONFIG_CMD2       ; lcddin_mod:lcd_display|data[1]                     ; lcddin_mod:lcd_display|clk_16ms ; lcddin_mod:lcd_display|clk_16ms ; 1.000        ; -0.081     ; 2.525      ;
; -1.596 ; lcddin_mod:lcd_display|text[9][2]                  ; lcddin_mod:lcd_display|data[2]                     ; clk                             ; lcddin_mod:lcd_display|clk_16ms ; 1.000        ; 0.114      ; 2.701      ;
; -1.592 ; lcddin_mod:lcd_display|fsm_state.CONFIG_CMD1       ; lcddin_mod:lcd_display|data[0]                     ; lcddin_mod:lcd_display|clk_16ms ; lcddin_mod:lcd_display|clk_16ms ; 1.000        ; -0.082     ; 2.511      ;
; -1.589 ; lcddin_mod:lcd_display|data_counter[2]             ; lcddin_mod:lcd_display|fsm_state.CONFIG_CMD2       ; lcddin_mod:lcd_display|clk_16ms ; lcddin_mod:lcd_display|clk_16ms ; 1.000        ; -0.082     ; 2.508      ;
; -1.587 ; lcddin_mod:lcd_display|command_counter[0]          ; lcddin_mod:lcd_display|data[4]                     ; lcddin_mod:lcd_display|clk_16ms ; lcddin_mod:lcd_display|clk_16ms ; 1.000        ; -0.083     ; 2.505      ;
; -1.567 ; lcddin_mod:lcd_display|data_counter[3]             ; lcddin_mod:lcd_display|data[2]                     ; lcddin_mod:lcd_display|clk_16ms ; lcddin_mod:lcd_display|clk_16ms ; 1.000        ; -0.081     ; 2.487      ;
; -1.564 ; lcddin_mod:lcd_display|command_counter[0]          ; lcddin_mod:lcd_display|fsm_state.WR_STATIC_TEXT_1L ; lcddin_mod:lcd_display|clk_16ms ; lcddin_mod:lcd_display|clk_16ms ; 1.000        ; -0.083     ; 2.482      ;
; -1.547 ; lcddin_mod:lcd_display|command_counter[1]          ; lcddin_mod:lcd_display|data[4]                     ; lcddin_mod:lcd_display|clk_16ms ; lcddin_mod:lcd_display|clk_16ms ; 1.000        ; -0.083     ; 2.465      ;
; -1.531 ; lcddin_mod:lcd_display|text[6][2]                  ; lcddin_mod:lcd_display|data[2]                     ; clk                             ; lcddin_mod:lcd_display|clk_16ms ; 1.000        ; 0.098      ; 2.620      ;
; -1.527 ; lcddin_mod:lcd_display|text[6][1]                  ; lcddin_mod:lcd_display|data[1]                     ; clk                             ; lcddin_mod:lcd_display|clk_16ms ; 1.000        ; 0.098      ; 2.616      ;
; -1.524 ; lcddin_mod:lcd_display|command_counter[1]          ; lcddin_mod:lcd_display|fsm_state.WR_STATIC_TEXT_1L ; lcddin_mod:lcd_display|clk_16ms ; lcddin_mod:lcd_display|clk_16ms ; 1.000        ; -0.083     ; 2.442      ;
; -1.522 ; lcddin_mod:lcd_display|text[7][2]                  ; lcddin_mod:lcd_display|data[2]                     ; clk                             ; lcddin_mod:lcd_display|clk_16ms ; 1.000        ; 0.098      ; 2.611      ;
; -1.518 ; lcddin_mod:lcd_display|data_counter[3]             ; lcddin_mod:lcd_display|fsm_state.WR_STATIC_TEXT_1L ; lcddin_mod:lcd_display|clk_16ms ; lcddin_mod:lcd_display|clk_16ms ; 1.000        ; -0.082     ; 2.437      ;
; -1.490 ; lcddin_mod:lcd_display|data_counter[0]             ; lcddin_mod:lcd_display|fsm_state.WR_STATIC_TEXT_2L ; lcddin_mod:lcd_display|clk_16ms ; lcddin_mod:lcd_display|clk_16ms ; 1.000        ; -0.082     ; 2.409      ;
; -1.475 ; lcddin_mod:lcd_display|data_counter[1]             ; lcddin_mod:lcd_display|data[5]                     ; lcddin_mod:lcd_display|clk_16ms ; lcddin_mod:lcd_display|clk_16ms ; 1.000        ; -0.082     ; 2.394      ;
; -1.471 ; lcddin_mod:lcd_display|fsm_state.CONFIG_CMD2       ; lcddin_mod:lcd_display|data[0]                     ; lcddin_mod:lcd_display|clk_16ms ; lcddin_mod:lcd_display|clk_16ms ; 1.000        ; -0.081     ; 2.391      ;
; -1.441 ; lcddin_mod:lcd_display|text[9][3]                  ; lcddin_mod:lcd_display|data[3]                     ; clk                             ; lcddin_mod:lcd_display|clk_16ms ; 1.000        ; 0.098      ; 2.530      ;
; -1.427 ; lcddin_mod:lcd_display|text[12][2]                 ; lcddin_mod:lcd_display|data[2]                     ; clk                             ; lcddin_mod:lcd_display|clk_16ms ; 1.000        ; 0.114      ; 2.532      ;
; -1.421 ; lcddin_mod:lcd_display|data_counter[0]             ; lcddin_mod:lcd_display|fsm_state.CONFIG_CMD2       ; lcddin_mod:lcd_display|clk_16ms ; lcddin_mod:lcd_display|clk_16ms ; 1.000        ; -0.082     ; 2.340      ;
; -1.417 ; lcddin_mod:lcd_display|command_counter[0]          ; lcddin_mod:lcd_display|data[2]                     ; lcddin_mod:lcd_display|clk_16ms ; lcddin_mod:lcd_display|clk_16ms ; 1.000        ; -0.082     ; 2.336      ;
; -1.395 ; lcddin_mod:lcd_display|text[9][1]                  ; lcddin_mod:lcd_display|data[1]                     ; clk                             ; lcddin_mod:lcd_display|clk_16ms ; 1.000        ; 0.098      ; 2.484      ;
; -1.392 ; lcddin_mod:lcd_display|data_counter[4]             ; lcddin_mod:lcd_display|data[6]                     ; lcddin_mod:lcd_display|clk_16ms ; lcddin_mod:lcd_display|clk_16ms ; 1.000        ; -0.082     ; 2.311      ;
; -1.383 ; lcddin_mod:lcd_display|fsm_state.CONFIG_CMD2       ; lcddin_mod:lcd_display|data_counter[4]             ; lcddin_mod:lcd_display|clk_16ms ; lcddin_mod:lcd_display|clk_16ms ; 1.000        ; -0.081     ; 2.303      ;
; -1.383 ; lcddin_mod:lcd_display|fsm_state.CONFIG_CMD2       ; lcddin_mod:lcd_display|data_counter[3]             ; lcddin_mod:lcd_display|clk_16ms ; lcddin_mod:lcd_display|clk_16ms ; 1.000        ; -0.081     ; 2.303      ;
; -1.383 ; lcddin_mod:lcd_display|fsm_state.CONFIG_CMD2       ; lcddin_mod:lcd_display|data_counter[2]             ; lcddin_mod:lcd_display|clk_16ms ; lcddin_mod:lcd_display|clk_16ms ; 1.000        ; -0.081     ; 2.303      ;
; -1.383 ; lcddin_mod:lcd_display|fsm_state.CONFIG_CMD2       ; lcddin_mod:lcd_display|data_counter[1]             ; lcddin_mod:lcd_display|clk_16ms ; lcddin_mod:lcd_display|clk_16ms ; 1.000        ; -0.081     ; 2.303      ;
; -1.383 ; lcddin_mod:lcd_display|fsm_state.CONFIG_CMD2       ; lcddin_mod:lcd_display|data_counter[0]             ; lcddin_mod:lcd_display|clk_16ms ; lcddin_mod:lcd_display|clk_16ms ; 1.000        ; -0.081     ; 2.303      ;
; -1.373 ; lcddin_mod:lcd_display|text[13][0]                 ; lcddin_mod:lcd_display|data[0]                     ; clk                             ; lcddin_mod:lcd_display|clk_16ms ; 1.000        ; 0.098      ; 2.462      ;
; -1.362 ; lcddin_mod:lcd_display|command_counter[1]          ; lcddin_mod:lcd_display|data[2]                     ; lcddin_mod:lcd_display|clk_16ms ; lcddin_mod:lcd_display|clk_16ms ; 1.000        ; -0.082     ; 2.281      ;
; -1.361 ; lcddin_mod:lcd_display|data_counter[3]             ; lcddin_mod:lcd_display|data[5]                     ; lcddin_mod:lcd_display|clk_16ms ; lcddin_mod:lcd_display|clk_16ms ; 1.000        ; -0.082     ; 2.280      ;
; -1.343 ; lcddin_mod:lcd_display|command_counter[1]          ; lcddin_mod:lcd_display|data[1]                     ; lcddin_mod:lcd_display|clk_16ms ; lcddin_mod:lcd_display|clk_16ms ; 1.000        ; -0.082     ; 2.262      ;
; -1.337 ; lcddin_mod:lcd_display|fsm_state.WR_STATIC_TEXT_1L ; lcddin_mod:lcd_display|data[2]                     ; lcddin_mod:lcd_display|clk_16ms ; lcddin_mod:lcd_display|clk_16ms ; 1.000        ; -0.081     ; 2.257      ;
; -1.334 ; lcddin_mod:lcd_display|fsm_state.WR_STATIC_TEXT_1L ; lcddin_mod:lcd_display|data[3]                     ; lcddin_mod:lcd_display|clk_16ms ; lcddin_mod:lcd_display|clk_16ms ; 1.000        ; -0.081     ; 2.254      ;
; -1.301 ; lcddin_mod:lcd_display|command_counter[0]          ; lcddin_mod:lcd_display|data[1]                     ; lcddin_mod:lcd_display|clk_16ms ; lcddin_mod:lcd_display|clk_16ms ; 1.000        ; -0.082     ; 2.220      ;
; -1.295 ; lcddin_mod:lcd_display|text[6][0]                  ; lcddin_mod:lcd_display|data[0]                     ; clk                             ; lcddin_mod:lcd_display|clk_16ms ; 1.000        ; 0.098      ; 2.384      ;
; -1.294 ; lcddin_mod:lcd_display|data_counter[2]             ; lcddin_mod:lcd_display|data[4]                     ; lcddin_mod:lcd_display|clk_16ms ; lcddin_mod:lcd_display|clk_16ms ; 1.000        ; -0.082     ; 2.213      ;
; -1.293 ; lcddin_mod:lcd_display|data_counter[1]             ; lcddin_mod:lcd_display|fsm_state.WR_STATIC_TEXT_2L ; lcddin_mod:lcd_display|clk_16ms ; lcddin_mod:lcd_display|clk_16ms ; 1.000        ; -0.082     ; 2.212      ;
; -1.284 ; lcddin_mod:lcd_display|command_counter[1]          ; lcddin_mod:lcd_display|data[0]                     ; lcddin_mod:lcd_display|clk_16ms ; lcddin_mod:lcd_display|clk_16ms ; 1.000        ; -0.082     ; 2.203      ;
; -1.261 ; lcddin_mod:lcd_display|fsm_state.CONFIG_CMD1       ; lcddin_mod:lcd_display|fsm_state.WR_STATIC_TEXT_1L ; lcddin_mod:lcd_display|clk_16ms ; lcddin_mod:lcd_display|clk_16ms ; 1.000        ; -0.083     ; 2.179      ;
; -1.254 ; lcddin_mod:lcd_display|data_counter[3]             ; lcddin_mod:lcd_display|data[1]                     ; lcddin_mod:lcd_display|clk_16ms ; lcddin_mod:lcd_display|clk_16ms ; 1.000        ; -0.081     ; 2.174      ;
; -1.250 ; lcddin_mod:lcd_display|fsm_state.CONFIG_CMD1       ; lcddin_mod:lcd_display|data[4]                     ; lcddin_mod:lcd_display|clk_16ms ; lcddin_mod:lcd_display|clk_16ms ; 1.000        ; -0.083     ; 2.168      ;
; -1.246 ; lcddin_mod:lcd_display|text[6][3]                  ; lcddin_mod:lcd_display|data[3]                     ; clk                             ; lcddin_mod:lcd_display|clk_16ms ; 1.000        ; 0.098      ; 2.335      ;
; -1.245 ; lcddin_mod:lcd_display|data_counter[1]             ; lcddin_mod:lcd_display|data_counter[4]             ; lcddin_mod:lcd_display|clk_16ms ; lcddin_mod:lcd_display|clk_16ms ; 1.000        ; -0.081     ; 2.165      ;
; -1.244 ; lcddin_mod:lcd_display|fsm_state.WR_STATIC_TEXT_1L ; lcddin_mod:lcd_display|data[1]                     ; lcddin_mod:lcd_display|clk_16ms ; lcddin_mod:lcd_display|clk_16ms ; 1.000        ; -0.081     ; 2.164      ;
; -1.243 ; lcddin_mod:lcd_display|fsm_state.WR_STATIC_TEXT_1L ; lcddin_mod:lcd_display|data[0]                     ; lcddin_mod:lcd_display|clk_16ms ; lcddin_mod:lcd_display|clk_16ms ; 1.000        ; -0.081     ; 2.163      ;
; -1.224 ; lcddin_mod:lcd_display|data_counter[1]             ; lcddin_mod:lcd_display|fsm_state.CONFIG_CMD2       ; lcddin_mod:lcd_display|clk_16ms ; lcddin_mod:lcd_display|clk_16ms ; 1.000        ; -0.082     ; 2.143      ;
; -1.214 ; lcddin_mod:lcd_display|text[7][3]                  ; lcddin_mod:lcd_display|data[3]                     ; clk                             ; lcddin_mod:lcd_display|clk_16ms ; 1.000        ; 0.098      ; 2.303      ;
; -1.208 ; lcddin_mod:lcd_display|data_counter[3]             ; lcddin_mod:lcd_display|data[0]                     ; lcddin_mod:lcd_display|clk_16ms ; lcddin_mod:lcd_display|clk_16ms ; 1.000        ; -0.081     ; 2.128      ;
; -1.179 ; lcddin_mod:lcd_display|data_counter[3]             ; lcddin_mod:lcd_display|fsm_state.WR_STATIC_TEXT_2L ; lcddin_mod:lcd_display|clk_16ms ; lcddin_mod:lcd_display|clk_16ms ; 1.000        ; -0.082     ; 2.098      ;
; -1.173 ; lcddin_mod:lcd_display|data_counter[4]             ; lcddin_mod:lcd_display|data[4]                     ; lcddin_mod:lcd_display|clk_16ms ; lcddin_mod:lcd_display|clk_16ms ; 1.000        ; -0.082     ; 2.092      ;
; -1.167 ; lcddin_mod:lcd_display|fsm_state.WR_STATIC_TEXT_2L ; lcddin_mod:lcd_display|data[2]                     ; lcddin_mod:lcd_display|clk_16ms ; lcddin_mod:lcd_display|clk_16ms ; 1.000        ; -0.081     ; 2.087      ;
; -1.164 ; lcddin_mod:lcd_display|fsm_state.WR_STATIC_TEXT_2L ; lcddin_mod:lcd_display|data[3]                     ; lcddin_mod:lcd_display|clk_16ms ; lcddin_mod:lcd_display|clk_16ms ; 1.000        ; -0.081     ; 2.084      ;
; -1.145 ; lcddin_mod:lcd_display|text[10][2]                 ; lcddin_mod:lcd_display|data[2]                     ; clk                             ; lcddin_mod:lcd_display|clk_16ms ; 1.000        ; 0.114      ; 2.250      ;
; -1.143 ; lcddin_mod:lcd_display|data_counter[4]             ; lcddin_mod:lcd_display|data[5]                     ; lcddin_mod:lcd_display|clk_16ms ; lcddin_mod:lcd_display|clk_16ms ; 1.000        ; -0.082     ; 2.062      ;
; -1.142 ; lcddin_mod:lcd_display|data_counter[0]             ; lcddin_mod:lcd_display|data_counter[4]             ; lcddin_mod:lcd_display|clk_16ms ; lcddin_mod:lcd_display|clk_16ms ; 1.000        ; -0.081     ; 2.062      ;
; -1.115 ; lcddin_mod:lcd_display|text[10][3]                 ; lcddin_mod:lcd_display|data[3]                     ; clk                             ; lcddin_mod:lcd_display|clk_16ms ; 1.000        ; 0.098      ; 2.204      ;
; -1.115 ; lcddin_mod:lcd_display|fsm_state.WR_STATIC_TEXT_2L ; lcddin_mod:lcd_display|data[1]                     ; lcddin_mod:lcd_display|clk_16ms ; lcddin_mod:lcd_display|clk_16ms ; 1.000        ; -0.081     ; 2.035      ;
; -1.114 ; lcddin_mod:lcd_display|fsm_state.WR_STATIC_TEXT_2L ; lcddin_mod:lcd_display|data[0]                     ; lcddin_mod:lcd_display|clk_16ms ; lcddin_mod:lcd_display|clk_16ms ; 1.000        ; -0.081     ; 2.034      ;
; -1.113 ; lcddin_mod:lcd_display|data_counter[3]             ; lcddin_mod:lcd_display|data_counter[4]             ; lcddin_mod:lcd_display|clk_16ms ; lcddin_mod:lcd_display|clk_16ms ; 1.000        ; -0.081     ; 2.033      ;
; -1.110 ; lcddin_mod:lcd_display|data_counter[3]             ; lcddin_mod:lcd_display|fsm_state.CONFIG_CMD2       ; lcddin_mod:lcd_display|clk_16ms ; lcddin_mod:lcd_display|clk_16ms ; 1.000        ; -0.082     ; 2.029      ;
; -1.108 ; lcddin_mod:lcd_display|data_counter[0]             ; lcddin_mod:lcd_display|data_counter[3]             ; lcddin_mod:lcd_display|clk_16ms ; lcddin_mod:lcd_display|clk_16ms ; 1.000        ; -0.081     ; 2.028      ;
; -1.099 ; lcddin_mod:lcd_display|data_counter[1]             ; lcddin_mod:lcd_display|data_counter[2]             ; lcddin_mod:lcd_display|clk_16ms ; lcddin_mod:lcd_display|clk_16ms ; 1.000        ; -0.081     ; 2.019      ;
; -1.070 ; lcddin_mod:lcd_display|command_counter[1]          ; lcddin_mod:lcd_display|command_counter[2]          ; lcddin_mod:lcd_display|clk_16ms ; lcddin_mod:lcd_display|clk_16ms ; 1.000        ; -0.081     ; 1.990      ;
; -1.069 ; lcddin_mod:lcd_display|data_counter[1]             ; lcddin_mod:lcd_display|data_counter[3]             ; lcddin_mod:lcd_display|clk_16ms ; lcddin_mod:lcd_display|clk_16ms ; 1.000        ; -0.081     ; 1.989      ;
; -1.059 ; lcddin_mod:lcd_display|fsm_state.CONFIG_CMD1       ; lcddin_mod:lcd_display|fsm_state.CONFIG_CMD1       ; lcddin_mod:lcd_display|clk_16ms ; lcddin_mod:lcd_display|clk_16ms ; 1.000        ; -0.081     ; 1.979      ;
; -1.037 ; lcddin_mod:lcd_display|fsm_state.CONFIG_CMD1       ; lcddin_mod:lcd_display|data[2]                     ; lcddin_mod:lcd_display|clk_16ms ; lcddin_mod:lcd_display|clk_16ms ; 1.000        ; -0.082     ; 1.956      ;
; -1.024 ; lcddin_mod:lcd_display|command_counter[0]          ; lcddin_mod:lcd_display|data[0]                     ; lcddin_mod:lcd_display|clk_16ms ; lcddin_mod:lcd_display|clk_16ms ; 1.000        ; -0.082     ; 1.943      ;
; -1.010 ; lcddin_mod:lcd_display|fsm_state.WR_STATIC_TEXT_1L ; lcddin_mod:lcd_display|data[6]                     ; lcddin_mod:lcd_display|clk_16ms ; lcddin_mod:lcd_display|clk_16ms ; 1.000        ; -0.082     ; 1.929      ;
+--------+----------------------------------------------------+----------------------------------------------------+---------------------------------+---------------------------------+--------------+------------+------------+


+-----------------------------------------------------------------------------------------------------------------------------------------------+
; Slow 1200mV 85C Model Setup: 'beg_com:beg_com|beg'                                                                                            ;
+--------+------------------------+--------------------------+-------------------+---------------------+--------------+------------+------------+
; Slack  ; From Node              ; To Node                  ; Launch Clock      ; Latch Clock         ; Relationship ; Clock Skew ; Data Delay ;
+--------+------------------------+--------------------------+-------------------+---------------------+--------------+------------+------------+
; -0.948 ; listen:listen|data[15] ; listen:listen|Minutes[4] ; master:master|scl ; beg_com:beg_com|beg ; 0.500        ; 0.456      ; 1.905      ;
; -0.922 ; listen:listen|data[14] ; listen:listen|Minutes[3] ; master:master|scl ; beg_com:beg_com|beg ; 0.500        ; 0.456      ; 1.879      ;
; -0.642 ; listen:listen|data[16] ; listen:listen|Minutes[5] ; master:master|scl ; beg_com:beg_com|beg ; 0.500        ; 0.454      ; 1.597      ;
; -0.640 ; listen:listen|data[11] ; listen:listen|Minutes[0] ; master:master|scl ; beg_com:beg_com|beg ; 0.500        ; 0.456      ; 1.597      ;
; -0.619 ; listen:listen|data[12] ; listen:listen|Minutes[1] ; master:master|scl ; beg_com:beg_com|beg ; 0.500        ; 0.454      ; 1.574      ;
; -0.533 ; listen:listen|data[10] ; listen:listen|Seconds[7] ; master:master|scl ; beg_com:beg_com|beg ; 0.500        ; 0.460      ; 1.494      ;
; -0.528 ; listen:listen|data[23] ; listen:listen|Hours[3]   ; master:master|scl ; beg_com:beg_com|beg ; 0.500        ; 0.460      ; 1.489      ;
; -0.408 ; listen:listen|data[6]  ; listen:listen|Seconds[3] ; master:master|scl ; beg_com:beg_com|beg ; 0.500        ; 0.000      ; 0.909      ;
; -0.397 ; listen:listen|data[5]  ; listen:listen|Seconds[2] ; master:master|scl ; beg_com:beg_com|beg ; 0.500        ; 0.000      ; 0.898      ;
; -0.377 ; listen:listen|data[20] ; listen:listen|Hours[6]   ; master:master|scl ; beg_com:beg_com|beg ; 0.500        ; 0.458      ; 1.336      ;
; -0.304 ; listen:listen|data[9]  ; listen:listen|Seconds[6] ; master:master|scl ; beg_com:beg_com|beg ; 0.500        ; 0.458      ; 1.263      ;
; -0.303 ; listen:listen|data[3]  ; listen:listen|Seconds[0] ; master:master|scl ; beg_com:beg_com|beg ; 0.500        ; 0.458      ; 1.262      ;
; -0.160 ; listen:listen|data[19] ; listen:listen|Hours[7]   ; master:master|scl ; beg_com:beg_com|beg ; 0.500        ; 0.459      ; 1.120      ;
; -0.159 ; listen:listen|data[7]  ; listen:listen|Seconds[4] ; master:master|scl ; beg_com:beg_com|beg ; 0.500        ; 0.458      ; 1.118      ;
; -0.158 ; listen:listen|data[24] ; listen:listen|Hours[2]   ; master:master|scl ; beg_com:beg_com|beg ; 0.500        ; 0.459      ; 1.118      ;
; -0.146 ; listen:listen|data[8]  ; listen:listen|Seconds[5] ; master:master|scl ; beg_com:beg_com|beg ; 0.500        ; 0.458      ; 1.105      ;
; -0.134 ; listen:listen|data[4]  ; listen:listen|Seconds[1] ; master:master|scl ; beg_com:beg_com|beg ; 0.500        ; 0.458      ; 1.093      ;
; -0.111 ; listen:listen|data[13] ; listen:listen|Minutes[2] ; master:master|scl ; beg_com:beg_com|beg ; 0.500        ; 0.459      ; 1.071      ;
; 0.051  ; listen:listen|data[18] ; listen:listen|Minutes[7] ; master:master|scl ; beg_com:beg_com|beg ; 0.500        ; 0.459      ; 0.909      ;
; 0.052  ; listen:listen|data[22] ; listen:listen|Hours[4]   ; master:master|scl ; beg_com:beg_com|beg ; 0.500        ; 0.459      ; 0.908      ;
; 0.053  ; listen:listen|data[21] ; listen:listen|Hours[5]   ; master:master|scl ; beg_com:beg_com|beg ; 0.500        ; 0.459      ; 0.907      ;
; 0.053  ; listen:listen|data[17] ; listen:listen|Minutes[6] ; master:master|scl ; beg_com:beg_com|beg ; 0.500        ; 0.460      ; 0.908      ;
; 0.063  ; listen:listen|data[26] ; listen:listen|Hours[0]   ; master:master|scl ; beg_com:beg_com|beg ; 0.500        ; 0.458      ; 0.896      ;
; 0.064  ; listen:listen|data[25] ; listen:listen|Hours[1]   ; master:master|scl ; beg_com:beg_com|beg ; 0.500        ; 0.460      ; 0.897      ;
+--------+------------------------+--------------------------+-------------------+---------------------+--------------+------------+------------+


+----------------------------------------------------------------------------------------------------------------------------------------------+
; Slow 1200mV 85C Model Hold: 'beg_com:beg_com|beg'                                                                                            ;
+-------+------------------------+--------------------------+-------------------+---------------------+--------------+------------+------------+
; Slack ; From Node              ; To Node                  ; Launch Clock      ; Latch Clock         ; Relationship ; Clock Skew ; Data Delay ;
+-------+------------------------+--------------------------+-------------------+---------------------+--------------+------------+------------+
; 0.277 ; listen:listen|data[25] ; listen:listen|Hours[1]   ; master:master|scl ; beg_com:beg_com|beg ; -0.500       ; 0.794      ; 0.803      ;
; 0.281 ; listen:listen|data[26] ; listen:listen|Hours[0]   ; master:master|scl ; beg_com:beg_com|beg ; -0.500       ; 0.792      ; 0.805      ;
; 0.293 ; listen:listen|data[21] ; listen:listen|Hours[5]   ; master:master|scl ; beg_com:beg_com|beg ; -0.500       ; 0.794      ; 0.819      ;
; 0.294 ; listen:listen|data[22] ; listen:listen|Hours[4]   ; master:master|scl ; beg_com:beg_com|beg ; -0.500       ; 0.794      ; 0.820      ;
; 0.294 ; listen:listen|data[18] ; listen:listen|Minutes[7] ; master:master|scl ; beg_com:beg_com|beg ; -0.500       ; 0.794      ; 0.820      ;
; 0.294 ; listen:listen|data[17] ; listen:listen|Minutes[6] ; master:master|scl ; beg_com:beg_com|beg ; -0.500       ; 0.794      ; 0.820      ;
; 0.470 ; listen:listen|data[4]  ; listen:listen|Seconds[1] ; master:master|scl ; beg_com:beg_com|beg ; -0.500       ; 0.792      ; 0.994      ;
; 0.475 ; listen:listen|data[8]  ; listen:listen|Seconds[5] ; master:master|scl ; beg_com:beg_com|beg ; -0.500       ; 0.792      ; 0.999      ;
; 0.477 ; listen:listen|data[13] ; listen:listen|Minutes[2] ; master:master|scl ; beg_com:beg_com|beg ; -0.500       ; 0.793      ; 1.002      ;
; 0.491 ; listen:listen|data[24] ; listen:listen|Hours[2]   ; master:master|scl ; beg_com:beg_com|beg ; -0.500       ; 0.794      ; 1.017      ;
; 0.493 ; listen:listen|data[19] ; listen:listen|Hours[7]   ; master:master|scl ; beg_com:beg_com|beg ; -0.500       ; 0.794      ; 1.019      ;
; 0.493 ; listen:listen|data[7]  ; listen:listen|Seconds[4] ; master:master|scl ; beg_com:beg_com|beg ; -0.500       ; 0.792      ; 1.017      ;
; 0.675 ; listen:listen|data[9]  ; listen:listen|Seconds[6] ; master:master|scl ; beg_com:beg_com|beg ; -0.500       ; 0.792      ; 1.199      ;
; 0.684 ; listen:listen|data[3]  ; listen:listen|Seconds[0] ; master:master|scl ; beg_com:beg_com|beg ; -0.500       ; 0.792      ; 1.208      ;
; 0.698 ; listen:listen|data[20] ; listen:listen|Hours[6]   ; master:master|scl ; beg_com:beg_com|beg ; -0.500       ; 0.792      ; 1.222      ;
; 0.717 ; listen:listen|data[5]  ; listen:listen|Seconds[2] ; master:master|scl ; beg_com:beg_com|beg ; -0.500       ; 0.354      ; 0.803      ;
; 0.735 ; listen:listen|data[6]  ; listen:listen|Seconds[3] ; master:master|scl ; beg_com:beg_com|beg ; -0.500       ; 0.354      ; 0.821      ;
; 0.875 ; listen:listen|data[23] ; listen:listen|Hours[3]   ; master:master|scl ; beg_com:beg_com|beg ; -0.500       ; 0.795      ; 1.402      ;
; 0.884 ; listen:listen|data[10] ; listen:listen|Seconds[7] ; master:master|scl ; beg_com:beg_com|beg ; -0.500       ; 0.795      ; 1.411      ;
; 0.958 ; listen:listen|data[12] ; listen:listen|Minutes[1] ; master:master|scl ; beg_com:beg_com|beg ; -0.500       ; 0.788      ; 1.478      ;
; 0.978 ; listen:listen|data[11] ; listen:listen|Minutes[0] ; master:master|scl ; beg_com:beg_com|beg ; -0.500       ; 0.790      ; 1.500      ;
; 0.980 ; listen:listen|data[16] ; listen:listen|Minutes[5] ; master:master|scl ; beg_com:beg_com|beg ; -0.500       ; 0.788      ; 1.500      ;
; 1.220 ; listen:listen|data[15] ; listen:listen|Minutes[4] ; master:master|scl ; beg_com:beg_com|beg ; -0.500       ; 0.791      ; 1.743      ;
; 1.233 ; listen:listen|data[14] ; listen:listen|Minutes[3] ; master:master|scl ; beg_com:beg_com|beg ; -0.500       ; 0.791      ; 1.756      ;
+-------+------------------------+--------------------------+-------------------+---------------------+--------------+------------+------------+


+----------------------------------------------------------------------------------------------------------------------------------------------------------------------------------+
; Slow 1200mV 85C Model Hold: 'clk'                                                                                                                                                ;
+-------+----------------------------------------+----------------------------------------+---------------------------------+-------------+--------------+------------+------------+
; Slack ; From Node                              ; To Node                                ; Launch Clock                    ; Latch Clock ; Relationship ; Clock Skew ; Data Delay ;
+-------+----------------------------------------+----------------------------------------+---------------------------------+-------------+--------------+------------+------------+
; 0.432 ; alarm_led:alarm_led|buzzer             ; alarm_led:alarm_led|buzzer             ; clk                             ; clk         ; 0.000        ; 0.102      ; 0.746      ;
; 0.432 ; master:master|state.Listen             ; master:master|state.Listen             ; clk                             ; clk         ; 0.000        ; 0.102      ; 0.746      ;
; 0.433 ; master:master|st_prev.Send_Add         ; master:master|st_prev.Send_Add         ; clk                             ; clk         ; 0.000        ; 0.101      ; 0.746      ;
; 0.452 ; master:master|listen_count[0]          ; master:master|listen_count[0]          ; clk                             ; clk         ; 0.000        ; 0.082      ; 0.746      ;
; 0.452 ; master:master|listen_count[3]          ; master:master|listen_count[3]          ; clk                             ; clk         ; 0.000        ; 0.082      ; 0.746      ;
; 0.452 ; master:master|listen_count[1]          ; master:master|listen_count[1]          ; clk                             ; clk         ; 0.000        ; 0.082      ; 0.746      ;
; 0.452 ; master:master|listen_count[2]          ; master:master|listen_count[2]          ; clk                             ; clk         ; 0.000        ; 0.082      ; 0.746      ;
; 0.452 ; alarm_led:alarm_led|led_index[2]       ; alarm_led:alarm_led|led_index[2]       ; clk                             ; clk         ; 0.000        ; 0.082      ; 0.746      ;
; 0.452 ; master:master|state.Stretch            ; master:master|state.Stretch            ; clk                             ; clk         ; 0.000        ; 0.082      ; 0.746      ;
; 0.452 ; master:master|state.Send_Add           ; master:master|state.Send_Add           ; clk                             ; clk         ; 0.000        ; 0.082      ; 0.746      ;
; 0.452 ; master:master|state.Wait               ; master:master|state.Wait               ; clk                             ; clk         ; 0.000        ; 0.082      ; 0.746      ;
; 0.452 ; master:master|state.Default            ; master:master|state.Default            ; clk                             ; clk         ; 0.000        ; 0.082      ; 0.746      ;
; 0.453 ; alarm_led:alarm_led|led_index[1]       ; alarm_led:alarm_led|led_index[1]       ; clk                             ; clk         ; 0.000        ; 0.081      ; 0.746      ;
; 0.453 ; master:master|st_prev.Restart          ; master:master|st_prev.Restart          ; clk                             ; clk         ; 0.000        ; 0.081      ; 0.746      ;
; 0.509 ; beg_com:beg_com|count[25]              ; beg_com:beg_com|count[25]              ; clk                             ; clk         ; 0.000        ; 0.081      ; 0.802      ;
; 0.707 ; alarm_led:alarm_led|led_index[2]       ; alarm_led:alarm_led|leds[6]            ; clk                             ; clk         ; 0.000        ; 0.082      ; 1.001      ;
; 0.714 ; alarm_led:alarm_led|led_index[2]       ; alarm_led:alarm_led|leds[1]            ; clk                             ; clk         ; 0.000        ; 0.082      ; 1.008      ;
; 0.726 ; lcddin_mod:lcd_display|clk_counter[1]  ; lcddin_mod:lcd_display|clk_counter[1]  ; clk                             ; clk         ; 0.000        ; 0.101      ; 1.039      ;
; 0.741 ; beg_com:beg_com|count[1]               ; beg_com:beg_com|count[1]               ; clk                             ; clk         ; 0.000        ; 0.102      ; 1.055      ;
; 0.744 ; lcddin_mod:lcd_display|clk_counter[6]  ; lcddin_mod:lcd_display|clk_counter[6]  ; clk                             ; clk         ; 0.000        ; 0.081      ; 1.037      ;
; 0.744 ; lcddin_mod:lcd_display|clk_counter[5]  ; lcddin_mod:lcd_display|clk_counter[5]  ; clk                             ; clk         ; 0.000        ; 0.081      ; 1.037      ;
; 0.745 ; lcddin_mod:lcd_display|clk_counter[4]  ; lcddin_mod:lcd_display|clk_counter[4]  ; clk                             ; clk         ; 0.000        ; 0.081      ; 1.038      ;
; 0.745 ; lcddin_mod:lcd_display|clk_counter[3]  ; lcddin_mod:lcd_display|clk_counter[3]  ; clk                             ; clk         ; 0.000        ; 0.081      ; 1.038      ;
; 0.747 ; lcddin_mod:lcd_display|clk_counter[2]  ; lcddin_mod:lcd_display|clk_counter[2]  ; clk                             ; clk         ; 0.000        ; 0.081      ; 1.040      ;
; 0.751 ; lcddin_mod:lcd_display|clk_counter[0]  ; lcddin_mod:lcd_display|clk_counter[0]  ; clk                             ; clk         ; 0.000        ; 0.101      ; 1.064      ;
; 0.759 ; alarm_led:alarm_led|led_index[2]       ; alarm_led:alarm_led|led_index[1]       ; clk                             ; clk         ; 0.000        ; 0.082      ; 1.053      ;
; 0.760 ; master:master|counter[5]               ; master:master|counter[5]               ; clk                             ; clk         ; 0.000        ; 0.082      ; 1.054      ;
; 0.760 ; beg_com:beg_com|count[3]               ; beg_com:beg_com|count[3]               ; clk                             ; clk         ; 0.000        ; 0.082      ; 1.054      ;
; 0.761 ; master:master|counter[3]               ; master:master|counter[3]               ; clk                             ; clk         ; 0.000        ; 0.082      ; 1.055      ;
; 0.761 ; beg_com:beg_com|count[10]              ; beg_com:beg_com|count[10]              ; clk                             ; clk         ; 0.000        ; 0.082      ; 1.055      ;
; 0.761 ; beg_com:beg_com|count[9]               ; beg_com:beg_com|count[9]               ; clk                             ; clk         ; 0.000        ; 0.082      ; 1.055      ;
; 0.761 ; beg_com:beg_com|count[7]               ; beg_com:beg_com|count[7]               ; clk                             ; clk         ; 0.000        ; 0.082      ; 1.055      ;
; 0.761 ; beg_com:beg_com|count[5]               ; beg_com:beg_com|count[5]               ; clk                             ; clk         ; 0.000        ; 0.082      ; 1.055      ;
; 0.762 ; lcddin_mod:lcd_display|clk_counter[15] ; lcddin_mod:lcd_display|clk_counter[15] ; clk                             ; clk         ; 0.000        ; 0.081      ; 1.055      ;
; 0.762 ; lcddin_mod:lcd_display|clk_counter[8]  ; lcddin_mod:lcd_display|clk_counter[8]  ; clk                             ; clk         ; 0.000        ; 0.081      ; 1.055      ;
; 0.762 ; master:master|counter[2]               ; master:master|counter[2]               ; clk                             ; clk         ; 0.000        ; 0.082      ; 1.056      ;
; 0.762 ; beg_com:beg_com|count[17]              ; beg_com:beg_com|count[17]              ; clk                             ; clk         ; 0.000        ; 0.081      ; 1.055      ;
; 0.762 ; beg_com:beg_com|count[15]              ; beg_com:beg_com|count[15]              ; clk                             ; clk         ; 0.000        ; 0.081      ; 1.055      ;
; 0.762 ; beg_com:beg_com|count[8]               ; beg_com:beg_com|count[8]               ; clk                             ; clk         ; 0.000        ; 0.082      ; 1.056      ;
; 0.762 ; beg_com:beg_com|count[2]               ; beg_com:beg_com|count[2]               ; clk                             ; clk         ; 0.000        ; 0.082      ; 1.056      ;
; 0.763 ; lcddin_mod:lcd_display|clk_counter[13] ; lcddin_mod:lcd_display|clk_counter[13] ; clk                             ; clk         ; 0.000        ; 0.081      ; 1.056      ;
; 0.763 ; beg_com:beg_com|count[23]              ; beg_com:beg_com|count[23]              ; clk                             ; clk         ; 0.000        ; 0.081      ; 1.056      ;
; 0.763 ; beg_com:beg_com|count[4]               ; beg_com:beg_com|count[4]               ; clk                             ; clk         ; 0.000        ; 0.082      ; 1.057      ;
; 0.764 ; lcddin_mod:lcd_display|clk_counter[14] ; lcddin_mod:lcd_display|clk_counter[14] ; clk                             ; clk         ; 0.000        ; 0.081      ; 1.057      ;
; 0.764 ; lcddin_mod:lcd_display|clk_counter[10] ; lcddin_mod:lcd_display|clk_counter[10] ; clk                             ; clk         ; 0.000        ; 0.081      ; 1.057      ;
; 0.766 ; lcddin_mod:lcd_display|clk_counter[16] ; lcddin_mod:lcd_display|clk_counter[16] ; clk                             ; clk         ; 0.000        ; 0.081      ; 1.059      ;
; 0.767 ; master:master|counter[1]               ; master:master|counter[1]               ; clk                             ; clk         ; 0.000        ; 0.082      ; 1.061      ;
; 0.783 ; master:master|listen_count[2]          ; master:master|listen_count[3]          ; clk                             ; clk         ; 0.000        ; 0.082      ; 1.077      ;
; 0.785 ; master:master|counter[0]               ; master:master|counter[0]               ; clk                             ; clk         ; 0.000        ; 0.082      ; 1.079      ;
; 0.786 ; master:master|counter[4]               ; master:master|counter[4]               ; clk                             ; clk         ; 0.000        ; 0.082      ; 1.080      ;
; 0.791 ; master:master|state.Wait               ; master:master|state.Default            ; clk                             ; clk         ; 0.000        ; 0.082      ; 1.085      ;
; 0.810 ; master:master|listen_count[0]          ; master:master|listen_count[1]          ; clk                             ; clk         ; 0.000        ; 0.082      ; 1.104      ;
; 0.826 ; alarm_led:alarm_led|led_index[2]       ; alarm_led:alarm_led|leds[2]            ; clk                             ; clk         ; 0.000        ; 0.082      ; 1.120      ;
; 0.827 ; alarm_led:alarm_led|led_index[2]       ; alarm_led:alarm_led|leds[3]            ; clk                             ; clk         ; 0.000        ; 0.082      ; 1.121      ;
; 0.828 ; beg_com:beg_com|beg                    ; master:master|counter[0]               ; beg_com:beg_com|beg             ; clk         ; 0.000        ; 2.627      ; 3.958      ;
; 0.828 ; beg_com:beg_com|beg                    ; master:master|counter[4]               ; beg_com:beg_com|beg             ; clk         ; 0.000        ; 2.627      ; 3.958      ;
; 0.828 ; beg_com:beg_com|beg                    ; master:master|counter[1]               ; beg_com:beg_com|beg             ; clk         ; 0.000        ; 2.627      ; 3.958      ;
; 0.828 ; beg_com:beg_com|beg                    ; master:master|counter[2]               ; beg_com:beg_com|beg             ; clk         ; 0.000        ; 2.627      ; 3.958      ;
; 0.828 ; beg_com:beg_com|beg                    ; master:master|counter[3]               ; beg_com:beg_com|beg             ; clk         ; 0.000        ; 2.627      ; 3.958      ;
; 0.828 ; beg_com:beg_com|beg                    ; master:master|counter[5]               ; beg_com:beg_com|beg             ; clk         ; 0.000        ; 2.627      ; 3.958      ;
; 0.828 ; beg_com:beg_com|beg                    ; master:master|counter[6]               ; beg_com:beg_com|beg             ; clk         ; 0.000        ; 2.627      ; 3.958      ;
; 0.843 ; master:master|listen_count[3]          ; master:master|listen_count[2]          ; clk                             ; clk         ; 0.000        ; 0.082      ; 1.137      ;
; 0.844 ; alarm_led:alarm_led|led_index[2]       ; alarm_led:alarm_led|leds[0]            ; clk                             ; clk         ; 0.000        ; 0.082      ; 1.138      ;
; 0.845 ; beg_com:beg_com|beg                    ; master:master|sda_out                  ; beg_com:beg_com|beg             ; clk         ; 0.000        ; 2.624      ; 3.972      ;
; 0.846 ; alarm_led:alarm_led|led_index[2]       ; alarm_led:alarm_led|leds[4]            ; clk                             ; clk         ; 0.000        ; 0.082      ; 1.140      ;
; 0.847 ; master:master|listen_count[3]          ; master:master|listen_count[1]          ; clk                             ; clk         ; 0.000        ; 0.082      ; 1.141      ;
; 0.851 ; master:master|listen_count[3]          ; master:master|listen_count[0]          ; clk                             ; clk         ; 0.000        ; 0.082      ; 1.145      ;
; 0.851 ; alarm_led:alarm_led|led_index[2]       ; alarm_led:alarm_led|leds[5]            ; clk                             ; clk         ; 0.000        ; 0.082      ; 1.145      ;
; 0.860 ; beg_com:beg_com|beg                    ; master:master|counter[13]              ; beg_com:beg_com|beg             ; clk         ; 0.000        ; 2.615      ; 3.978      ;
; 0.860 ; beg_com:beg_com|beg                    ; master:master|counter[7]               ; beg_com:beg_com|beg             ; clk         ; 0.000        ; 2.615      ; 3.978      ;
; 0.860 ; beg_com:beg_com|beg                    ; master:master|counter[8]               ; beg_com:beg_com|beg             ; clk         ; 0.000        ; 2.615      ; 3.978      ;
; 0.860 ; beg_com:beg_com|beg                    ; master:master|counter[9]               ; beg_com:beg_com|beg             ; clk         ; 0.000        ; 2.615      ; 3.978      ;
; 0.860 ; beg_com:beg_com|beg                    ; master:master|counter[10]              ; beg_com:beg_com|beg             ; clk         ; 0.000        ; 2.615      ; 3.978      ;
; 0.860 ; beg_com:beg_com|beg                    ; master:master|counter[11]              ; beg_com:beg_com|beg             ; clk         ; 0.000        ; 2.615      ; 3.978      ;
; 0.860 ; beg_com:beg_com|beg                    ; master:master|counter[12]              ; beg_com:beg_com|beg             ; clk         ; 0.000        ; 2.615      ; 3.978      ;
; 0.882 ; lcddin_mod:lcd_display|clk_16ms        ; lcddin_mod:lcd_display|clk_16ms        ; lcddin_mod:lcd_display|clk_16ms ; clk         ; 0.000        ; 2.603      ; 3.988      ;
; 1.044 ; alarm_led:alarm_led|led_index[0]       ; alarm_led:alarm_led|led_index[1]       ; clk                             ; clk         ; 0.000        ; 0.082      ; 1.338      ;
; 1.061 ; alarm_led:alarm_led|led_index[1]       ; alarm_led:alarm_led|led_index[2]       ; clk                             ; clk         ; 0.000        ; 0.081      ; 1.354      ;
; 1.089 ; lcddin_mod:lcd_display|clk_counter[0]  ; lcddin_mod:lcd_display|clk_counter[1]  ; clk                             ; clk         ; 0.000        ; 0.101      ; 1.402      ;
; 1.098 ; lcddin_mod:lcd_display|clk_counter[5]  ; lcddin_mod:lcd_display|clk_counter[6]  ; clk                             ; clk         ; 0.000        ; 0.081      ; 1.391      ;
; 1.099 ; lcddin_mod:lcd_display|clk_counter[3]  ; lcddin_mod:lcd_display|clk_counter[4]  ; clk                             ; clk         ; 0.000        ; 0.081      ; 1.392      ;
; 1.100 ; lcddin_mod:lcd_display|clk_counter[7]  ; lcddin_mod:lcd_display|clk_counter[8]  ; clk                             ; clk         ; 0.000        ; 0.081      ; 1.393      ;
; 1.103 ; beg_com:beg_com|count[0]               ; beg_com:beg_com|count[1]               ; clk                             ; clk         ; 0.000        ; 0.102      ; 1.417      ;
; 1.106 ; lcddin_mod:lcd_display|clk_counter[4]  ; lcddin_mod:lcd_display|clk_counter[5]  ; clk                             ; clk         ; 0.000        ; 0.081      ; 1.399      ;
; 1.108 ; lcddin_mod:lcd_display|clk_counter[2]  ; lcddin_mod:lcd_display|clk_counter[3]  ; clk                             ; clk         ; 0.000        ; 0.081      ; 1.401      ;
; 1.114 ; lcddin_mod:lcd_display|clk_counter[6]  ; lcddin_mod:lcd_display|clk_counter[8]  ; clk                             ; clk         ; 0.000        ; 0.081      ; 1.407      ;
; 1.115 ; beg_com:beg_com|count[9]               ; beg_com:beg_com|count[10]              ; clk                             ; clk         ; 0.000        ; 0.082      ; 1.409      ;
; 1.115 ; beg_com:beg_com|count[7]               ; beg_com:beg_com|count[8]               ; clk                             ; clk         ; 0.000        ; 0.082      ; 1.409      ;
; 1.115 ; beg_com:beg_com|count[3]               ; beg_com:beg_com|count[4]               ; clk                             ; clk         ; 0.000        ; 0.082      ; 1.409      ;
; 1.115 ; master:master|counter[3]               ; master:master|counter[4]               ; clk                             ; clk         ; 0.000        ; 0.082      ; 1.409      ;
; 1.115 ; lcddin_mod:lcd_display|clk_counter[4]  ; lcddin_mod:lcd_display|clk_counter[6]  ; clk                             ; clk         ; 0.000        ; 0.081      ; 1.408      ;
; 1.117 ; lcddin_mod:lcd_display|clk_counter[13] ; lcddin_mod:lcd_display|clk_counter[14] ; clk                             ; clk         ; 0.000        ; 0.081      ; 1.410      ;
; 1.117 ; lcddin_mod:lcd_display|clk_counter[15] ; lcddin_mod:lcd_display|clk_counter[16] ; clk                             ; clk         ; 0.000        ; 0.081      ; 1.410      ;
; 1.117 ; lcddin_mod:lcd_display|clk_counter[2]  ; lcddin_mod:lcd_display|clk_counter[4]  ; clk                             ; clk         ; 0.000        ; 0.081      ; 1.410      ;
; 1.121 ; master:master|counter[1]               ; master:master|counter[2]               ; clk                             ; clk         ; 0.000        ; 0.082      ; 1.415      ;
; 1.123 ; beg_com:beg_com|count[2]               ; beg_com:beg_com|count[3]               ; clk                             ; clk         ; 0.000        ; 0.082      ; 1.417      ;
; 1.123 ; master:master|counter[2]               ; master:master|counter[3]               ; clk                             ; clk         ; 0.000        ; 0.082      ; 1.417      ;
; 1.123 ; beg_com:beg_com|count[8]               ; beg_com:beg_com|count[9]               ; clk                             ; clk         ; 0.000        ; 0.082      ; 1.417      ;
; 1.123 ; master:master|counter[0]               ; master:master|counter[1]               ; clk                             ; clk         ; 0.000        ; 0.082      ; 1.417      ;
; 1.124 ; beg_com:beg_com|count[4]               ; beg_com:beg_com|count[5]               ; clk                             ; clk         ; 0.000        ; 0.082      ; 1.418      ;
+-------+----------------------------------------+----------------------------------------+---------------------------------+-------------+--------------+------------+------------+


+------------------------------------------------------------------------------------------------------------------------------------------------------------------------------------------------------------------------------+
; Slow 1200mV 85C Model Hold: 'lcddin_mod:lcd_display|clk_16ms'                                                                                                                                                                ;
+-------+----------------------------------------------------+----------------------------------------------------+---------------------------------+---------------------------------+--------------+------------+------------+
; Slack ; From Node                                          ; To Node                                            ; Launch Clock                    ; Latch Clock                     ; Relationship ; Clock Skew ; Data Delay ;
+-------+----------------------------------------------------+----------------------------------------------------+---------------------------------+---------------------------------+--------------+------------+------------+
; 0.452 ; lcddin_mod:lcd_display|fsm_state.WR_STATIC_TEXT_1L ; lcddin_mod:lcd_display|fsm_state.WR_STATIC_TEXT_1L ; lcddin_mod:lcd_display|clk_16ms ; lcddin_mod:lcd_display|clk_16ms ; 0.000        ; 0.082      ; 0.746      ;
; 0.452 ; lcddin_mod:lcd_display|fsm_state.WR_STATIC_TEXT_2L ; lcddin_mod:lcd_display|fsm_state.WR_STATIC_TEXT_2L ; lcddin_mod:lcd_display|clk_16ms ; lcddin_mod:lcd_display|clk_16ms ; 0.000        ; 0.082      ; 0.746      ;
; 0.453 ; lcddin_mod:lcd_display|command_counter[2]          ; lcddin_mod:lcd_display|command_counter[2]          ; lcddin_mod:lcd_display|clk_16ms ; lcddin_mod:lcd_display|clk_16ms ; 0.000        ; 0.081      ; 0.746      ;
; 0.453 ; lcddin_mod:lcd_display|command_counter[1]          ; lcddin_mod:lcd_display|command_counter[1]          ; lcddin_mod:lcd_display|clk_16ms ; lcddin_mod:lcd_display|clk_16ms ; 0.000        ; 0.081      ; 0.746      ;
; 0.453 ; lcddin_mod:lcd_display|command_counter[0]          ; lcddin_mod:lcd_display|command_counter[0]          ; lcddin_mod:lcd_display|clk_16ms ; lcddin_mod:lcd_display|clk_16ms ; 0.000        ; 0.081      ; 0.746      ;
; 0.542 ; lcddin_mod:lcd_display|fsm_state.CONFIG_CMD2       ; lcddin_mod:lcd_display|data[7]                     ; lcddin_mod:lcd_display|clk_16ms ; lcddin_mod:lcd_display|clk_16ms ; 0.000        ; 0.082      ; 0.836      ;
; 0.544 ; lcddin_mod:lcd_display|fsm_state.CONFIG_CMD2       ; lcddin_mod:lcd_display|fsm_state.WR_STATIC_TEXT_2L ; lcddin_mod:lcd_display|clk_16ms ; lcddin_mod:lcd_display|clk_16ms ; 0.000        ; 0.082      ; 0.838      ;
; 0.556 ; lcddin_mod:lcd_display|fsm_state.WR_STATIC_TEXT_2L ; lcddin_mod:lcd_display|rs                          ; lcddin_mod:lcd_display|clk_16ms ; lcddin_mod:lcd_display|clk_16ms ; 0.000        ; 0.082      ; 0.850      ;
; 0.582 ; lcddin_mod:lcd_display|fsm_state.CONFIG_CMD1       ; lcddin_mod:lcd_display|command_counter[2]          ; lcddin_mod:lcd_display|clk_16ms ; lcddin_mod:lcd_display|clk_16ms ; 0.000        ; 0.081      ; 0.875      ;
; 0.661 ; lcddin_mod:lcd_display|data_counter[4]             ; lcddin_mod:lcd_display|fsm_state.IDLE              ; lcddin_mod:lcd_display|clk_16ms ; lcddin_mod:lcd_display|clk_16ms ; 0.000        ; 0.081      ; 0.954      ;
; 0.680 ; lcddin_mod:lcd_display|fsm_state.WR_STATIC_TEXT_1L ; lcddin_mod:lcd_display|rs                          ; lcddin_mod:lcd_display|clk_16ms ; lcddin_mod:lcd_display|clk_16ms ; 0.000        ; 0.082      ; 0.974      ;
; 0.682 ; lcddin_mod:lcd_display|fsm_state.WR_STATIC_TEXT_1L ; lcddin_mod:lcd_display|fsm_state.CONFIG_CMD2       ; lcddin_mod:lcd_display|clk_16ms ; lcddin_mod:lcd_display|clk_16ms ; 0.000        ; 0.082      ; 0.976      ;
; 0.772 ; lcddin_mod:lcd_display|data_counter[3]             ; lcddin_mod:lcd_display|data[6]                     ; lcddin_mod:lcd_display|clk_16ms ; lcddin_mod:lcd_display|clk_16ms ; 0.000        ; 0.081      ; 1.065      ;
; 0.777 ; lcddin_mod:lcd_display|data_counter[4]             ; lcddin_mod:lcd_display|data_counter[4]             ; lcddin_mod:lcd_display|clk_16ms ; lcddin_mod:lcd_display|clk_16ms ; 0.000        ; 0.081      ; 1.070      ;
; 0.783 ; lcddin_mod:lcd_display|fsm_state.CONFIG_CMD2       ; lcddin_mod:lcd_display|data[6]                     ; lcddin_mod:lcd_display|clk_16ms ; lcddin_mod:lcd_display|clk_16ms ; 0.000        ; 0.082      ; 1.077      ;
; 0.788 ; lcddin_mod:lcd_display|data_counter[2]             ; lcddin_mod:lcd_display|data_counter[2]             ; lcddin_mod:lcd_display|clk_16ms ; lcddin_mod:lcd_display|clk_16ms ; 0.000        ; 0.081      ; 1.081      ;
; 0.803 ; lcddin_mod:lcd_display|data_counter[1]             ; lcddin_mod:lcd_display|data_counter[1]             ; lcddin_mod:lcd_display|clk_16ms ; lcddin_mod:lcd_display|clk_16ms ; 0.000        ; 0.081      ; 1.096      ;
; 0.808 ; lcddin_mod:lcd_display|command_counter[0]          ; lcddin_mod:lcd_display|command_counter[1]          ; lcddin_mod:lcd_display|clk_16ms ; lcddin_mod:lcd_display|clk_16ms ; 0.000        ; 0.081      ; 1.101      ;
; 0.811 ; lcddin_mod:lcd_display|data_counter[3]             ; lcddin_mod:lcd_display|data_counter[3]             ; lcddin_mod:lcd_display|clk_16ms ; lcddin_mod:lcd_display|clk_16ms ; 0.000        ; 0.081      ; 1.104      ;
; 0.812 ; lcddin_mod:lcd_display|data_counter[0]             ; lcddin_mod:lcd_display|data_counter[0]             ; lcddin_mod:lcd_display|clk_16ms ; lcddin_mod:lcd_display|clk_16ms ; 0.000        ; 0.081      ; 1.105      ;
; 0.818 ; lcddin_mod:lcd_display|fsm_state.WR_STATIC_TEXT_2L ; lcddin_mod:lcd_display|data[5]                     ; lcddin_mod:lcd_display|clk_16ms ; lcddin_mod:lcd_display|clk_16ms ; 0.000        ; 0.082      ; 1.112      ;
; 0.838 ; lcddin_mod:lcd_display|fsm_state.CONFIG_CMD1       ; lcddin_mod:lcd_display|command_counter[1]          ; lcddin_mod:lcd_display|clk_16ms ; lcddin_mod:lcd_display|clk_16ms ; 0.000        ; 0.081      ; 1.131      ;
; 0.839 ; lcddin_mod:lcd_display|fsm_state.CONFIG_CMD1       ; lcddin_mod:lcd_display|command_counter[0]          ; lcddin_mod:lcd_display|clk_16ms ; lcddin_mod:lcd_display|clk_16ms ; 0.000        ; 0.081      ; 1.132      ;
; 0.930 ; lcddin_mod:lcd_display|text[13][1]                 ; lcddin_mod:lcd_display|data[1]                     ; clk                             ; lcddin_mod:lcd_display|clk_16ms ; 0.000        ; 0.332      ; 1.504      ;
; 0.930 ; lcddin_mod:lcd_display|text[12][0]                 ; lcddin_mod:lcd_display|data[0]                     ; clk                             ; lcddin_mod:lcd_display|clk_16ms ; 0.000        ; 0.332      ; 1.504      ;
; 0.986 ; lcddin_mod:lcd_display|data_counter[3]             ; lcddin_mod:lcd_display|fsm_state.IDLE              ; lcddin_mod:lcd_display|clk_16ms ; lcddin_mod:lcd_display|clk_16ms ; 0.000        ; 0.081      ; 1.279      ;
; 0.992 ; lcddin_mod:lcd_display|fsm_state.IDLE              ; lcddin_mod:lcd_display|command_counter[0]          ; lcddin_mod:lcd_display|clk_16ms ; lcddin_mod:lcd_display|clk_16ms ; 0.000        ; 0.082      ; 1.286      ;
; 0.997 ; lcddin_mod:lcd_display|fsm_state.IDLE              ; lcddin_mod:lcd_display|command_counter[1]          ; lcddin_mod:lcd_display|clk_16ms ; lcddin_mod:lcd_display|clk_16ms ; 0.000        ; 0.082      ; 1.291      ;
; 1.022 ; lcddin_mod:lcd_display|fsm_state.IDLE              ; lcddin_mod:lcd_display|fsm_state.CONFIG_CMD1       ; lcddin_mod:lcd_display|clk_16ms ; lcddin_mod:lcd_display|clk_16ms ; 0.000        ; 0.082      ; 1.316      ;
; 1.037 ; lcddin_mod:lcd_display|data_counter[4]             ; lcddin_mod:lcd_display|fsm_state.CONFIG_CMD2       ; lcddin_mod:lcd_display|clk_16ms ; lcddin_mod:lcd_display|clk_16ms ; 0.000        ; 0.081      ; 1.330      ;
; 1.072 ; lcddin_mod:lcd_display|data_counter[4]             ; lcddin_mod:lcd_display|data[5]                     ; lcddin_mod:lcd_display|clk_16ms ; lcddin_mod:lcd_display|clk_16ms ; 0.000        ; 0.081      ; 1.365      ;
; 1.072 ; lcddin_mod:lcd_display|command_counter[1]          ; lcddin_mod:lcd_display|fsm_state.CONFIG_CMD1       ; lcddin_mod:lcd_display|clk_16ms ; lcddin_mod:lcd_display|clk_16ms ; 0.000        ; 0.081      ; 1.365      ;
; 1.099 ; lcddin_mod:lcd_display|fsm_state.WR_STATIC_TEXT_2L ; lcddin_mod:lcd_display|data[4]                     ; lcddin_mod:lcd_display|clk_16ms ; lcddin_mod:lcd_display|clk_16ms ; 0.000        ; 0.082      ; 1.393      ;
; 1.106 ; lcddin_mod:lcd_display|text[7][1]                  ; lcddin_mod:lcd_display|data[1]                     ; clk                             ; lcddin_mod:lcd_display|clk_16ms ; 0.000        ; 0.332      ; 1.680      ;
; 1.109 ; lcddin_mod:lcd_display|fsm_state.CONFIG_CMD1       ; lcddin_mod:lcd_display|data[0]                     ; lcddin_mod:lcd_display|clk_16ms ; lcddin_mod:lcd_display|clk_16ms ; 0.000        ; 0.081      ; 1.402      ;
; 1.117 ; lcddin_mod:lcd_display|data_counter[1]             ; lcddin_mod:lcd_display|fsm_state.IDLE              ; lcddin_mod:lcd_display|clk_16ms ; lcddin_mod:lcd_display|clk_16ms ; 0.000        ; 0.081      ; 1.410      ;
; 1.131 ; lcddin_mod:lcd_display|data_counter[4]             ; lcddin_mod:lcd_display|fsm_state.WR_STATIC_TEXT_2L ; lcddin_mod:lcd_display|clk_16ms ; lcddin_mod:lcd_display|clk_16ms ; 0.000        ; 0.081      ; 1.424      ;
; 1.149 ; lcddin_mod:lcd_display|data_counter[2]             ; lcddin_mod:lcd_display|data_counter[3]             ; lcddin_mod:lcd_display|clk_16ms ; lcddin_mod:lcd_display|clk_16ms ; 0.000        ; 0.081      ; 1.442      ;
; 1.151 ; lcddin_mod:lcd_display|data_counter[3]             ; lcddin_mod:lcd_display|data[4]                     ; lcddin_mod:lcd_display|clk_16ms ; lcddin_mod:lcd_display|clk_16ms ; 0.000        ; 0.081      ; 1.444      ;
; 1.152 ; lcddin_mod:lcd_display|fsm_state.CONFIG_CMD1       ; lcddin_mod:lcd_display|data[3]                     ; lcddin_mod:lcd_display|clk_16ms ; lcddin_mod:lcd_display|clk_16ms ; 0.000        ; 0.080      ; 1.444      ;
; 1.156 ; lcddin_mod:lcd_display|data_counter[0]             ; lcddin_mod:lcd_display|data_counter[1]             ; lcddin_mod:lcd_display|clk_16ms ; lcddin_mod:lcd_display|clk_16ms ; 0.000        ; 0.081      ; 1.449      ;
; 1.157 ; lcddin_mod:lcd_display|data_counter[4]             ; lcddin_mod:lcd_display|fsm_state.WR_STATIC_TEXT_1L ; lcddin_mod:lcd_display|clk_16ms ; lcddin_mod:lcd_display|clk_16ms ; 0.000        ; 0.081      ; 1.450      ;
; 1.157 ; lcddin_mod:lcd_display|data_counter[1]             ; lcddin_mod:lcd_display|data_counter[2]             ; lcddin_mod:lcd_display|clk_16ms ; lcddin_mod:lcd_display|clk_16ms ; 0.000        ; 0.081      ; 1.450      ;
; 1.158 ; lcddin_mod:lcd_display|data_counter[2]             ; lcddin_mod:lcd_display|data_counter[4]             ; lcddin_mod:lcd_display|clk_16ms ; lcddin_mod:lcd_display|clk_16ms ; 0.000        ; 0.081      ; 1.451      ;
; 1.165 ; lcddin_mod:lcd_display|data_counter[0]             ; lcddin_mod:lcd_display|data_counter[2]             ; lcddin_mod:lcd_display|clk_16ms ; lcddin_mod:lcd_display|clk_16ms ; 0.000        ; 0.081      ; 1.458      ;
; 1.166 ; lcddin_mod:lcd_display|data_counter[3]             ; lcddin_mod:lcd_display|data_counter[4]             ; lcddin_mod:lcd_display|clk_16ms ; lcddin_mod:lcd_display|clk_16ms ; 0.000        ; 0.081      ; 1.459      ;
; 1.168 ; lcddin_mod:lcd_display|data_counter[2]             ; lcddin_mod:lcd_display|data[6]                     ; lcddin_mod:lcd_display|clk_16ms ; lcddin_mod:lcd_display|clk_16ms ; 0.000        ; 0.081      ; 1.461      ;
; 1.198 ; lcddin_mod:lcd_display|text[7][0]                  ; lcddin_mod:lcd_display|data[0]                     ; clk                             ; lcddin_mod:lcd_display|clk_16ms ; 0.000        ; 0.332      ; 1.772      ;
; 1.208 ; lcddin_mod:lcd_display|command_counter[0]          ; lcddin_mod:lcd_display|data[3]                     ; lcddin_mod:lcd_display|clk_16ms ; lcddin_mod:lcd_display|clk_16ms ; 0.000        ; 0.080      ; 1.500      ;
; 1.222 ; lcddin_mod:lcd_display|data_counter[3]             ; lcddin_mod:lcd_display|data[5]                     ; lcddin_mod:lcd_display|clk_16ms ; lcddin_mod:lcd_display|clk_16ms ; 0.000        ; 0.081      ; 1.515      ;
; 1.223 ; lcddin_mod:lcd_display|fsm_state.WR_STATIC_TEXT_1L ; lcddin_mod:lcd_display|data[4]                     ; lcddin_mod:lcd_display|clk_16ms ; lcddin_mod:lcd_display|clk_16ms ; 0.000        ; 0.082      ; 1.517      ;
; 1.231 ; lcddin_mod:lcd_display|command_counter[0]          ; lcddin_mod:lcd_display|command_counter[2]          ; lcddin_mod:lcd_display|clk_16ms ; lcddin_mod:lcd_display|clk_16ms ; 0.000        ; 0.081      ; 1.524      ;
; 1.232 ; lcddin_mod:lcd_display|command_counter[2]          ; lcddin_mod:lcd_display|fsm_state.WR_STATIC_TEXT_1L ; lcddin_mod:lcd_display|clk_16ms ; lcddin_mod:lcd_display|clk_16ms ; 0.000        ; 0.080      ; 1.524      ;
; 1.232 ; lcddin_mod:lcd_display|fsm_state.WR_STATIC_TEXT_2L ; lcddin_mod:lcd_display|fsm_state.IDLE              ; lcddin_mod:lcd_display|clk_16ms ; lcddin_mod:lcd_display|clk_16ms ; 0.000        ; 0.082      ; 1.526      ;
; 1.233 ; lcddin_mod:lcd_display|data_counter[3]             ; lcddin_mod:lcd_display|data[2]                     ; lcddin_mod:lcd_display|clk_16ms ; lcddin_mod:lcd_display|clk_16ms ; 0.000        ; 0.081      ; 1.526      ;
; 1.254 ; lcddin_mod:lcd_display|text[12][1]                 ; lcddin_mod:lcd_display|data[1]                     ; clk                             ; lcddin_mod:lcd_display|clk_16ms ; 0.000        ; 0.332      ; 1.828      ;
; 1.287 ; lcddin_mod:lcd_display|text[12][3]                 ; lcddin_mod:lcd_display|data[3]                     ; clk                             ; lcddin_mod:lcd_display|clk_16ms ; 0.000        ; 0.331      ; 1.860      ;
; 1.288 ; lcddin_mod:lcd_display|data_counter[1]             ; lcddin_mod:lcd_display|data_counter[3]             ; lcddin_mod:lcd_display|clk_16ms ; lcddin_mod:lcd_display|clk_16ms ; 0.000        ; 0.081      ; 1.581      ;
; 1.296 ; lcddin_mod:lcd_display|data_counter[0]             ; lcddin_mod:lcd_display|data_counter[3]             ; lcddin_mod:lcd_display|clk_16ms ; lcddin_mod:lcd_display|clk_16ms ; 0.000        ; 0.081      ; 1.589      ;
; 1.297 ; lcddin_mod:lcd_display|data_counter[1]             ; lcddin_mod:lcd_display|data_counter[4]             ; lcddin_mod:lcd_display|clk_16ms ; lcddin_mod:lcd_display|clk_16ms ; 0.000        ; 0.081      ; 1.590      ;
; 1.298 ; lcddin_mod:lcd_display|fsm_state.IDLE              ; lcddin_mod:lcd_display|command_counter[2]          ; lcddin_mod:lcd_display|clk_16ms ; lcddin_mod:lcd_display|clk_16ms ; 0.000        ; 0.082      ; 1.592      ;
; 1.305 ; lcddin_mod:lcd_display|data_counter[0]             ; lcddin_mod:lcd_display|data_counter[4]             ; lcddin_mod:lcd_display|clk_16ms ; lcddin_mod:lcd_display|clk_16ms ; 0.000        ; 0.081      ; 1.598      ;
; 1.306 ; lcddin_mod:lcd_display|fsm_state.IDLE              ; lcddin_mod:lcd_display|data_counter[4]             ; lcddin_mod:lcd_display|clk_16ms ; lcddin_mod:lcd_display|clk_16ms ; 0.000        ; 0.081      ; 1.599      ;
; 1.306 ; lcddin_mod:lcd_display|fsm_state.IDLE              ; lcddin_mod:lcd_display|data_counter[3]             ; lcddin_mod:lcd_display|clk_16ms ; lcddin_mod:lcd_display|clk_16ms ; 0.000        ; 0.081      ; 1.599      ;
; 1.306 ; lcddin_mod:lcd_display|fsm_state.IDLE              ; lcddin_mod:lcd_display|data_counter[2]             ; lcddin_mod:lcd_display|clk_16ms ; lcddin_mod:lcd_display|clk_16ms ; 0.000        ; 0.081      ; 1.599      ;
; 1.306 ; lcddin_mod:lcd_display|fsm_state.IDLE              ; lcddin_mod:lcd_display|data_counter[1]             ; lcddin_mod:lcd_display|clk_16ms ; lcddin_mod:lcd_display|clk_16ms ; 0.000        ; 0.081      ; 1.599      ;
; 1.306 ; lcddin_mod:lcd_display|fsm_state.IDLE              ; lcddin_mod:lcd_display|data_counter[0]             ; lcddin_mod:lcd_display|clk_16ms ; lcddin_mod:lcd_display|clk_16ms ; 0.000        ; 0.081      ; 1.599      ;
; 1.310 ; lcddin_mod:lcd_display|text[10][1]                 ; lcddin_mod:lcd_display|data[1]                     ; clk                             ; lcddin_mod:lcd_display|clk_16ms ; 0.000        ; 0.332      ; 1.884      ;
; 1.311 ; lcddin_mod:lcd_display|fsm_state.WR_STATIC_TEXT_2L ; lcddin_mod:lcd_display|data[6]                     ; lcddin_mod:lcd_display|clk_16ms ; lcddin_mod:lcd_display|clk_16ms ; 0.000        ; 0.082      ; 1.605      ;
; 1.323 ; lcddin_mod:lcd_display|fsm_state.WR_STATIC_TEXT_1L ; lcddin_mod:lcd_display|data[5]                     ; lcddin_mod:lcd_display|clk_16ms ; lcddin_mod:lcd_display|clk_16ms ; 0.000        ; 0.082      ; 1.617      ;
; 1.327 ; lcddin_mod:lcd_display|data_counter[0]             ; lcddin_mod:lcd_display|fsm_state.IDLE              ; lcddin_mod:lcd_display|clk_16ms ; lcddin_mod:lcd_display|clk_16ms ; 0.000        ; 0.081      ; 1.620      ;
; 1.353 ; lcddin_mod:lcd_display|data_counter[1]             ; lcddin_mod:lcd_display|data[5]                     ; lcddin_mod:lcd_display|clk_16ms ; lcddin_mod:lcd_display|clk_16ms ; 0.000        ; 0.081      ; 1.646      ;
; 1.366 ; lcddin_mod:lcd_display|text[13][3]                 ; lcddin_mod:lcd_display|data[3]                     ; clk                             ; lcddin_mod:lcd_display|clk_16ms ; 0.000        ; 0.331      ; 1.939      ;
; 1.375 ; lcddin_mod:lcd_display|fsm_state.CONFIG_CMD1       ; lcddin_mod:lcd_display|fsm_state.CONFIG_CMD1       ; lcddin_mod:lcd_display|clk_16ms ; lcddin_mod:lcd_display|clk_16ms ; 0.000        ; 0.081      ; 1.668      ;
; 1.388 ; lcddin_mod:lcd_display|command_counter[2]          ; lcddin_mod:lcd_display|fsm_state.CONFIG_CMD1       ; lcddin_mod:lcd_display|clk_16ms ; lcddin_mod:lcd_display|clk_16ms ; 0.000        ; 0.081      ; 1.681      ;
; 1.395 ; lcddin_mod:lcd_display|command_counter[0]          ; lcddin_mod:lcd_display|fsm_state.CONFIG_CMD1       ; lcddin_mod:lcd_display|clk_16ms ; lcddin_mod:lcd_display|clk_16ms ; 0.000        ; 0.081      ; 1.688      ;
; 1.408 ; lcddin_mod:lcd_display|data_counter[1]             ; lcddin_mod:lcd_display|data[4]                     ; lcddin_mod:lcd_display|clk_16ms ; lcddin_mod:lcd_display|clk_16ms ; 0.000        ; 0.081      ; 1.701      ;
; 1.418 ; lcddin_mod:lcd_display|text[10][2]                 ; lcddin_mod:lcd_display|data[2]                     ; clk                             ; lcddin_mod:lcd_display|clk_16ms ; 0.000        ; 0.346      ; 2.006      ;
; 1.432 ; lcddin_mod:lcd_display|fsm_state.WR_STATIC_TEXT_1L ; lcddin_mod:lcd_display|data[6]                     ; lcddin_mod:lcd_display|clk_16ms ; lcddin_mod:lcd_display|clk_16ms ; 0.000        ; 0.082      ; 1.726      ;
; 1.434 ; lcddin_mod:lcd_display|command_counter[1]          ; lcddin_mod:lcd_display|command_counter[2]          ; lcddin_mod:lcd_display|clk_16ms ; lcddin_mod:lcd_display|clk_16ms ; 0.000        ; 0.081      ; 1.727      ;
; 1.443 ; lcddin_mod:lcd_display|text[10][3]                 ; lcddin_mod:lcd_display|data[3]                     ; clk                             ; lcddin_mod:lcd_display|clk_16ms ; 0.000        ; 0.331      ; 2.016      ;
; 1.482 ; lcddin_mod:lcd_display|data_counter[3]             ; lcddin_mod:lcd_display|fsm_state.CONFIG_CMD2       ; lcddin_mod:lcd_display|clk_16ms ; lcddin_mod:lcd_display|clk_16ms ; 0.000        ; 0.081      ; 1.775      ;
; 1.492 ; lcddin_mod:lcd_display|text[7][3]                  ; lcddin_mod:lcd_display|data[3]                     ; clk                             ; lcddin_mod:lcd_display|clk_16ms ; 0.000        ; 0.331      ; 2.065      ;
; 1.497 ; lcddin_mod:lcd_display|command_counter[0]          ; lcddin_mod:lcd_display|data[0]                     ; lcddin_mod:lcd_display|clk_16ms ; lcddin_mod:lcd_display|clk_16ms ; 0.000        ; 0.081      ; 1.790      ;
; 1.515 ; lcddin_mod:lcd_display|data_counter[0]             ; lcddin_mod:lcd_display|data[4]                     ; lcddin_mod:lcd_display|clk_16ms ; lcddin_mod:lcd_display|clk_16ms ; 0.000        ; 0.081      ; 1.808      ;
; 1.521 ; lcddin_mod:lcd_display|data_counter[2]             ; lcddin_mod:lcd_display|fsm_state.IDLE              ; lcddin_mod:lcd_display|clk_16ms ; lcddin_mod:lcd_display|clk_16ms ; 0.000        ; 0.081      ; 1.814      ;
; 1.545 ; lcddin_mod:lcd_display|fsm_state.CONFIG_CMD1       ; lcddin_mod:lcd_display|data[1]                     ; lcddin_mod:lcd_display|clk_16ms ; lcddin_mod:lcd_display|clk_16ms ; 0.000        ; 0.081      ; 1.838      ;
; 1.561 ; lcddin_mod:lcd_display|text[6][3]                  ; lcddin_mod:lcd_display|data[3]                     ; clk                             ; lcddin_mod:lcd_display|clk_16ms ; 0.000        ; 0.331      ; 2.134      ;
; 1.563 ; lcddin_mod:lcd_display|data_counter[3]             ; lcddin_mod:lcd_display|fsm_state.WR_STATIC_TEXT_2L ; lcddin_mod:lcd_display|clk_16ms ; lcddin_mod:lcd_display|clk_16ms ; 0.000        ; 0.081      ; 1.856      ;
; 1.563 ; lcddin_mod:lcd_display|data_counter[0]             ; lcddin_mod:lcd_display|data[5]                     ; lcddin_mod:lcd_display|clk_16ms ; lcddin_mod:lcd_display|clk_16ms ; 0.000        ; 0.081      ; 1.856      ;
; 1.563 ; lcddin_mod:lcd_display|fsm_state.CONFIG_CMD1       ; lcddin_mod:lcd_display|data[2]                     ; lcddin_mod:lcd_display|clk_16ms ; lcddin_mod:lcd_display|clk_16ms ; 0.000        ; 0.080      ; 1.855      ;
; 1.573 ; lcddin_mod:lcd_display|data_counter[4]             ; lcddin_mod:lcd_display|data[4]                     ; lcddin_mod:lcd_display|clk_16ms ; lcddin_mod:lcd_display|clk_16ms ; 0.000        ; 0.081      ; 1.866      ;
; 1.576 ; lcddin_mod:lcd_display|text[6][0]                  ; lcddin_mod:lcd_display|data[0]                     ; clk                             ; lcddin_mod:lcd_display|clk_16ms ; 0.000        ; 0.332      ; 2.150      ;
; 1.600 ; lcddin_mod:lcd_display|fsm_state.WR_STATIC_TEXT_2L ; lcddin_mod:lcd_display|data[0]                     ; lcddin_mod:lcd_display|clk_16ms ; lcddin_mod:lcd_display|clk_16ms ; 0.000        ; 0.083      ; 1.895      ;
; 1.601 ; lcddin_mod:lcd_display|fsm_state.WR_STATIC_TEXT_2L ; lcddin_mod:lcd_display|data[1]                     ; lcddin_mod:lcd_display|clk_16ms ; lcddin_mod:lcd_display|clk_16ms ; 0.000        ; 0.083      ; 1.896      ;
; 1.608 ; lcddin_mod:lcd_display|data_counter[3]             ; lcddin_mod:lcd_display|data[0]                     ; lcddin_mod:lcd_display|clk_16ms ; lcddin_mod:lcd_display|clk_16ms ; 0.000        ; 0.082      ; 1.902      ;
; 1.613 ; lcddin_mod:lcd_display|data_counter[1]             ; lcddin_mod:lcd_display|fsm_state.CONFIG_CMD2       ; lcddin_mod:lcd_display|clk_16ms ; lcddin_mod:lcd_display|clk_16ms ; 0.000        ; 0.081      ; 1.906      ;
; 1.656 ; lcddin_mod:lcd_display|fsm_state.CONFIG_CMD1       ; lcddin_mod:lcd_display|data_counter[4]             ; lcddin_mod:lcd_display|clk_16ms ; lcddin_mod:lcd_display|clk_16ms ; 0.000        ; 0.080      ; 1.948      ;
; 1.656 ; lcddin_mod:lcd_display|fsm_state.CONFIG_CMD1       ; lcddin_mod:lcd_display|data_counter[3]             ; lcddin_mod:lcd_display|clk_16ms ; lcddin_mod:lcd_display|clk_16ms ; 0.000        ; 0.080      ; 1.948      ;
; 1.656 ; lcddin_mod:lcd_display|fsm_state.CONFIG_CMD1       ; lcddin_mod:lcd_display|data_counter[2]             ; lcddin_mod:lcd_display|clk_16ms ; lcddin_mod:lcd_display|clk_16ms ; 0.000        ; 0.080      ; 1.948      ;
+-------+----------------------------------------------------+----------------------------------------------------+---------------------------------+---------------------------------+--------------+------------+------------+


+------------------------------------------------------------------------------------------------------------------------------------------+
; Slow 1200mV 85C Model Hold: 'master:master|scl'                                                                                          ;
+-------+------------------------+------------------------+-------------------+-------------------+--------------+------------+------------+
; Slack ; From Node              ; To Node                ; Launch Clock      ; Latch Clock       ; Relationship ; Clock Skew ; Data Delay ;
+-------+------------------------+------------------------+-------------------+-------------------+--------------+------------+------------+
; 0.727 ; master:master|sda_en   ; listen:listen|count[0] ; clk               ; master:master|scl ; 0.000        ; 0.767      ; 1.736      ;
; 0.821 ; listen:listen|count[4] ; listen:listen|count[4] ; master:master|scl ; master:master|scl ; 0.000        ; 0.081      ; 1.114      ;
; 0.908 ; listen:listen|data[26] ; listen:listen|data[26] ; master:master|scl ; master:master|scl ; 0.000        ; 0.081      ; 1.201      ;
; 0.977 ; listen:listen|count[6] ; listen:listen|count[6] ; master:master|scl ; master:master|scl ; 0.000        ; 0.081      ; 1.270      ;
; 0.978 ; listen:listen|count[5] ; listen:listen|count[5] ; master:master|scl ; master:master|scl ; 0.000        ; 0.081      ; 1.271      ;
; 0.983 ; listen:listen|count[3] ; listen:listen|count[3] ; master:master|scl ; master:master|scl ; 0.000        ; 0.081      ; 1.276      ;
; 0.994 ; listen:listen|count[2] ; listen:listen|count[2] ; master:master|scl ; master:master|scl ; 0.000        ; 0.081      ; 1.287      ;
; 1.013 ; listen:listen|count[0] ; listen:listen|count[0] ; master:master|scl ; master:master|scl ; 0.000        ; 0.081      ; 1.306      ;
; 1.026 ; listen:listen|count[1] ; listen:listen|count[1] ; master:master|scl ; master:master|scl ; 0.000        ; 0.081      ; 1.319      ;
; 1.044 ; listen:listen|data[4]  ; listen:listen|data[4]  ; master:master|scl ; master:master|scl ; 0.000        ; 0.081      ; 1.337      ;
; 1.060 ; master:master|sda_en   ; listen:listen|count[1] ; clk               ; master:master|scl ; 0.000        ; 0.767      ; 2.069      ;
; 1.068 ; listen:listen|data[13] ; listen:listen|data[13] ; master:master|scl ; master:master|scl ; 0.000        ; 0.081      ; 1.361      ;
; 1.071 ; listen:listen|count[1] ; listen:listen|data[6]  ; master:master|scl ; master:master|scl ; 0.000        ; 0.541      ; 1.824      ;
; 1.071 ; listen:listen|data[11] ; listen:listen|data[11] ; master:master|scl ; master:master|scl ; 0.000        ; 0.081      ; 1.364      ;
; 1.128 ; listen:listen|data[5]  ; listen:listen|data[5]  ; master:master|scl ; master:master|scl ; 0.000        ; 0.100      ; 1.440      ;
; 1.164 ; listen:listen|data[10] ; listen:listen|data[10] ; master:master|scl ; master:master|scl ; 0.000        ; 0.082      ; 1.458      ;
; 1.166 ; master:master|sda_en   ; listen:listen|count[2] ; clk               ; master:master|scl ; 0.000        ; 0.767      ; 2.175      ;
; 1.168 ; listen:listen|data[15] ; listen:listen|data[15] ; master:master|scl ; master:master|scl ; 0.000        ; 0.082      ; 1.462      ;
; 1.182 ; listen:listen|count[4] ; listen:listen|count[5] ; master:master|scl ; master:master|scl ; 0.000        ; 0.081      ; 1.475      ;
; 1.191 ; listen:listen|count[4] ; listen:listen|count[6] ; master:master|scl ; master:master|scl ; 0.000        ; 0.081      ; 1.484      ;
; 1.195 ; listen:listen|data[25] ; listen:listen|data[25] ; master:master|scl ; master:master|scl ; 0.000        ; 0.081      ; 1.488      ;
; 1.200 ; master:master|sda_en   ; listen:listen|count[3] ; clk               ; master:master|scl ; 0.000        ; 0.767      ; 2.209      ;
; 1.306 ; master:master|sda_en   ; listen:listen|count[4] ; clk               ; master:master|scl ; 0.000        ; 0.767      ; 2.315      ;
; 1.327 ; listen:listen|data[20] ; listen:listen|data[20] ; master:master|scl ; master:master|scl ; 0.000        ; 0.081      ; 1.620      ;
; 1.333 ; listen:listen|count[5] ; listen:listen|count[6] ; master:master|scl ; master:master|scl ; 0.000        ; 0.081      ; 1.626      ;
; 1.337 ; listen:listen|count[3] ; listen:listen|count[4] ; master:master|scl ; master:master|scl ; 0.000        ; 0.081      ; 1.630      ;
; 1.340 ; master:master|sda_en   ; listen:listen|count[5] ; clk               ; master:master|scl ; 0.000        ; 0.767      ; 2.349      ;
; 1.340 ; listen:listen|count[0] ; listen:listen|count[1] ; master:master|scl ; master:master|scl ; 0.000        ; 0.081      ; 1.633      ;
; 1.348 ; listen:listen|count[2] ; listen:listen|count[3] ; master:master|scl ; master:master|scl ; 0.000        ; 0.081      ; 1.641      ;
; 1.352 ; listen:listen|data[24] ; listen:listen|data[24] ; master:master|scl ; master:master|scl ; 0.000        ; 0.081      ; 1.645      ;
; 1.359 ; listen:listen|data[22] ; listen:listen|data[22] ; master:master|scl ; master:master|scl ; 0.000        ; 0.082      ; 1.653      ;
; 1.359 ; listen:listen|data[14] ; listen:listen|data[14] ; master:master|scl ; master:master|scl ; 0.000        ; 0.082      ; 1.653      ;
; 1.363 ; listen:listen|data[16] ; listen:listen|data[16] ; master:master|scl ; master:master|scl ; 0.000        ; 0.081      ; 1.656      ;
; 1.364 ; listen:listen|count[2] ; listen:listen|count[4] ; master:master|scl ; master:master|scl ; 0.000        ; 0.081      ; 1.657      ;
; 1.365 ; listen:listen|count[0] ; listen:listen|count[2] ; master:master|scl ; master:master|scl ; 0.000        ; 0.081      ; 1.658      ;
; 1.380 ; listen:listen|count[1] ; listen:listen|count[2] ; master:master|scl ; master:master|scl ; 0.000        ; 0.081      ; 1.673      ;
; 1.396 ; listen:listen|data[21] ; listen:listen|data[21] ; master:master|scl ; master:master|scl ; 0.000        ; 0.081      ; 1.689      ;
; 1.399 ; listen:listen|data[17] ; listen:listen|data[17] ; master:master|scl ; master:master|scl ; 0.000        ; 0.081      ; 1.692      ;
; 1.421 ; listen:listen|count[3] ; listen:listen|count[5] ; master:master|scl ; master:master|scl ; 0.000        ; 0.081      ; 1.714      ;
; 1.446 ; master:master|sda_en   ; listen:listen|count[6] ; clk               ; master:master|scl ; 0.000        ; 0.767      ; 2.455      ;
; 1.472 ; listen:listen|count[1] ; listen:listen|count[3] ; master:master|scl ; master:master|scl ; 0.000        ; 0.081      ; 1.765      ;
; 1.477 ; listen:listen|count[3] ; listen:listen|count[6] ; master:master|scl ; master:master|scl ; 0.000        ; 0.081      ; 1.770      ;
; 1.478 ; listen:listen|data[19] ; listen:listen|data[19] ; master:master|scl ; master:master|scl ; 0.000        ; 0.081      ; 1.771      ;
; 1.480 ; listen:listen|count[0] ; listen:listen|count[3] ; master:master|scl ; master:master|scl ; 0.000        ; 0.081      ; 1.773      ;
; 1.488 ; listen:listen|count[2] ; listen:listen|count[5] ; master:master|scl ; master:master|scl ; 0.000        ; 0.081      ; 1.781      ;
; 1.496 ; listen:listen|data[23] ; listen:listen|data[23] ; master:master|scl ; master:master|scl ; 0.000        ; 0.082      ; 1.790      ;
; 1.504 ; listen:listen|count[2] ; listen:listen|count[6] ; master:master|scl ; master:master|scl ; 0.000        ; 0.081      ; 1.797      ;
; 1.505 ; listen:listen|count[0] ; listen:listen|count[4] ; master:master|scl ; master:master|scl ; 0.000        ; 0.081      ; 1.798      ;
; 1.511 ; listen:listen|count[2] ; listen:listen|data[25] ; master:master|scl ; master:master|scl ; 0.000        ; 0.080      ; 1.803      ;
; 1.513 ; listen:listen|count[2] ; listen:listen|data[17] ; master:master|scl ; master:master|scl ; 0.000        ; 0.080      ; 1.805      ;
; 1.514 ; listen:listen|count[1] ; listen:listen|data[24] ; master:master|scl ; master:master|scl ; 0.000        ; 0.081      ; 1.807      ;
; 1.520 ; listen:listen|count[1] ; listen:listen|data[5]  ; master:master|scl ; master:master|scl ; 0.000        ; 0.541      ; 2.273      ;
; 1.520 ; listen:listen|count[1] ; listen:listen|count[4] ; master:master|scl ; master:master|scl ; 0.000        ; 0.081      ; 1.813      ;
; 1.522 ; listen:listen|count[2] ; listen:listen|data[13] ; master:master|scl ; master:master|scl ; 0.000        ; 0.080      ; 1.814      ;
; 1.540 ; listen:listen|count[4] ; listen:listen|data[6]  ; master:master|scl ; master:master|scl ; 0.000        ; 0.541      ; 2.293      ;
; 1.564 ; listen:listen|count[0] ; listen:listen|data[6]  ; master:master|scl ; master:master|scl ; 0.000        ; 0.541      ; 2.317      ;
; 1.574 ; listen:listen|count[2] ; listen:listen|data[6]  ; master:master|scl ; master:master|scl ; 0.000        ; 0.541      ; 2.327      ;
; 1.578 ; listen:listen|data[6]  ; listen:listen|data[6]  ; master:master|scl ; master:master|scl ; 0.000        ; 0.100      ; 1.890      ;
; 1.581 ; listen:listen|data[8]  ; listen:listen|data[8]  ; master:master|scl ; master:master|scl ; 0.000        ; 0.081      ; 1.874      ;
; 1.599 ; master:master|sda_en   ; listen:listen|data[6]  ; clk               ; master:master|scl ; 0.000        ; 1.227      ; 3.068      ;
; 1.600 ; listen:listen|data[3]  ; listen:listen|data[3]  ; master:master|scl ; master:master|scl ; 0.000        ; 0.081      ; 1.893      ;
; 1.612 ; listen:listen|count[1] ; listen:listen|count[5] ; master:master|scl ; master:master|scl ; 0.000        ; 0.081      ; 1.905      ;
; 1.620 ; listen:listen|count[0] ; listen:listen|count[5] ; master:master|scl ; master:master|scl ; 0.000        ; 0.081      ; 1.913      ;
; 1.645 ; listen:listen|count[0] ; listen:listen|count[6] ; master:master|scl ; master:master|scl ; 0.000        ; 0.081      ; 1.938      ;
; 1.658 ; listen:listen|count[6] ; listen:listen|count[2] ; master:master|scl ; master:master|scl ; 0.000        ; 0.081      ; 1.951      ;
; 1.658 ; listen:listen|count[6] ; listen:listen|count[1] ; master:master|scl ; master:master|scl ; 0.000        ; 0.081      ; 1.951      ;
; 1.658 ; listen:listen|count[6] ; listen:listen|count[0] ; master:master|scl ; master:master|scl ; 0.000        ; 0.081      ; 1.951      ;
; 1.658 ; listen:listen|count[6] ; listen:listen|count[3] ; master:master|scl ; master:master|scl ; 0.000        ; 0.081      ; 1.951      ;
; 1.658 ; listen:listen|count[6] ; listen:listen|count[4] ; master:master|scl ; master:master|scl ; 0.000        ; 0.081      ; 1.951      ;
; 1.658 ; listen:listen|count[6] ; listen:listen|count[5] ; master:master|scl ; master:master|scl ; 0.000        ; 0.081      ; 1.951      ;
; 1.660 ; listen:listen|count[1] ; listen:listen|count[6] ; master:master|scl ; master:master|scl ; 0.000        ; 0.081      ; 1.953      ;
; 1.690 ; listen:listen|count[1] ; listen:listen|data[4]  ; master:master|scl ; master:master|scl ; 0.000        ; 0.083      ; 1.985      ;
; 1.699 ; listen:listen|count[4] ; listen:listen|data[11] ; master:master|scl ; master:master|scl ; 0.000        ; 0.081      ; 1.992      ;
; 1.705 ; listen:listen|count[1] ; listen:listen|data[26] ; master:master|scl ; master:master|scl ; 0.000        ; 0.083      ; 2.000      ;
; 1.730 ; listen:listen|count[0] ; listen:listen|data[5]  ; master:master|scl ; master:master|scl ; 0.000        ; 0.541      ; 2.483      ;
; 1.773 ; listen:listen|data[18] ; listen:listen|data[18] ; master:master|scl ; master:master|scl ; 0.000        ; 0.082      ; 2.067      ;
; 1.783 ; listen:listen|count[5] ; listen:listen|count[2] ; master:master|scl ; master:master|scl ; 0.000        ; 0.081      ; 2.076      ;
; 1.783 ; listen:listen|count[5] ; listen:listen|count[1] ; master:master|scl ; master:master|scl ; 0.000        ; 0.081      ; 2.076      ;
; 1.783 ; listen:listen|count[5] ; listen:listen|count[0] ; master:master|scl ; master:master|scl ; 0.000        ; 0.081      ; 2.076      ;
; 1.783 ; listen:listen|count[5] ; listen:listen|count[3] ; master:master|scl ; master:master|scl ; 0.000        ; 0.081      ; 2.076      ;
; 1.783 ; listen:listen|count[5] ; listen:listen|count[4] ; master:master|scl ; master:master|scl ; 0.000        ; 0.081      ; 2.076      ;
; 1.793 ; listen:listen|count[5] ; listen:listen|data[6]  ; master:master|scl ; master:master|scl ; 0.000        ; 0.541      ; 2.546      ;
; 1.806 ; listen:listen|count[4] ; listen:listen|count[2] ; master:master|scl ; master:master|scl ; 0.000        ; 0.081      ; 2.099      ;
; 1.806 ; listen:listen|count[4] ; listen:listen|count[1] ; master:master|scl ; master:master|scl ; 0.000        ; 0.081      ; 2.099      ;
; 1.806 ; listen:listen|count[4] ; listen:listen|count[0] ; master:master|scl ; master:master|scl ; 0.000        ; 0.081      ; 2.099      ;
; 1.806 ; listen:listen|count[4] ; listen:listen|count[3] ; master:master|scl ; master:master|scl ; 0.000        ; 0.081      ; 2.099      ;
; 1.845 ; listen:listen|count[2] ; listen:listen|data[5]  ; master:master|scl ; master:master|scl ; 0.000        ; 0.541      ; 2.598      ;
; 1.845 ; listen:listen|count[2] ; listen:listen|data[21] ; master:master|scl ; master:master|scl ; 0.000        ; 0.081      ; 2.138      ;
; 1.876 ; listen:listen|count[4] ; listen:listen|data[13] ; master:master|scl ; master:master|scl ; 0.000        ; 0.080      ; 2.168      ;
; 1.879 ; listen:listen|count[4] ; listen:listen|data[25] ; master:master|scl ; master:master|scl ; 0.000        ; 0.080      ; 2.171      ;
; 1.879 ; listen:listen|count[4] ; listen:listen|data[17] ; master:master|scl ; master:master|scl ; 0.000        ; 0.080      ; 2.171      ;
; 1.883 ; listen:listen|count[4] ; listen:listen|data[5]  ; master:master|scl ; master:master|scl ; 0.000        ; 0.541      ; 2.636      ;
; 1.922 ; listen:listen|count[0] ; listen:listen|data[14] ; master:master|scl ; master:master|scl ; 0.000        ; 0.081      ; 2.215      ;
; 1.924 ; listen:listen|count[0] ; listen:listen|data[22] ; master:master|scl ; master:master|scl ; 0.000        ; 0.081      ; 2.217      ;
; 1.926 ; listen:listen|count[0] ; listen:listen|data[16] ; master:master|scl ; master:master|scl ; 0.000        ; 0.083      ; 2.221      ;
; 1.933 ; listen:listen|count[3] ; listen:listen|data[6]  ; master:master|scl ; master:master|scl ; 0.000        ; 0.541      ; 2.686      ;
; 1.934 ; listen:listen|count[6] ; listen:listen|data[6]  ; master:master|scl ; master:master|scl ; 0.000        ; 0.541      ; 2.687      ;
; 1.944 ; listen:listen|count[4] ; listen:listen|data[16] ; master:master|scl ; master:master|scl ; 0.000        ; 0.083      ; 2.239      ;
; 1.966 ; master:master|sda_en   ; listen:listen|data[5]  ; clk               ; master:master|scl ; 0.000        ; 1.227      ; 3.435      ;
; 1.970 ; listen:listen|data[9]  ; listen:listen|data[9]  ; master:master|scl ; master:master|scl ; 0.000        ; 0.081      ; 2.263      ;
+-------+------------------------+------------------------+-------------------+-------------------+--------------+------------+------------+


-----------------------------------------------
; Slow 1200mV 85C Model Metastability Summary ;
-----------------------------------------------
No synchronizer chains to report.


+-----------------------------------------------------------------------+
; Slow 1200mV 0C Model Fmax Summary                                     ;
+------------+-----------------+---------------------------------+------+
; Fmax       ; Restricted Fmax ; Clock Name                      ; Note ;
+------------+-----------------+---------------------------------+------+
; 37.18 MHz  ; 37.18 MHz       ; clk                             ;      ;
; 278.71 MHz ; 278.71 MHz      ; lcddin_mod:lcd_display|clk_16ms ;      ;
; 278.78 MHz ; 278.78 MHz      ; master:master|scl               ;      ;
+------------+-----------------+---------------------------------+------+
This panel reports FMAX for every clock in the design, regardless of the user-specified clock periods.  FMAX is only computed for paths where the source and destination registers or ports are driven by the same clock.  Paths of different clocks, including generated clocks, are ignored.  For paths between a clock and its inversion, FMAX is computed as if the rising and falling edges are scaled along with FMAX, such that the duty cycle (in terms of a percentage) is maintained. Altera recommends that you always use clock constraints and other slack reports for sign-off analysis.


+-----------------------------------------------------------+
; Slow 1200mV 0C Model Setup Summary                        ;
+---------------------------------+---------+---------------+
; Clock                           ; Slack   ; End Point TNS ;
+---------------------------------+---------+---------------+
; clk                             ; -25.895 ; -1143.142     ;
; lcddin_mod:lcd_display|clk_16ms ; -2.588  ; -27.802       ;
; master:master|scl               ; -2.587  ; -62.956       ;
; beg_com:beg_com|beg             ; -1.012  ; -8.626        ;
+---------------------------------+---------+---------------+


+---------------------------------------------------------+
; Slow 1200mV 0C Model Hold Summary                       ;
+---------------------------------+-------+---------------+
; Clock                           ; Slack ; End Point TNS ;
+---------------------------------+-------+---------------+
; clk                             ; 0.382 ; 0.000         ;
; lcddin_mod:lcd_display|clk_16ms ; 0.401 ; 0.000         ;
; beg_com:beg_com|beg             ; 0.424 ; 0.000         ;
; master:master|scl               ; 0.573 ; 0.000         ;
+---------------------------------+-------+---------------+


-----------------------------------------
; Slow 1200mV 0C Model Recovery Summary ;
-----------------------------------------
No paths to report.


----------------------------------------
; Slow 1200mV 0C Model Removal Summary ;
----------------------------------------
No paths to report.


+----------------------------------------------------------+
; Slow 1200mV 0C Model Minimum Pulse Width Summary         ;
+---------------------------------+--------+---------------+
; Clock                           ; Slack  ; End Point TNS ;
+---------------------------------+--------+---------------+
; clk                             ; -3.000 ; -184.414      ;
; master:master|scl               ; -1.487 ; -46.097       ;
; beg_com:beg_com|beg             ; -1.487 ; -35.688       ;
; lcddin_mod:lcd_display|clk_16ms ; -1.487 ; -32.714       ;
+---------------------------------+--------+---------------+


+---------------------------------------------------------------------------------------------------------------------------------------+
; Slow 1200mV 0C Model Setup: 'clk'                                                                                                     ;
+---------+---------------------------+---------------------------+--------------+-------------+--------------+------------+------------+
; Slack   ; From Node                 ; To Node                   ; Launch Clock ; Latch Clock ; Relationship ; Clock Skew ; Data Delay ;
+---------+---------------------------+---------------------------+--------------+-------------+--------------+------------+------------+
; -25.895 ; master:master|counter[8]  ; master:master|scl         ; clk          ; clk         ; 1.000        ; -0.069     ; 26.828     ;
; -25.793 ; master:master|counter[7]  ; master:master|scl         ; clk          ; clk         ; 1.000        ; -0.069     ; 26.726     ;
; -25.767 ; master:master|counter[10] ; master:master|scl         ; clk          ; clk         ; 1.000        ; -0.069     ; 26.700     ;
; -25.675 ; master:master|counter[9]  ; master:master|scl         ; clk          ; clk         ; 1.000        ; -0.069     ; 26.608     ;
; -25.643 ; master:master|counter[12] ; master:master|scl         ; clk          ; clk         ; 1.000        ; -0.069     ; 26.576     ;
; -25.554 ; master:master|counter[11] ; master:master|scl         ; clk          ; clk         ; 1.000        ; -0.069     ; 26.487     ;
; -25.429 ; master:master|counter[13] ; master:master|scl         ; clk          ; clk         ; 1.000        ; -0.069     ; 26.362     ;
; -25.376 ; master:master|counter[8]  ; master:master|counter[13] ; clk          ; clk         ; 1.000        ; -0.073     ; 26.305     ;
; -25.376 ; master:master|counter[8]  ; master:master|counter[7]  ; clk          ; clk         ; 1.000        ; -0.073     ; 26.305     ;
; -25.376 ; master:master|counter[8]  ; master:master|counter[8]  ; clk          ; clk         ; 1.000        ; -0.073     ; 26.305     ;
; -25.376 ; master:master|counter[8]  ; master:master|counter[9]  ; clk          ; clk         ; 1.000        ; -0.073     ; 26.305     ;
; -25.376 ; master:master|counter[8]  ; master:master|counter[10] ; clk          ; clk         ; 1.000        ; -0.073     ; 26.305     ;
; -25.376 ; master:master|counter[8]  ; master:master|counter[11] ; clk          ; clk         ; 1.000        ; -0.073     ; 26.305     ;
; -25.376 ; master:master|counter[8]  ; master:master|counter[12] ; clk          ; clk         ; 1.000        ; -0.073     ; 26.305     ;
; -25.274 ; master:master|counter[7]  ; master:master|counter[13] ; clk          ; clk         ; 1.000        ; -0.073     ; 26.203     ;
; -25.274 ; master:master|counter[7]  ; master:master|counter[7]  ; clk          ; clk         ; 1.000        ; -0.073     ; 26.203     ;
; -25.274 ; master:master|counter[7]  ; master:master|counter[8]  ; clk          ; clk         ; 1.000        ; -0.073     ; 26.203     ;
; -25.274 ; master:master|counter[7]  ; master:master|counter[9]  ; clk          ; clk         ; 1.000        ; -0.073     ; 26.203     ;
; -25.274 ; master:master|counter[7]  ; master:master|counter[10] ; clk          ; clk         ; 1.000        ; -0.073     ; 26.203     ;
; -25.274 ; master:master|counter[7]  ; master:master|counter[11] ; clk          ; clk         ; 1.000        ; -0.073     ; 26.203     ;
; -25.274 ; master:master|counter[7]  ; master:master|counter[12] ; clk          ; clk         ; 1.000        ; -0.073     ; 26.203     ;
; -25.248 ; master:master|counter[10] ; master:master|counter[13] ; clk          ; clk         ; 1.000        ; -0.073     ; 26.177     ;
; -25.248 ; master:master|counter[10] ; master:master|counter[7]  ; clk          ; clk         ; 1.000        ; -0.073     ; 26.177     ;
; -25.248 ; master:master|counter[10] ; master:master|counter[8]  ; clk          ; clk         ; 1.000        ; -0.073     ; 26.177     ;
; -25.248 ; master:master|counter[10] ; master:master|counter[9]  ; clk          ; clk         ; 1.000        ; -0.073     ; 26.177     ;
; -25.248 ; master:master|counter[10] ; master:master|counter[10] ; clk          ; clk         ; 1.000        ; -0.073     ; 26.177     ;
; -25.248 ; master:master|counter[10] ; master:master|counter[11] ; clk          ; clk         ; 1.000        ; -0.073     ; 26.177     ;
; -25.248 ; master:master|counter[10] ; master:master|counter[12] ; clk          ; clk         ; 1.000        ; -0.073     ; 26.177     ;
; -25.156 ; master:master|counter[9]  ; master:master|counter[13] ; clk          ; clk         ; 1.000        ; -0.073     ; 26.085     ;
; -25.156 ; master:master|counter[9]  ; master:master|counter[7]  ; clk          ; clk         ; 1.000        ; -0.073     ; 26.085     ;
; -25.156 ; master:master|counter[9]  ; master:master|counter[8]  ; clk          ; clk         ; 1.000        ; -0.073     ; 26.085     ;
; -25.156 ; master:master|counter[9]  ; master:master|counter[9]  ; clk          ; clk         ; 1.000        ; -0.073     ; 26.085     ;
; -25.156 ; master:master|counter[9]  ; master:master|counter[10] ; clk          ; clk         ; 1.000        ; -0.073     ; 26.085     ;
; -25.156 ; master:master|counter[9]  ; master:master|counter[11] ; clk          ; clk         ; 1.000        ; -0.073     ; 26.085     ;
; -25.156 ; master:master|counter[9]  ; master:master|counter[12] ; clk          ; clk         ; 1.000        ; -0.073     ; 26.085     ;
; -25.124 ; master:master|counter[12] ; master:master|counter[13] ; clk          ; clk         ; 1.000        ; -0.073     ; 26.053     ;
; -25.124 ; master:master|counter[12] ; master:master|counter[7]  ; clk          ; clk         ; 1.000        ; -0.073     ; 26.053     ;
; -25.124 ; master:master|counter[12] ; master:master|counter[8]  ; clk          ; clk         ; 1.000        ; -0.073     ; 26.053     ;
; -25.124 ; master:master|counter[12] ; master:master|counter[9]  ; clk          ; clk         ; 1.000        ; -0.073     ; 26.053     ;
; -25.124 ; master:master|counter[12] ; master:master|counter[10] ; clk          ; clk         ; 1.000        ; -0.073     ; 26.053     ;
; -25.124 ; master:master|counter[12] ; master:master|counter[11] ; clk          ; clk         ; 1.000        ; -0.073     ; 26.053     ;
; -25.124 ; master:master|counter[12] ; master:master|counter[12] ; clk          ; clk         ; 1.000        ; -0.073     ; 26.053     ;
; -25.059 ; master:master|counter[8]  ; master:master|counter[0]  ; clk          ; clk         ; 1.000        ; -0.066     ; 25.995     ;
; -25.059 ; master:master|counter[8]  ; master:master|counter[4]  ; clk          ; clk         ; 1.000        ; -0.066     ; 25.995     ;
; -25.059 ; master:master|counter[8]  ; master:master|counter[1]  ; clk          ; clk         ; 1.000        ; -0.066     ; 25.995     ;
; -25.059 ; master:master|counter[8]  ; master:master|counter[2]  ; clk          ; clk         ; 1.000        ; -0.066     ; 25.995     ;
; -25.059 ; master:master|counter[8]  ; master:master|counter[3]  ; clk          ; clk         ; 1.000        ; -0.066     ; 25.995     ;
; -25.059 ; master:master|counter[8]  ; master:master|counter[5]  ; clk          ; clk         ; 1.000        ; -0.066     ; 25.995     ;
; -25.059 ; master:master|counter[8]  ; master:master|counter[6]  ; clk          ; clk         ; 1.000        ; -0.066     ; 25.995     ;
; -25.035 ; master:master|counter[11] ; master:master|counter[13] ; clk          ; clk         ; 1.000        ; -0.073     ; 25.964     ;
; -25.035 ; master:master|counter[11] ; master:master|counter[7]  ; clk          ; clk         ; 1.000        ; -0.073     ; 25.964     ;
; -25.035 ; master:master|counter[11] ; master:master|counter[8]  ; clk          ; clk         ; 1.000        ; -0.073     ; 25.964     ;
; -25.035 ; master:master|counter[11] ; master:master|counter[9]  ; clk          ; clk         ; 1.000        ; -0.073     ; 25.964     ;
; -25.035 ; master:master|counter[11] ; master:master|counter[10] ; clk          ; clk         ; 1.000        ; -0.073     ; 25.964     ;
; -25.035 ; master:master|counter[11] ; master:master|counter[11] ; clk          ; clk         ; 1.000        ; -0.073     ; 25.964     ;
; -25.035 ; master:master|counter[11] ; master:master|counter[12] ; clk          ; clk         ; 1.000        ; -0.073     ; 25.964     ;
; -24.957 ; master:master|counter[7]  ; master:master|counter[0]  ; clk          ; clk         ; 1.000        ; -0.066     ; 25.893     ;
; -24.957 ; master:master|counter[7]  ; master:master|counter[4]  ; clk          ; clk         ; 1.000        ; -0.066     ; 25.893     ;
; -24.957 ; master:master|counter[7]  ; master:master|counter[1]  ; clk          ; clk         ; 1.000        ; -0.066     ; 25.893     ;
; -24.957 ; master:master|counter[7]  ; master:master|counter[2]  ; clk          ; clk         ; 1.000        ; -0.066     ; 25.893     ;
; -24.957 ; master:master|counter[7]  ; master:master|counter[3]  ; clk          ; clk         ; 1.000        ; -0.066     ; 25.893     ;
; -24.957 ; master:master|counter[7]  ; master:master|counter[5]  ; clk          ; clk         ; 1.000        ; -0.066     ; 25.893     ;
; -24.957 ; master:master|counter[7]  ; master:master|counter[6]  ; clk          ; clk         ; 1.000        ; -0.066     ; 25.893     ;
; -24.931 ; master:master|counter[10] ; master:master|counter[0]  ; clk          ; clk         ; 1.000        ; -0.066     ; 25.867     ;
; -24.931 ; master:master|counter[10] ; master:master|counter[4]  ; clk          ; clk         ; 1.000        ; -0.066     ; 25.867     ;
; -24.931 ; master:master|counter[10] ; master:master|counter[1]  ; clk          ; clk         ; 1.000        ; -0.066     ; 25.867     ;
; -24.931 ; master:master|counter[10] ; master:master|counter[2]  ; clk          ; clk         ; 1.000        ; -0.066     ; 25.867     ;
; -24.931 ; master:master|counter[10] ; master:master|counter[3]  ; clk          ; clk         ; 1.000        ; -0.066     ; 25.867     ;
; -24.931 ; master:master|counter[10] ; master:master|counter[5]  ; clk          ; clk         ; 1.000        ; -0.066     ; 25.867     ;
; -24.931 ; master:master|counter[10] ; master:master|counter[6]  ; clk          ; clk         ; 1.000        ; -0.066     ; 25.867     ;
; -24.910 ; master:master|counter[13] ; master:master|counter[13] ; clk          ; clk         ; 1.000        ; -0.073     ; 25.839     ;
; -24.910 ; master:master|counter[13] ; master:master|counter[7]  ; clk          ; clk         ; 1.000        ; -0.073     ; 25.839     ;
; -24.910 ; master:master|counter[13] ; master:master|counter[8]  ; clk          ; clk         ; 1.000        ; -0.073     ; 25.839     ;
; -24.910 ; master:master|counter[13] ; master:master|counter[9]  ; clk          ; clk         ; 1.000        ; -0.073     ; 25.839     ;
; -24.910 ; master:master|counter[13] ; master:master|counter[10] ; clk          ; clk         ; 1.000        ; -0.073     ; 25.839     ;
; -24.910 ; master:master|counter[13] ; master:master|counter[11] ; clk          ; clk         ; 1.000        ; -0.073     ; 25.839     ;
; -24.910 ; master:master|counter[13] ; master:master|counter[12] ; clk          ; clk         ; 1.000        ; -0.073     ; 25.839     ;
; -24.839 ; master:master|counter[9]  ; master:master|counter[0]  ; clk          ; clk         ; 1.000        ; -0.066     ; 25.775     ;
; -24.839 ; master:master|counter[9]  ; master:master|counter[4]  ; clk          ; clk         ; 1.000        ; -0.066     ; 25.775     ;
; -24.839 ; master:master|counter[9]  ; master:master|counter[1]  ; clk          ; clk         ; 1.000        ; -0.066     ; 25.775     ;
; -24.839 ; master:master|counter[9]  ; master:master|counter[2]  ; clk          ; clk         ; 1.000        ; -0.066     ; 25.775     ;
; -24.839 ; master:master|counter[9]  ; master:master|counter[3]  ; clk          ; clk         ; 1.000        ; -0.066     ; 25.775     ;
; -24.839 ; master:master|counter[9]  ; master:master|counter[5]  ; clk          ; clk         ; 1.000        ; -0.066     ; 25.775     ;
; -24.839 ; master:master|counter[9]  ; master:master|counter[6]  ; clk          ; clk         ; 1.000        ; -0.066     ; 25.775     ;
; -24.807 ; master:master|counter[12] ; master:master|counter[0]  ; clk          ; clk         ; 1.000        ; -0.066     ; 25.743     ;
; -24.807 ; master:master|counter[12] ; master:master|counter[4]  ; clk          ; clk         ; 1.000        ; -0.066     ; 25.743     ;
; -24.807 ; master:master|counter[12] ; master:master|counter[1]  ; clk          ; clk         ; 1.000        ; -0.066     ; 25.743     ;
; -24.807 ; master:master|counter[12] ; master:master|counter[2]  ; clk          ; clk         ; 1.000        ; -0.066     ; 25.743     ;
; -24.807 ; master:master|counter[12] ; master:master|counter[3]  ; clk          ; clk         ; 1.000        ; -0.066     ; 25.743     ;
; -24.807 ; master:master|counter[12] ; master:master|counter[5]  ; clk          ; clk         ; 1.000        ; -0.066     ; 25.743     ;
; -24.807 ; master:master|counter[12] ; master:master|counter[6]  ; clk          ; clk         ; 1.000        ; -0.066     ; 25.743     ;
; -24.718 ; master:master|counter[11] ; master:master|counter[0]  ; clk          ; clk         ; 1.000        ; -0.066     ; 25.654     ;
; -24.718 ; master:master|counter[11] ; master:master|counter[4]  ; clk          ; clk         ; 1.000        ; -0.066     ; 25.654     ;
; -24.718 ; master:master|counter[11] ; master:master|counter[1]  ; clk          ; clk         ; 1.000        ; -0.066     ; 25.654     ;
; -24.718 ; master:master|counter[11] ; master:master|counter[2]  ; clk          ; clk         ; 1.000        ; -0.066     ; 25.654     ;
; -24.718 ; master:master|counter[11] ; master:master|counter[3]  ; clk          ; clk         ; 1.000        ; -0.066     ; 25.654     ;
; -24.718 ; master:master|counter[11] ; master:master|counter[5]  ; clk          ; clk         ; 1.000        ; -0.066     ; 25.654     ;
; -24.718 ; master:master|counter[11] ; master:master|counter[6]  ; clk          ; clk         ; 1.000        ; -0.066     ; 25.654     ;
; -24.593 ; master:master|counter[13] ; master:master|counter[0]  ; clk          ; clk         ; 1.000        ; -0.066     ; 25.529     ;
; -24.593 ; master:master|counter[13] ; master:master|counter[4]  ; clk          ; clk         ; 1.000        ; -0.066     ; 25.529     ;
+---------+---------------------------+---------------------------+--------------+-------------+--------------+------------+------------+


+-------------------------------------------------------------------------------------------------------------------------------------------------------------------------------------------------------------------------------+
; Slow 1200mV 0C Model Setup: 'lcddin_mod:lcd_display|clk_16ms'                                                                                                                                                                 ;
+--------+----------------------------------------------------+----------------------------------------------------+---------------------------------+---------------------------------+--------------+------------+------------+
; Slack  ; From Node                                          ; To Node                                            ; Launch Clock                    ; Latch Clock                     ; Relationship ; Clock Skew ; Data Delay ;
+--------+----------------------------------------------------+----------------------------------------------------+---------------------------------+---------------------------------+--------------+------------+------------+
; -2.588 ; lcddin_mod:lcd_display|data_counter[0]             ; lcddin_mod:lcd_display|data[2]                     ; lcddin_mod:lcd_display|clk_16ms ; lcddin_mod:lcd_display|clk_16ms ; 1.000        ; -0.073     ; 3.517      ;
; -2.570 ; lcddin_mod:lcd_display|data_counter[2]             ; lcddin_mod:lcd_display|data[2]                     ; lcddin_mod:lcd_display|clk_16ms ; lcddin_mod:lcd_display|clk_16ms ; 1.000        ; -0.073     ; 3.499      ;
; -2.334 ; lcddin_mod:lcd_display|data_counter[0]             ; lcddin_mod:lcd_display|data[1]                     ; lcddin_mod:lcd_display|clk_16ms ; lcddin_mod:lcd_display|clk_16ms ; 1.000        ; -0.072     ; 3.264      ;
; -2.296 ; lcddin_mod:lcd_display|data_counter[1]             ; lcddin_mod:lcd_display|data[0]                     ; lcddin_mod:lcd_display|clk_16ms ; lcddin_mod:lcd_display|clk_16ms ; 1.000        ; -0.072     ; 3.226      ;
; -2.246 ; lcddin_mod:lcd_display|data_counter[2]             ; lcddin_mod:lcd_display|data[1]                     ; lcddin_mod:lcd_display|clk_16ms ; lcddin_mod:lcd_display|clk_16ms ; 1.000        ; -0.072     ; 3.176      ;
; -2.194 ; lcddin_mod:lcd_display|data_counter[1]             ; lcddin_mod:lcd_display|data[2]                     ; lcddin_mod:lcd_display|clk_16ms ; lcddin_mod:lcd_display|clk_16ms ; 1.000        ; -0.073     ; 3.123      ;
; -2.194 ; lcddin_mod:lcd_display|data_counter[0]             ; lcddin_mod:lcd_display|data[0]                     ; lcddin_mod:lcd_display|clk_16ms ; lcddin_mod:lcd_display|clk_16ms ; 1.000        ; -0.072     ; 3.124      ;
; -2.190 ; lcddin_mod:lcd_display|data_counter[2]             ; lcddin_mod:lcd_display|data[0]                     ; lcddin_mod:lcd_display|clk_16ms ; lcddin_mod:lcd_display|clk_16ms ; 1.000        ; -0.072     ; 3.120      ;
; -2.018 ; lcddin_mod:lcd_display|data_counter[1]             ; lcddin_mod:lcd_display|data[1]                     ; lcddin_mod:lcd_display|clk_16ms ; lcddin_mod:lcd_display|clk_16ms ; 1.000        ; -0.072     ; 2.948      ;
; -1.883 ; lcddin_mod:lcd_display|data_counter[0]             ; lcddin_mod:lcd_display|data[3]                     ; lcddin_mod:lcd_display|clk_16ms ; lcddin_mod:lcd_display|clk_16ms ; 1.000        ; -0.073     ; 2.812      ;
; -1.805 ; lcddin_mod:lcd_display|data_counter[1]             ; lcddin_mod:lcd_display|data[3]                     ; lcddin_mod:lcd_display|clk_16ms ; lcddin_mod:lcd_display|clk_16ms ; 1.000        ; -0.073     ; 2.734      ;
; -1.787 ; lcddin_mod:lcd_display|fsm_state.IDLE              ; lcddin_mod:lcd_display|data[1]                     ; lcddin_mod:lcd_display|clk_16ms ; lcddin_mod:lcd_display|clk_16ms ; 1.000        ; -0.072     ; 2.717      ;
; -1.760 ; lcddin_mod:lcd_display|command_counter[0]          ; lcddin_mod:lcd_display|data[5]                     ; lcddin_mod:lcd_display|clk_16ms ; lcddin_mod:lcd_display|clk_16ms ; 1.000        ; -0.075     ; 2.687      ;
; -1.744 ; lcddin_mod:lcd_display|data_counter[2]             ; lcddin_mod:lcd_display|fsm_state.WR_STATIC_TEXT_1L ; lcddin_mod:lcd_display|clk_16ms ; lcddin_mod:lcd_display|clk_16ms ; 1.000        ; -0.074     ; 2.672      ;
; -1.739 ; lcddin_mod:lcd_display|data_counter[3]             ; lcddin_mod:lcd_display|data[3]                     ; lcddin_mod:lcd_display|clk_16ms ; lcddin_mod:lcd_display|clk_16ms ; 1.000        ; -0.073     ; 2.668      ;
; -1.731 ; lcddin_mod:lcd_display|command_counter[1]          ; lcddin_mod:lcd_display|data[5]                     ; lcddin_mod:lcd_display|clk_16ms ; lcddin_mod:lcd_display|clk_16ms ; 1.000        ; -0.075     ; 2.658      ;
; -1.627 ; lcddin_mod:lcd_display|fsm_state.IDLE              ; lcddin_mod:lcd_display|data[0]                     ; lcddin_mod:lcd_display|clk_16ms ; lcddin_mod:lcd_display|clk_16ms ; 1.000        ; -0.072     ; 2.557      ;
; -1.605 ; lcddin_mod:lcd_display|data_counter[2]             ; lcddin_mod:lcd_display|data[5]                     ; lcddin_mod:lcd_display|clk_16ms ; lcddin_mod:lcd_display|clk_16ms ; 1.000        ; -0.074     ; 2.533      ;
; -1.601 ; lcddin_mod:lcd_display|data_counter[4]             ; lcddin_mod:lcd_display|data[2]                     ; lcddin_mod:lcd_display|clk_16ms ; lcddin_mod:lcd_display|clk_16ms ; 1.000        ; -0.073     ; 2.530      ;
; -1.599 ; lcddin_mod:lcd_display|data_counter[4]             ; lcddin_mod:lcd_display|data[3]                     ; lcddin_mod:lcd_display|clk_16ms ; lcddin_mod:lcd_display|clk_16ms ; 1.000        ; -0.073     ; 2.528      ;
; -1.597 ; lcddin_mod:lcd_display|data_counter[0]             ; lcddin_mod:lcd_display|fsm_state.WR_STATIC_TEXT_1L ; lcddin_mod:lcd_display|clk_16ms ; lcddin_mod:lcd_display|clk_16ms ; 1.000        ; -0.074     ; 2.525      ;
; -1.554 ; lcddin_mod:lcd_display|data_counter[4]             ; lcddin_mod:lcd_display|data[1]                     ; lcddin_mod:lcd_display|clk_16ms ; lcddin_mod:lcd_display|clk_16ms ; 1.000        ; -0.072     ; 2.484      ;
; -1.553 ; lcddin_mod:lcd_display|data_counter[4]             ; lcddin_mod:lcd_display|data[0]                     ; lcddin_mod:lcd_display|clk_16ms ; lcddin_mod:lcd_display|clk_16ms ; 1.000        ; -0.072     ; 2.483      ;
; -1.520 ; lcddin_mod:lcd_display|text[10][0]                 ; lcddin_mod:lcd_display|data[0]                     ; clk                             ; lcddin_mod:lcd_display|clk_16ms ; 1.000        ; 0.087      ; 2.599      ;
; -1.515 ; lcddin_mod:lcd_display|fsm_state.CONFIG_CMD1       ; lcddin_mod:lcd_display|data[1]                     ; lcddin_mod:lcd_display|clk_16ms ; lcddin_mod:lcd_display|clk_16ms ; 1.000        ; -0.073     ; 2.444      ;
; -1.493 ; lcddin_mod:lcd_display|text[13][2]                 ; lcddin_mod:lcd_display|data[2]                     ; clk                             ; lcddin_mod:lcd_display|clk_16ms ; 1.000        ; 0.100      ; 2.585      ;
; -1.492 ; lcddin_mod:lcd_display|text[9][0]                  ; lcddin_mod:lcd_display|data[0]                     ; clk                             ; lcddin_mod:lcd_display|clk_16ms ; 1.000        ; 0.087      ; 2.571      ;
; -1.488 ; lcddin_mod:lcd_display|fsm_state.CONFIG_CMD1       ; lcddin_mod:lcd_display|data[5]                     ; lcddin_mod:lcd_display|clk_16ms ; lcddin_mod:lcd_display|clk_16ms ; 1.000        ; -0.075     ; 2.415      ;
; -1.476 ; lcddin_mod:lcd_display|data_counter[2]             ; lcddin_mod:lcd_display|data[3]                     ; lcddin_mod:lcd_display|clk_16ms ; lcddin_mod:lcd_display|clk_16ms ; 1.000        ; -0.073     ; 2.405      ;
; -1.465 ; lcddin_mod:lcd_display|text[9][2]                  ; lcddin_mod:lcd_display|data[2]                     ; clk                             ; lcddin_mod:lcd_display|clk_16ms ; 1.000        ; 0.100      ; 2.557      ;
; -1.449 ; lcddin_mod:lcd_display|data_counter[0]             ; lcddin_mod:lcd_display|data[5]                     ; lcddin_mod:lcd_display|clk_16ms ; lcddin_mod:lcd_display|clk_16ms ; 1.000        ; -0.074     ; 2.377      ;
; -1.444 ; lcddin_mod:lcd_display|data_counter[2]             ; lcddin_mod:lcd_display|fsm_state.WR_STATIC_TEXT_2L ; lcddin_mod:lcd_display|clk_16ms ; lcddin_mod:lcd_display|clk_16ms ; 1.000        ; -0.074     ; 2.372      ;
; -1.432 ; lcddin_mod:lcd_display|data_counter[1]             ; lcddin_mod:lcd_display|fsm_state.WR_STATIC_TEXT_1L ; lcddin_mod:lcd_display|clk_16ms ; lcddin_mod:lcd_display|clk_16ms ; 1.000        ; -0.074     ; 2.360      ;
; -1.416 ; lcddin_mod:lcd_display|fsm_state.CONFIG_CMD2       ; lcddin_mod:lcd_display|data[1]                     ; lcddin_mod:lcd_display|clk_16ms ; lcddin_mod:lcd_display|clk_16ms ; 1.000        ; -0.071     ; 2.347      ;
; -1.402 ; lcddin_mod:lcd_display|text[6][2]                  ; lcddin_mod:lcd_display|data[2]                     ; clk                             ; lcddin_mod:lcd_display|clk_16ms ; 1.000        ; 0.086      ; 2.480      ;
; -1.402 ; lcddin_mod:lcd_display|command_counter[0]          ; lcddin_mod:lcd_display|data[4]                     ; lcddin_mod:lcd_display|clk_16ms ; lcddin_mod:lcd_display|clk_16ms ; 1.000        ; -0.075     ; 2.329      ;
; -1.396 ; lcddin_mod:lcd_display|fsm_state.CONFIG_CMD1       ; lcddin_mod:lcd_display|data[0]                     ; lcddin_mod:lcd_display|clk_16ms ; lcddin_mod:lcd_display|clk_16ms ; 1.000        ; -0.073     ; 2.325      ;
; -1.379 ; lcddin_mod:lcd_display|data_counter[2]             ; lcddin_mod:lcd_display|fsm_state.CONFIG_CMD2       ; lcddin_mod:lcd_display|clk_16ms ; lcddin_mod:lcd_display|clk_16ms ; 1.000        ; -0.074     ; 2.307      ;
; -1.374 ; lcddin_mod:lcd_display|command_counter[0]          ; lcddin_mod:lcd_display|fsm_state.WR_STATIC_TEXT_1L ; lcddin_mod:lcd_display|clk_16ms ; lcddin_mod:lcd_display|clk_16ms ; 1.000        ; -0.075     ; 2.301      ;
; -1.373 ; lcddin_mod:lcd_display|text[7][2]                  ; lcddin_mod:lcd_display|data[2]                     ; clk                             ; lcddin_mod:lcd_display|clk_16ms ; 1.000        ; 0.086      ; 2.451      ;
; -1.373 ; lcddin_mod:lcd_display|command_counter[1]          ; lcddin_mod:lcd_display|data[4]                     ; lcddin_mod:lcd_display|clk_16ms ; lcddin_mod:lcd_display|clk_16ms ; 1.000        ; -0.075     ; 2.300      ;
; -1.345 ; lcddin_mod:lcd_display|command_counter[1]          ; lcddin_mod:lcd_display|fsm_state.WR_STATIC_TEXT_1L ; lcddin_mod:lcd_display|clk_16ms ; lcddin_mod:lcd_display|clk_16ms ; 1.000        ; -0.075     ; 2.272      ;
; -1.326 ; lcddin_mod:lcd_display|data_counter[3]             ; lcddin_mod:lcd_display|fsm_state.WR_STATIC_TEXT_1L ; lcddin_mod:lcd_display|clk_16ms ; lcddin_mod:lcd_display|clk_16ms ; 1.000        ; -0.074     ; 2.254      ;
; -1.318 ; lcddin_mod:lcd_display|data_counter[3]             ; lcddin_mod:lcd_display|data[2]                     ; lcddin_mod:lcd_display|clk_16ms ; lcddin_mod:lcd_display|clk_16ms ; 1.000        ; -0.073     ; 2.247      ;
; -1.317 ; lcddin_mod:lcd_display|text[6][1]                  ; lcddin_mod:lcd_display|data[1]                     ; clk                             ; lcddin_mod:lcd_display|clk_16ms ; 1.000        ; 0.087      ; 2.396      ;
; -1.313 ; lcddin_mod:lcd_display|text[12][2]                 ; lcddin_mod:lcd_display|data[2]                     ; clk                             ; lcddin_mod:lcd_display|clk_16ms ; 1.000        ; 0.100      ; 2.405      ;
; -1.297 ; lcddin_mod:lcd_display|fsm_state.CONFIG_CMD2       ; lcddin_mod:lcd_display|data[0]                     ; lcddin_mod:lcd_display|clk_16ms ; lcddin_mod:lcd_display|clk_16ms ; 1.000        ; -0.071     ; 2.228      ;
; -1.297 ; lcddin_mod:lcd_display|data_counter[0]             ; lcddin_mod:lcd_display|fsm_state.WR_STATIC_TEXT_2L ; lcddin_mod:lcd_display|clk_16ms ; lcddin_mod:lcd_display|clk_16ms ; 1.000        ; -0.074     ; 2.225      ;
; -1.284 ; lcddin_mod:lcd_display|data_counter[1]             ; lcddin_mod:lcd_display|data[5]                     ; lcddin_mod:lcd_display|clk_16ms ; lcddin_mod:lcd_display|clk_16ms ; 1.000        ; -0.074     ; 2.212      ;
; -1.271 ; lcddin_mod:lcd_display|text[9][3]                  ; lcddin_mod:lcd_display|data[3]                     ; clk                             ; lcddin_mod:lcd_display|clk_16ms ; 1.000        ; 0.086      ; 2.349      ;
; -1.253 ; lcddin_mod:lcd_display|fsm_state.CONFIG_CMD2       ; lcddin_mod:lcd_display|data_counter[4]             ; lcddin_mod:lcd_display|clk_16ms ; lcddin_mod:lcd_display|clk_16ms ; 1.000        ; -0.072     ; 2.183      ;
; -1.253 ; lcddin_mod:lcd_display|fsm_state.CONFIG_CMD2       ; lcddin_mod:lcd_display|data_counter[3]             ; lcddin_mod:lcd_display|clk_16ms ; lcddin_mod:lcd_display|clk_16ms ; 1.000        ; -0.072     ; 2.183      ;
; -1.253 ; lcddin_mod:lcd_display|fsm_state.CONFIG_CMD2       ; lcddin_mod:lcd_display|data_counter[2]             ; lcddin_mod:lcd_display|clk_16ms ; lcddin_mod:lcd_display|clk_16ms ; 1.000        ; -0.072     ; 2.183      ;
; -1.253 ; lcddin_mod:lcd_display|fsm_state.CONFIG_CMD2       ; lcddin_mod:lcd_display|data_counter[1]             ; lcddin_mod:lcd_display|clk_16ms ; lcddin_mod:lcd_display|clk_16ms ; 1.000        ; -0.072     ; 2.183      ;
; -1.253 ; lcddin_mod:lcd_display|fsm_state.CONFIG_CMD2       ; lcddin_mod:lcd_display|data_counter[0]             ; lcddin_mod:lcd_display|clk_16ms ; lcddin_mod:lcd_display|clk_16ms ; 1.000        ; -0.072     ; 2.183      ;
; -1.248 ; lcddin_mod:lcd_display|text[13][0]                 ; lcddin_mod:lcd_display|data[0]                     ; clk                             ; lcddin_mod:lcd_display|clk_16ms ; 1.000        ; 0.087      ; 2.327      ;
; -1.245 ; lcddin_mod:lcd_display|text[9][1]                  ; lcddin_mod:lcd_display|data[1]                     ; clk                             ; lcddin_mod:lcd_display|clk_16ms ; 1.000        ; 0.087      ; 2.324      ;
; -1.233 ; lcddin_mod:lcd_display|command_counter[0]          ; lcddin_mod:lcd_display|data[2]                     ; lcddin_mod:lcd_display|clk_16ms ; lcddin_mod:lcd_display|clk_16ms ; 1.000        ; -0.074     ; 2.161      ;
; -1.232 ; lcddin_mod:lcd_display|data_counter[0]             ; lcddin_mod:lcd_display|fsm_state.CONFIG_CMD2       ; lcddin_mod:lcd_display|clk_16ms ; lcddin_mod:lcd_display|clk_16ms ; 1.000        ; -0.074     ; 2.160      ;
; -1.202 ; lcddin_mod:lcd_display|data_counter[4]             ; lcddin_mod:lcd_display|data[6]                     ; lcddin_mod:lcd_display|clk_16ms ; lcddin_mod:lcd_display|clk_16ms ; 1.000        ; -0.074     ; 2.130      ;
; -1.194 ; lcddin_mod:lcd_display|command_counter[1]          ; lcddin_mod:lcd_display|data[2]                     ; lcddin_mod:lcd_display|clk_16ms ; lcddin_mod:lcd_display|clk_16ms ; 1.000        ; -0.074     ; 2.122      ;
; -1.180 ; lcddin_mod:lcd_display|fsm_state.WR_STATIC_TEXT_1L ; lcddin_mod:lcd_display|data[2]                     ; lcddin_mod:lcd_display|clk_16ms ; lcddin_mod:lcd_display|clk_16ms ; 1.000        ; -0.072     ; 2.110      ;
; -1.178 ; lcddin_mod:lcd_display|fsm_state.WR_STATIC_TEXT_1L ; lcddin_mod:lcd_display|data[3]                     ; lcddin_mod:lcd_display|clk_16ms ; lcddin_mod:lcd_display|clk_16ms ; 1.000        ; -0.072     ; 2.108      ;
; -1.178 ; lcddin_mod:lcd_display|data_counter[3]             ; lcddin_mod:lcd_display|data[5]                     ; lcddin_mod:lcd_display|clk_16ms ; lcddin_mod:lcd_display|clk_16ms ; 1.000        ; -0.074     ; 2.106      ;
; -1.175 ; lcddin_mod:lcd_display|command_counter[1]          ; lcddin_mod:lcd_display|data[1]                     ; lcddin_mod:lcd_display|clk_16ms ; lcddin_mod:lcd_display|clk_16ms ; 1.000        ; -0.073     ; 2.104      ;
; -1.169 ; lcddin_mod:lcd_display|data_counter[2]             ; lcddin_mod:lcd_display|data[4]                     ; lcddin_mod:lcd_display|clk_16ms ; lcddin_mod:lcd_display|clk_16ms ; 1.000        ; -0.074     ; 2.097      ;
; -1.143 ; lcddin_mod:lcd_display|text[6][0]                  ; lcddin_mod:lcd_display|data[0]                     ; clk                             ; lcddin_mod:lcd_display|clk_16ms ; 1.000        ; 0.087      ; 2.222      ;
; -1.132 ; lcddin_mod:lcd_display|data_counter[1]             ; lcddin_mod:lcd_display|fsm_state.WR_STATIC_TEXT_2L ; lcddin_mod:lcd_display|clk_16ms ; lcddin_mod:lcd_display|clk_16ms ; 1.000        ; -0.074     ; 2.060      ;
; -1.130 ; lcddin_mod:lcd_display|fsm_state.WR_STATIC_TEXT_1L ; lcddin_mod:lcd_display|data[1]                     ; lcddin_mod:lcd_display|clk_16ms ; lcddin_mod:lcd_display|clk_16ms ; 1.000        ; -0.071     ; 2.061      ;
; -1.130 ; lcddin_mod:lcd_display|fsm_state.CONFIG_CMD1       ; lcddin_mod:lcd_display|data[4]                     ; lcddin_mod:lcd_display|clk_16ms ; lcddin_mod:lcd_display|clk_16ms ; 1.000        ; -0.075     ; 2.057      ;
; -1.129 ; lcddin_mod:lcd_display|fsm_state.WR_STATIC_TEXT_1L ; lcddin_mod:lcd_display|data[0]                     ; lcddin_mod:lcd_display|clk_16ms ; lcddin_mod:lcd_display|clk_16ms ; 1.000        ; -0.071     ; 2.060      ;
; -1.127 ; lcddin_mod:lcd_display|command_counter[0]          ; lcddin_mod:lcd_display|data[1]                     ; lcddin_mod:lcd_display|clk_16ms ; lcddin_mod:lcd_display|clk_16ms ; 1.000        ; -0.073     ; 2.056      ;
; -1.121 ; lcddin_mod:lcd_display|text[6][3]                  ; lcddin_mod:lcd_display|data[3]                     ; clk                             ; lcddin_mod:lcd_display|clk_16ms ; 1.000        ; 0.086      ; 2.199      ;
; -1.117 ; lcddin_mod:lcd_display|data_counter[3]             ; lcddin_mod:lcd_display|data[1]                     ; lcddin_mod:lcd_display|clk_16ms ; lcddin_mod:lcd_display|clk_16ms ; 1.000        ; -0.072     ; 2.047      ;
; -1.102 ; lcddin_mod:lcd_display|fsm_state.CONFIG_CMD1       ; lcddin_mod:lcd_display|fsm_state.WR_STATIC_TEXT_1L ; lcddin_mod:lcd_display|clk_16ms ; lcddin_mod:lcd_display|clk_16ms ; 1.000        ; -0.075     ; 2.029      ;
; -1.091 ; lcddin_mod:lcd_display|text[7][3]                  ; lcddin_mod:lcd_display|data[3]                     ; clk                             ; lcddin_mod:lcd_display|clk_16ms ; 1.000        ; 0.086      ; 2.169      ;
; -1.068 ; lcddin_mod:lcd_display|data_counter[3]             ; lcddin_mod:lcd_display|data[0]                     ; lcddin_mod:lcd_display|clk_16ms ; lcddin_mod:lcd_display|clk_16ms ; 1.000        ; -0.072     ; 1.998      ;
; -1.067 ; lcddin_mod:lcd_display|data_counter[1]             ; lcddin_mod:lcd_display|fsm_state.CONFIG_CMD2       ; lcddin_mod:lcd_display|clk_16ms ; lcddin_mod:lcd_display|clk_16ms ; 1.000        ; -0.074     ; 1.995      ;
; -1.053 ; lcddin_mod:lcd_display|fsm_state.WR_STATIC_TEXT_2L ; lcddin_mod:lcd_display|data[2]                     ; lcddin_mod:lcd_display|clk_16ms ; lcddin_mod:lcd_display|clk_16ms ; 1.000        ; -0.072     ; 1.983      ;
; -1.052 ; lcddin_mod:lcd_display|command_counter[1]          ; lcddin_mod:lcd_display|data[0]                     ; lcddin_mod:lcd_display|clk_16ms ; lcddin_mod:lcd_display|clk_16ms ; 1.000        ; -0.073     ; 1.981      ;
; -1.051 ; lcddin_mod:lcd_display|fsm_state.WR_STATIC_TEXT_2L ; lcddin_mod:lcd_display|data[3]                     ; lcddin_mod:lcd_display|clk_16ms ; lcddin_mod:lcd_display|clk_16ms ; 1.000        ; -0.072     ; 1.981      ;
; -1.030 ; lcddin_mod:lcd_display|text[10][2]                 ; lcddin_mod:lcd_display|data[2]                     ; clk                             ; lcddin_mod:lcd_display|clk_16ms ; 1.000        ; 0.100      ; 2.122      ;
; -1.026 ; lcddin_mod:lcd_display|data_counter[3]             ; lcddin_mod:lcd_display|fsm_state.WR_STATIC_TEXT_2L ; lcddin_mod:lcd_display|clk_16ms ; lcddin_mod:lcd_display|clk_16ms ; 1.000        ; -0.074     ; 1.954      ;
; -1.014 ; lcddin_mod:lcd_display|data_counter[4]             ; lcddin_mod:lcd_display|data[4]                     ; lcddin_mod:lcd_display|clk_16ms ; lcddin_mod:lcd_display|clk_16ms ; 1.000        ; -0.074     ; 1.942      ;
; -1.012 ; lcddin_mod:lcd_display|data_counter[1]             ; lcddin_mod:lcd_display|data_counter[4]             ; lcddin_mod:lcd_display|clk_16ms ; lcddin_mod:lcd_display|clk_16ms ; 1.000        ; -0.073     ; 1.941      ;
; -1.004 ; lcddin_mod:lcd_display|fsm_state.WR_STATIC_TEXT_2L ; lcddin_mod:lcd_display|data[1]                     ; lcddin_mod:lcd_display|clk_16ms ; lcddin_mod:lcd_display|clk_16ms ; 1.000        ; -0.071     ; 1.935      ;
; -1.003 ; lcddin_mod:lcd_display|fsm_state.WR_STATIC_TEXT_2L ; lcddin_mod:lcd_display|data[0]                     ; lcddin_mod:lcd_display|clk_16ms ; lcddin_mod:lcd_display|clk_16ms ; 1.000        ; -0.071     ; 1.934      ;
; -0.986 ; lcddin_mod:lcd_display|text[10][3]                 ; lcddin_mod:lcd_display|data[3]                     ; clk                             ; lcddin_mod:lcd_display|clk_16ms ; 1.000        ; 0.086      ; 2.064      ;
; -0.961 ; lcddin_mod:lcd_display|data_counter[3]             ; lcddin_mod:lcd_display|fsm_state.CONFIG_CMD2       ; lcddin_mod:lcd_display|clk_16ms ; lcddin_mod:lcd_display|clk_16ms ; 1.000        ; -0.074     ; 1.889      ;
; -0.927 ; lcddin_mod:lcd_display|fsm_state.CONFIG_CMD1       ; lcddin_mod:lcd_display|data[2]                     ; lcddin_mod:lcd_display|clk_16ms ; lcddin_mod:lcd_display|clk_16ms ; 1.000        ; -0.074     ; 1.855      ;
; -0.925 ; lcddin_mod:lcd_display|data_counter[4]             ; lcddin_mod:lcd_display|data[5]                     ; lcddin_mod:lcd_display|clk_16ms ; lcddin_mod:lcd_display|clk_16ms ; 1.000        ; -0.074     ; 1.853      ;
; -0.919 ; lcddin_mod:lcd_display|data_counter[0]             ; lcddin_mod:lcd_display|data_counter[4]             ; lcddin_mod:lcd_display|clk_16ms ; lcddin_mod:lcd_display|clk_16ms ; 1.000        ; -0.073     ; 1.848      ;
; -0.915 ; lcddin_mod:lcd_display|data_counter[0]             ; lcddin_mod:lcd_display|data_counter[3]             ; lcddin_mod:lcd_display|clk_16ms ; lcddin_mod:lcd_display|clk_16ms ; 1.000        ; -0.073     ; 1.844      ;
; -0.899 ; lcddin_mod:lcd_display|data_counter[3]             ; lcddin_mod:lcd_display|data_counter[4]             ; lcddin_mod:lcd_display|clk_16ms ; lcddin_mod:lcd_display|clk_16ms ; 1.000        ; -0.073     ; 1.828      ;
; -0.886 ; lcddin_mod:lcd_display|data_counter[1]             ; lcddin_mod:lcd_display|data_counter[2]             ; lcddin_mod:lcd_display|clk_16ms ; lcddin_mod:lcd_display|clk_16ms ; 1.000        ; -0.073     ; 1.815      ;
; -0.872 ; lcddin_mod:lcd_display|fsm_state.CONFIG_CMD1       ; lcddin_mod:lcd_display|data_counter[4]             ; lcddin_mod:lcd_display|clk_16ms ; lcddin_mod:lcd_display|clk_16ms ; 1.000        ; -0.074     ; 1.800      ;
; -0.872 ; lcddin_mod:lcd_display|fsm_state.CONFIG_CMD1       ; lcddin_mod:lcd_display|data_counter[3]             ; lcddin_mod:lcd_display|clk_16ms ; lcddin_mod:lcd_display|clk_16ms ; 1.000        ; -0.074     ; 1.800      ;
; -0.872 ; lcddin_mod:lcd_display|fsm_state.CONFIG_CMD1       ; lcddin_mod:lcd_display|data_counter[2]             ; lcddin_mod:lcd_display|clk_16ms ; lcddin_mod:lcd_display|clk_16ms ; 1.000        ; -0.074     ; 1.800      ;
; -0.872 ; lcddin_mod:lcd_display|fsm_state.CONFIG_CMD1       ; lcddin_mod:lcd_display|data_counter[1]             ; lcddin_mod:lcd_display|clk_16ms ; lcddin_mod:lcd_display|clk_16ms ; 1.000        ; -0.074     ; 1.800      ;
; -0.872 ; lcddin_mod:lcd_display|fsm_state.CONFIG_CMD1       ; lcddin_mod:lcd_display|data_counter[0]             ; lcddin_mod:lcd_display|clk_16ms ; lcddin_mod:lcd_display|clk_16ms ; 1.000        ; -0.074     ; 1.800      ;
+--------+----------------------------------------------------+----------------------------------------------------+---------------------------------+---------------------------------+--------------+------------+------------+


+-------------------------------------------------------------------------------------------------------------------------------------------+
; Slow 1200mV 0C Model Setup: 'master:master|scl'                                                                                           ;
+--------+------------------------+------------------------+-------------------+-------------------+--------------+------------+------------+
; Slack  ; From Node              ; To Node                ; Launch Clock      ; Latch Clock       ; Relationship ; Clock Skew ; Data Delay ;
+--------+------------------------+------------------------+-------------------+-------------------+--------------+------------+------------+
; -2.587 ; listen:listen|count[6] ; listen:listen|data[8]  ; master:master|scl ; master:master|scl ; 1.000        ; -0.071     ; 3.518      ;
; -2.551 ; listen:listen|count[6] ; listen:listen|data[9]  ; master:master|scl ; master:master|scl ; 1.000        ; -0.071     ; 3.482      ;
; -2.524 ; listen:listen|count[3] ; listen:listen|data[8]  ; master:master|scl ; master:master|scl ; 1.000        ; -0.071     ; 3.455      ;
; -2.505 ; listen:listen|count[0] ; listen:listen|data[9]  ; master:master|scl ; master:master|scl ; 1.000        ; -0.071     ; 3.436      ;
; -2.488 ; listen:listen|count[3] ; listen:listen|data[9]  ; master:master|scl ; master:master|scl ; 1.000        ; -0.071     ; 3.419      ;
; -2.461 ; master:master|sda_en   ; listen:listen|data[8]  ; clk               ; master:master|scl ; 1.000        ; 0.520      ; 3.973      ;
; -2.451 ; listen:listen|count[3] ; listen:listen|data[7]  ; master:master|scl ; master:master|scl ; 1.000        ; -0.071     ; 3.382      ;
; -2.443 ; listen:listen|count[6] ; listen:listen|data[7]  ; master:master|scl ; master:master|scl ; 1.000        ; -0.071     ; 3.374      ;
; -2.437 ; listen:listen|count[5] ; listen:listen|data[8]  ; master:master|scl ; master:master|scl ; 1.000        ; -0.071     ; 3.368      ;
; -2.437 ; listen:listen|count[1] ; listen:listen|data[9]  ; master:master|scl ; master:master|scl ; 1.000        ; -0.071     ; 3.368      ;
; -2.425 ; master:master|sda_en   ; listen:listen|data[9]  ; clk               ; master:master|scl ; 1.000        ; 0.520      ; 3.937      ;
; -2.419 ; listen:listen|count[3] ; listen:listen|data[3]  ; master:master|scl ; master:master|scl ; 1.000        ; -0.071     ; 3.350      ;
; -2.411 ; listen:listen|count[6] ; listen:listen|data[3]  ; master:master|scl ; master:master|scl ; 1.000        ; -0.071     ; 3.342      ;
; -2.401 ; listen:listen|count[5] ; listen:listen|data[9]  ; master:master|scl ; master:master|scl ; 1.000        ; -0.071     ; 3.332      ;
; -2.351 ; master:master|sda_en   ; listen:listen|data[7]  ; clk               ; master:master|scl ; 1.000        ; 0.520      ; 3.863      ;
; -2.328 ; listen:listen|count[5] ; listen:listen|data[7]  ; master:master|scl ; master:master|scl ; 1.000        ; -0.071     ; 3.259      ;
; -2.319 ; master:master|sda_en   ; listen:listen|data[3]  ; clk               ; master:master|scl ; 1.000        ; 0.520      ; 3.831      ;
; -2.314 ; listen:listen|count[6] ; listen:listen|data[15] ; master:master|scl ; master:master|scl ; 1.000        ; -0.073     ; 3.243      ;
; -2.311 ; listen:listen|count[6] ; listen:listen|data[10] ; master:master|scl ; master:master|scl ; 1.000        ; -0.073     ; 3.240      ;
; -2.311 ; listen:listen|count[6] ; listen:listen|data[14] ; master:master|scl ; master:master|scl ; 1.000        ; -0.073     ; 3.240      ;
; -2.301 ; listen:listen|count[1] ; listen:listen|data[3]  ; master:master|scl ; master:master|scl ; 1.000        ; -0.071     ; 3.232      ;
; -2.296 ; listen:listen|count[5] ; listen:listen|data[3]  ; master:master|scl ; master:master|scl ; 1.000        ; -0.071     ; 3.227      ;
; -2.284 ; listen:listen|count[0] ; listen:listen|data[3]  ; master:master|scl ; master:master|scl ; 1.000        ; -0.071     ; 3.215      ;
; -2.251 ; listen:listen|count[3] ; listen:listen|data[15] ; master:master|scl ; master:master|scl ; 1.000        ; -0.073     ; 3.180      ;
; -2.248 ; listen:listen|count[3] ; listen:listen|data[10] ; master:master|scl ; master:master|scl ; 1.000        ; -0.073     ; 3.177      ;
; -2.248 ; listen:listen|count[3] ; listen:listen|data[14] ; master:master|scl ; master:master|scl ; 1.000        ; -0.073     ; 3.177      ;
; -2.209 ; listen:listen|count[2] ; listen:listen|data[3]  ; master:master|scl ; master:master|scl ; 1.000        ; -0.071     ; 3.140      ;
; -2.188 ; master:master|sda_en   ; listen:listen|data[15] ; clk               ; master:master|scl ; 1.000        ; 0.518      ; 3.698      ;
; -2.185 ; master:master|sda_en   ; listen:listen|data[14] ; clk               ; master:master|scl ; 1.000        ; 0.518      ; 3.695      ;
; -2.185 ; master:master|sda_en   ; listen:listen|data[10] ; clk               ; master:master|scl ; 1.000        ; 0.518      ; 3.695      ;
; -2.177 ; listen:listen|count[4] ; listen:listen|data[9]  ; master:master|scl ; master:master|scl ; 1.000        ; -0.071     ; 3.108      ;
; -2.164 ; listen:listen|count[5] ; listen:listen|data[15] ; master:master|scl ; master:master|scl ; 1.000        ; -0.073     ; 3.093      ;
; -2.161 ; listen:listen|count[5] ; listen:listen|data[10] ; master:master|scl ; master:master|scl ; 1.000        ; -0.073     ; 3.090      ;
; -2.161 ; listen:listen|count[5] ; listen:listen|data[14] ; master:master|scl ; master:master|scl ; 1.000        ; -0.073     ; 3.090      ;
; -2.149 ; listen:listen|count[6] ; listen:listen|data[24] ; master:master|scl ; master:master|scl ; 1.000        ; -0.072     ; 3.079      ;
; -2.149 ; listen:listen|count[2] ; listen:listen|data[9]  ; master:master|scl ; master:master|scl ; 1.000        ; -0.071     ; 3.080      ;
; -2.148 ; listen:listen|count[2] ; listen:listen|data[8]  ; master:master|scl ; master:master|scl ; 1.000        ; -0.071     ; 3.079      ;
; -2.141 ; listen:listen|count[6] ; listen:listen|data[11] ; master:master|scl ; master:master|scl ; 1.000        ; -0.072     ; 3.071      ;
; -2.125 ; listen:listen|count[1] ; listen:listen|data[7]  ; master:master|scl ; master:master|scl ; 1.000        ; -0.071     ; 3.056      ;
; -2.086 ; listen:listen|count[6] ; listen:listen|data[12] ; master:master|scl ; master:master|scl ; 1.000        ; -0.072     ; 3.016      ;
; -2.086 ; listen:listen|count[3] ; listen:listen|data[24] ; master:master|scl ; master:master|scl ; 1.000        ; -0.072     ; 3.016      ;
; -2.084 ; listen:listen|count[6] ; listen:listen|data[26] ; master:master|scl ; master:master|scl ; 1.000        ; -0.072     ; 3.014      ;
; -2.084 ; listen:listen|count[4] ; listen:listen|data[7]  ; master:master|scl ; master:master|scl ; 1.000        ; -0.071     ; 3.015      ;
; -2.083 ; listen:listen|count[3] ; listen:listen|data[23] ; master:master|scl ; master:master|scl ; 1.000        ; -0.073     ; 3.012      ;
; -2.080 ; listen:listen|count[3] ; listen:listen|data[18] ; master:master|scl ; master:master|scl ; 1.000        ; -0.073     ; 3.009      ;
; -2.078 ; listen:listen|count[3] ; listen:listen|data[11] ; master:master|scl ; master:master|scl ; 1.000        ; -0.072     ; 3.008      ;
; -2.075 ; listen:listen|count[6] ; listen:listen|data[23] ; master:master|scl ; master:master|scl ; 1.000        ; -0.073     ; 3.004      ;
; -2.072 ; listen:listen|count[6] ; listen:listen|data[18] ; master:master|scl ; master:master|scl ; 1.000        ; -0.073     ; 3.001      ;
; -2.061 ; listen:listen|count[1] ; listen:listen|data[8]  ; master:master|scl ; master:master|scl ; 1.000        ; -0.071     ; 2.992      ;
; -2.023 ; master:master|sda_en   ; listen:listen|data[24] ; clk               ; master:master|scl ; 1.000        ; 0.519      ; 3.534      ;
; -2.023 ; listen:listen|count[3] ; listen:listen|data[12] ; master:master|scl ; master:master|scl ; 1.000        ; -0.072     ; 2.953      ;
; -2.021 ; listen:listen|count[3] ; listen:listen|data[26] ; master:master|scl ; master:master|scl ; 1.000        ; -0.072     ; 2.951      ;
; -2.015 ; master:master|sda_en   ; listen:listen|data[11] ; clk               ; master:master|scl ; 1.000        ; 0.519      ; 3.526      ;
; -2.014 ; listen:listen|count[3] ; listen:listen|data[20] ; master:master|scl ; master:master|scl ; 1.000        ; -0.072     ; 2.944      ;
; -2.006 ; listen:listen|count[6] ; listen:listen|data[20] ; master:master|scl ; master:master|scl ; 1.000        ; -0.072     ; 2.936      ;
; -2.002 ; listen:listen|count[0] ; listen:listen|data[8]  ; master:master|scl ; master:master|scl ; 1.000        ; -0.071     ; 2.933      ;
; -1.999 ; listen:listen|count[5] ; listen:listen|data[24] ; master:master|scl ; master:master|scl ; 1.000        ; -0.072     ; 2.929      ;
; -1.991 ; listen:listen|count[5] ; listen:listen|data[11] ; master:master|scl ; master:master|scl ; 1.000        ; -0.072     ; 2.921      ;
; -1.983 ; master:master|sda_en   ; listen:listen|data[23] ; clk               ; master:master|scl ; 1.000        ; 0.518      ; 3.493      ;
; -1.981 ; listen:listen|data[7]  ; listen:listen|data[7]  ; master:master|scl ; master:master|scl ; 1.000        ; -0.072     ; 2.911      ;
; -1.980 ; master:master|sda_en   ; listen:listen|data[18] ; clk               ; master:master|scl ; 1.000        ; 0.518      ; 3.490      ;
; -1.960 ; master:master|sda_en   ; listen:listen|data[12] ; clk               ; master:master|scl ; 1.000        ; 0.519      ; 3.471      ;
; -1.960 ; listen:listen|count[5] ; listen:listen|data[23] ; master:master|scl ; master:master|scl ; 1.000        ; -0.073     ; 2.889      ;
; -1.958 ; master:master|sda_en   ; listen:listen|data[26] ; clk               ; master:master|scl ; 1.000        ; 0.519      ; 3.469      ;
; -1.957 ; listen:listen|count[5] ; listen:listen|data[18] ; master:master|scl ; master:master|scl ; 1.000        ; -0.073     ; 2.886      ;
; -1.955 ; listen:listen|count[6] ; listen:listen|data[25] ; master:master|scl ; master:master|scl ; 1.000        ; -0.073     ; 2.884      ;
; -1.947 ; listen:listen|count[3] ; listen:listen|data[22] ; master:master|scl ; master:master|scl ; 1.000        ; -0.073     ; 2.876      ;
; -1.939 ; listen:listen|count[6] ; listen:listen|data[22] ; master:master|scl ; master:master|scl ; 1.000        ; -0.073     ; 2.868      ;
; -1.937 ; listen:listen|count[3] ; listen:listen|data[17] ; master:master|scl ; master:master|scl ; 1.000        ; -0.073     ; 2.866      ;
; -1.936 ; listen:listen|count[5] ; listen:listen|data[12] ; master:master|scl ; master:master|scl ; 1.000        ; -0.072     ; 2.866      ;
; -1.934 ; listen:listen|count[5] ; listen:listen|data[26] ; master:master|scl ; master:master|scl ; 1.000        ; -0.072     ; 2.864      ;
; -1.933 ; listen:listen|count[0] ; listen:listen|data[21] ; master:master|scl ; master:master|scl ; 1.000        ; -0.072     ; 2.863      ;
; -1.931 ; listen:listen|count[6] ; listen:listen|data[13] ; master:master|scl ; master:master|scl ; 1.000        ; -0.073     ; 2.860      ;
; -1.929 ; listen:listen|count[6] ; listen:listen|data[17] ; master:master|scl ; master:master|scl ; 1.000        ; -0.073     ; 2.858      ;
; -1.919 ; listen:listen|count[2] ; listen:listen|data[18] ; master:master|scl ; master:master|scl ; 1.000        ; -0.073     ; 2.848      ;
; -1.914 ; master:master|sda_en   ; listen:listen|data[20] ; clk               ; master:master|scl ; 1.000        ; 0.519      ; 3.425      ;
; -1.913 ; listen:listen|count[3] ; listen:listen|data[19] ; master:master|scl ; master:master|scl ; 1.000        ; -0.072     ; 2.843      ;
; -1.910 ; listen:listen|count[3] ; listen:listen|data[21] ; master:master|scl ; master:master|scl ; 1.000        ; -0.072     ; 2.840      ;
; -1.905 ; listen:listen|count[6] ; listen:listen|data[19] ; master:master|scl ; master:master|scl ; 1.000        ; -0.072     ; 2.835      ;
; -1.902 ; listen:listen|count[6] ; listen:listen|data[21] ; master:master|scl ; master:master|scl ; 1.000        ; -0.072     ; 2.832      ;
; -1.899 ; listen:listen|count[3] ; listen:listen|data[4]  ; master:master|scl ; master:master|scl ; 1.000        ; -0.071     ; 2.830      ;
; -1.892 ; listen:listen|count[4] ; listen:listen|data[8]  ; master:master|scl ; master:master|scl ; 1.000        ; -0.071     ; 2.823      ;
; -1.892 ; listen:listen|count[3] ; listen:listen|data[25] ; master:master|scl ; master:master|scl ; 1.000        ; -0.073     ; 2.821      ;
; -1.891 ; listen:listen|count[5] ; listen:listen|data[20] ; master:master|scl ; master:master|scl ; 1.000        ; -0.072     ; 2.821      ;
; -1.891 ; listen:listen|count[6] ; listen:listen|data[4]  ; master:master|scl ; master:master|scl ; 1.000        ; -0.071     ; 2.822      ;
; -1.879 ; listen:listen|count[1] ; listen:listen|data[19] ; master:master|scl ; master:master|scl ; 1.000        ; -0.072     ; 2.809      ;
; -1.876 ; listen:listen|count[3] ; listen:listen|data[16] ; master:master|scl ; master:master|scl ; 1.000        ; -0.072     ; 2.806      ;
; -1.875 ; listen:listen|count[2] ; listen:listen|data[7]  ; master:master|scl ; master:master|scl ; 1.000        ; -0.071     ; 2.806      ;
; -1.871 ; listen:listen|count[3] ; listen:listen|data[5]  ; master:master|scl ; master:master|scl ; 1.000        ; 0.338      ; 3.211      ;
; -1.868 ; listen:listen|count[3] ; listen:listen|data[13] ; master:master|scl ; master:master|scl ; 1.000        ; -0.073     ; 2.797      ;
; -1.868 ; listen:listen|count[6] ; listen:listen|data[16] ; master:master|scl ; master:master|scl ; 1.000        ; -0.072     ; 2.798      ;
; -1.865 ; listen:listen|count[1] ; listen:listen|data[21] ; master:master|scl ; master:master|scl ; 1.000        ; -0.072     ; 2.795      ;
; -1.863 ; listen:listen|count[6] ; listen:listen|data[5]  ; master:master|scl ; master:master|scl ; 1.000        ; 0.338      ; 3.203      ;
; -1.862 ; listen:listen|count[0] ; listen:listen|data[19] ; master:master|scl ; master:master|scl ; 1.000        ; -0.072     ; 2.792      ;
; -1.861 ; listen:listen|count[4] ; listen:listen|data[3]  ; master:master|scl ; master:master|scl ; 1.000        ; -0.071     ; 2.792      ;
; -1.847 ; master:master|sda_en   ; listen:listen|data[22] ; clk               ; master:master|scl ; 1.000        ; 0.518      ; 3.357      ;
; -1.837 ; master:master|sda_en   ; listen:listen|data[17] ; clk               ; master:master|scl ; 1.000        ; 0.518      ; 3.347      ;
; -1.829 ; master:master|sda_en   ; listen:listen|data[25] ; clk               ; master:master|scl ; 1.000        ; 0.518      ; 3.339      ;
; -1.824 ; listen:listen|count[5] ; listen:listen|data[22] ; master:master|scl ; master:master|scl ; 1.000        ; -0.073     ; 2.753      ;
; -1.818 ; listen:listen|count[2] ; listen:listen|data[23] ; master:master|scl ; master:master|scl ; 1.000        ; -0.073     ; 2.747      ;
+--------+------------------------+------------------------+-------------------+-------------------+--------------+------------+------------+


+-----------------------------------------------------------------------------------------------------------------------------------------------+
; Slow 1200mV 0C Model Setup: 'beg_com:beg_com|beg'                                                                                             ;
+--------+------------------------+--------------------------+-------------------+---------------------+--------------+------------+------------+
; Slack  ; From Node              ; To Node                  ; Launch Clock      ; Latch Clock         ; Relationship ; Clock Skew ; Data Delay ;
+--------+------------------------+--------------------------+-------------------+---------------------+--------------+------------+------------+
; -1.012 ; listen:listen|data[15] ; listen:listen|Minutes[4] ; master:master|scl ; beg_com:beg_com|beg ; 0.500        ; 0.304      ; 1.818      ;
; -0.972 ; listen:listen|data[14] ; listen:listen|Minutes[3] ; master:master|scl ; beg_com:beg_com|beg ; 0.500        ; 0.304      ; 1.778      ;
; -0.706 ; listen:listen|data[11] ; listen:listen|Minutes[0] ; master:master|scl ; beg_com:beg_com|beg ; 0.500        ; 0.303      ; 1.511      ;
; -0.704 ; listen:listen|data[16] ; listen:listen|Minutes[5] ; master:master|scl ; beg_com:beg_com|beg ; 0.500        ; 0.303      ; 1.509      ;
; -0.685 ; listen:listen|data[12] ; listen:listen|Minutes[1] ; master:master|scl ; beg_com:beg_com|beg ; 0.500        ; 0.303      ; 1.490      ;
; -0.605 ; listen:listen|data[10] ; listen:listen|Seconds[7] ; master:master|scl ; beg_com:beg_com|beg ; 0.500        ; 0.307      ; 1.414      ;
; -0.595 ; listen:listen|data[23] ; listen:listen|Hours[3]   ; master:master|scl ; beg_com:beg_com|beg ; 0.500        ; 0.307      ; 1.404      ;
; -0.461 ; listen:listen|data[20] ; listen:listen|Hours[6]   ; master:master|scl ; beg_com:beg_com|beg ; 0.500        ; 0.306      ; 1.269      ;
; -0.439 ; listen:listen|data[6]  ; listen:listen|Seconds[3] ; master:master|scl ; beg_com:beg_com|beg ; 0.500        ; -0.121     ; 0.820      ;
; -0.430 ; listen:listen|data[5]  ; listen:listen|Seconds[2] ; master:master|scl ; beg_com:beg_com|beg ; 0.500        ; -0.121     ; 0.811      ;
; -0.362 ; listen:listen|data[3]  ; listen:listen|Seconds[0] ; master:master|scl ; beg_com:beg_com|beg ; 0.500        ; 0.306      ; 1.170      ;
; -0.355 ; listen:listen|data[9]  ; listen:listen|Seconds[6] ; master:master|scl ; beg_com:beg_com|beg ; 0.500        ; 0.306      ; 1.163      ;
; -0.220 ; listen:listen|data[19] ; listen:listen|Hours[7]   ; master:master|scl ; beg_com:beg_com|beg ; 0.500        ; 0.306      ; 1.028      ;
; -0.218 ; listen:listen|data[24] ; listen:listen|Hours[2]   ; master:master|scl ; beg_com:beg_com|beg ; 0.500        ; 0.306      ; 1.026      ;
; -0.217 ; listen:listen|data[7]  ; listen:listen|Seconds[4] ; master:master|scl ; beg_com:beg_com|beg ; 0.500        ; 0.306      ; 1.025      ;
; -0.206 ; listen:listen|data[8]  ; listen:listen|Seconds[5] ; master:master|scl ; beg_com:beg_com|beg ; 0.500        ; 0.306      ; 1.014      ;
; -0.202 ; listen:listen|data[13] ; listen:listen|Minutes[2] ; master:master|scl ; beg_com:beg_com|beg ; 0.500        ; 0.305      ; 1.009      ;
; -0.197 ; listen:listen|data[4]  ; listen:listen|Seconds[1] ; master:master|scl ; beg_com:beg_com|beg ; 0.500        ; 0.306      ; 1.005      ;
; -0.011 ; listen:listen|data[18] ; listen:listen|Minutes[7] ; master:master|scl ; beg_com:beg_com|beg ; 0.500        ; 0.306      ; 0.819      ;
; -0.010 ; listen:listen|data[22] ; listen:listen|Hours[4]   ; master:master|scl ; beg_com:beg_com|beg ; 0.500        ; 0.306      ; 0.818      ;
; -0.010 ; listen:listen|data[17] ; listen:listen|Minutes[6] ; master:master|scl ; beg_com:beg_com|beg ; 0.500        ; 0.306      ; 0.818      ;
; -0.009 ; listen:listen|data[21] ; listen:listen|Hours[5]   ; master:master|scl ; beg_com:beg_com|beg ; 0.500        ; 0.306      ; 0.817      ;
; 0.000  ; listen:listen|data[25] ; listen:listen|Hours[1]   ; master:master|scl ; beg_com:beg_com|beg ; 0.500        ; 0.306      ; 0.808      ;
; 0.000  ; listen:listen|data[26] ; listen:listen|Hours[0]   ; master:master|scl ; beg_com:beg_com|beg ; 0.500        ; 0.306      ; 0.808      ;
+--------+------------------------+--------------------------+-------------------+---------------------+--------------+------------+------------+


+----------------------------------------------------------------------------------------------------------------------------------------------------------------------------------+
; Slow 1200mV 0C Model Hold: 'clk'                                                                                                                                                 ;
+-------+----------------------------------------+----------------------------------------+---------------------------------+-------------+--------------+------------+------------+
; Slack ; From Node                              ; To Node                                ; Launch Clock                    ; Latch Clock ; Relationship ; Clock Skew ; Data Delay ;
+-------+----------------------------------------+----------------------------------------+---------------------------------+-------------+--------------+------------+------------+
; 0.382 ; alarm_led:alarm_led|buzzer             ; alarm_led:alarm_led|buzzer             ; clk                             ; clk         ; 0.000        ; 0.092      ; 0.669      ;
; 0.382 ; master:master|st_prev.Send_Add         ; master:master|st_prev.Send_Add         ; clk                             ; clk         ; 0.000        ; 0.092      ; 0.669      ;
; 0.382 ; master:master|state.Listen             ; master:master|state.Listen             ; clk                             ; clk         ; 0.000        ; 0.092      ; 0.669      ;
; 0.401 ; master:master|listen_count[0]          ; master:master|listen_count[0]          ; clk                             ; clk         ; 0.000        ; 0.073      ; 0.669      ;
; 0.401 ; master:master|listen_count[3]          ; master:master|listen_count[3]          ; clk                             ; clk         ; 0.000        ; 0.073      ; 0.669      ;
; 0.401 ; master:master|listen_count[1]          ; master:master|listen_count[1]          ; clk                             ; clk         ; 0.000        ; 0.073      ; 0.669      ;
; 0.401 ; master:master|listen_count[2]          ; master:master|listen_count[2]          ; clk                             ; clk         ; 0.000        ; 0.073      ; 0.669      ;
; 0.401 ; alarm_led:alarm_led|led_index[1]       ; alarm_led:alarm_led|led_index[1]       ; clk                             ; clk         ; 0.000        ; 0.073      ; 0.669      ;
; 0.401 ; alarm_led:alarm_led|led_index[2]       ; alarm_led:alarm_led|led_index[2]       ; clk                             ; clk         ; 0.000        ; 0.073      ; 0.669      ;
; 0.401 ; master:master|state.Stretch            ; master:master|state.Stretch            ; clk                             ; clk         ; 0.000        ; 0.073      ; 0.669      ;
; 0.401 ; master:master|state.Send_Add           ; master:master|state.Send_Add           ; clk                             ; clk         ; 0.000        ; 0.073      ; 0.669      ;
; 0.401 ; master:master|st_prev.Restart          ; master:master|st_prev.Restart          ; clk                             ; clk         ; 0.000        ; 0.073      ; 0.669      ;
; 0.401 ; master:master|state.Wait               ; master:master|state.Wait               ; clk                             ; clk         ; 0.000        ; 0.073      ; 0.669      ;
; 0.401 ; master:master|state.Default            ; master:master|state.Default            ; clk                             ; clk         ; 0.000        ; 0.073      ; 0.669      ;
; 0.469 ; beg_com:beg_com|count[25]              ; beg_com:beg_com|count[25]              ; clk                             ; clk         ; 0.000        ; 0.073      ; 0.737      ;
; 0.662 ; alarm_led:alarm_led|led_index[2]       ; alarm_led:alarm_led|leds[6]            ; clk                             ; clk         ; 0.000        ; 0.073      ; 0.930      ;
; 0.671 ; alarm_led:alarm_led|led_index[2]       ; alarm_led:alarm_led|leds[1]            ; clk                             ; clk         ; 0.000        ; 0.073      ; 0.939      ;
; 0.675 ; lcddin_mod:lcd_display|clk_counter[1]  ; lcddin_mod:lcd_display|clk_counter[1]  ; clk                             ; clk         ; 0.000        ; 0.091      ; 0.961      ;
; 0.686 ; beg_com:beg_com|count[1]               ; beg_com:beg_com|count[1]               ; clk                             ; clk         ; 0.000        ; 0.093      ; 0.974      ;
; 0.694 ; lcddin_mod:lcd_display|clk_counter[6]  ; lcddin_mod:lcd_display|clk_counter[6]  ; clk                             ; clk         ; 0.000        ; 0.072      ; 0.961      ;
; 0.694 ; lcddin_mod:lcd_display|clk_counter[5]  ; lcddin_mod:lcd_display|clk_counter[5]  ; clk                             ; clk         ; 0.000        ; 0.072      ; 0.961      ;
; 0.694 ; lcddin_mod:lcd_display|clk_counter[4]  ; lcddin_mod:lcd_display|clk_counter[4]  ; clk                             ; clk         ; 0.000        ; 0.072      ; 0.961      ;
; 0.694 ; lcddin_mod:lcd_display|clk_counter[3]  ; lcddin_mod:lcd_display|clk_counter[3]  ; clk                             ; clk         ; 0.000        ; 0.072      ; 0.961      ;
; 0.698 ; lcddin_mod:lcd_display|clk_counter[2]  ; lcddin_mod:lcd_display|clk_counter[2]  ; clk                             ; clk         ; 0.000        ; 0.072      ; 0.965      ;
; 0.703 ; lcddin_mod:lcd_display|clk_counter[0]  ; lcddin_mod:lcd_display|clk_counter[0]  ; clk                             ; clk         ; 0.000        ; 0.091      ; 0.989      ;
; 0.705 ; master:master|counter[5]               ; master:master|counter[5]               ; clk                             ; clk         ; 0.000        ; 0.073      ; 0.973      ;
; 0.705 ; beg_com:beg_com|count[3]               ; beg_com:beg_com|count[3]               ; clk                             ; clk         ; 0.000        ; 0.072      ; 0.972      ;
; 0.706 ; lcddin_mod:lcd_display|clk_counter[15] ; lcddin_mod:lcd_display|clk_counter[15] ; clk                             ; clk         ; 0.000        ; 0.072      ; 0.973      ;
; 0.706 ; master:master|counter[2]               ; master:master|counter[2]               ; clk                             ; clk         ; 0.000        ; 0.073      ; 0.974      ;
; 0.706 ; beg_com:beg_com|count[15]              ; beg_com:beg_com|count[15]              ; clk                             ; clk         ; 0.000        ; 0.073      ; 0.974      ;
; 0.707 ; lcddin_mod:lcd_display|clk_counter[8]  ; lcddin_mod:lcd_display|clk_counter[8]  ; clk                             ; clk         ; 0.000        ; 0.072      ; 0.974      ;
; 0.707 ; master:master|counter[3]               ; master:master|counter[3]               ; clk                             ; clk         ; 0.000        ; 0.073      ; 0.975      ;
; 0.707 ; beg_com:beg_com|count[17]              ; beg_com:beg_com|count[17]              ; clk                             ; clk         ; 0.000        ; 0.073      ; 0.975      ;
; 0.707 ; beg_com:beg_com|count[10]              ; beg_com:beg_com|count[10]              ; clk                             ; clk         ; 0.000        ; 0.072      ; 0.974      ;
; 0.707 ; beg_com:beg_com|count[8]               ; beg_com:beg_com|count[8]               ; clk                             ; clk         ; 0.000        ; 0.072      ; 0.974      ;
; 0.707 ; beg_com:beg_com|count[2]               ; beg_com:beg_com|count[2]               ; clk                             ; clk         ; 0.000        ; 0.072      ; 0.974      ;
; 0.707 ; alarm_led:alarm_led|led_index[2]       ; alarm_led:alarm_led|led_index[1]       ; clk                             ; clk         ; 0.000        ; 0.073      ; 0.975      ;
; 0.707 ; beg_com:beg_com|beg                    ; master:master|sda_out                  ; beg_com:beg_com|beg             ; clk         ; 0.000        ; 2.411      ; 3.583      ;
; 0.708 ; lcddin_mod:lcd_display|clk_counter[14] ; lcddin_mod:lcd_display|clk_counter[14] ; clk                             ; clk         ; 0.000        ; 0.072      ; 0.975      ;
; 0.708 ; beg_com:beg_com|count[23]              ; beg_com:beg_com|count[23]              ; clk                             ; clk         ; 0.000        ; 0.073      ; 0.976      ;
; 0.708 ; beg_com:beg_com|count[9]               ; beg_com:beg_com|count[9]               ; clk                             ; clk         ; 0.000        ; 0.072      ; 0.975      ;
; 0.708 ; beg_com:beg_com|count[7]               ; beg_com:beg_com|count[7]               ; clk                             ; clk         ; 0.000        ; 0.072      ; 0.975      ;
; 0.708 ; beg_com:beg_com|count[5]               ; beg_com:beg_com|count[5]               ; clk                             ; clk         ; 0.000        ; 0.072      ; 0.975      ;
; 0.709 ; lcddin_mod:lcd_display|clk_counter[13] ; lcddin_mod:lcd_display|clk_counter[13] ; clk                             ; clk         ; 0.000        ; 0.072      ; 0.976      ;
; 0.710 ; lcddin_mod:lcd_display|clk_counter[10] ; lcddin_mod:lcd_display|clk_counter[10] ; clk                             ; clk         ; 0.000        ; 0.072      ; 0.977      ;
; 0.711 ; beg_com:beg_com|count[4]               ; beg_com:beg_com|count[4]               ; clk                             ; clk         ; 0.000        ; 0.072      ; 0.978      ;
; 0.712 ; lcddin_mod:lcd_display|clk_counter[16] ; lcddin_mod:lcd_display|clk_counter[16] ; clk                             ; clk         ; 0.000        ; 0.072      ; 0.979      ;
; 0.713 ; master:master|counter[1]               ; master:master|counter[1]               ; clk                             ; clk         ; 0.000        ; 0.073      ; 0.981      ;
; 0.728 ; master:master|counter[4]               ; master:master|counter[4]               ; clk                             ; clk         ; 0.000        ; 0.073      ; 0.996      ;
; 0.733 ; master:master|counter[0]               ; master:master|counter[0]               ; clk                             ; clk         ; 0.000        ; 0.073      ; 1.001      ;
; 0.737 ; master:master|listen_count[2]          ; master:master|listen_count[3]          ; clk                             ; clk         ; 0.000        ; 0.073      ; 1.005      ;
; 0.738 ; master:master|state.Wait               ; master:master|state.Default            ; clk                             ; clk         ; 0.000        ; 0.073      ; 1.006      ;
; 0.754 ; master:master|listen_count[0]          ; master:master|listen_count[1]          ; clk                             ; clk         ; 0.000        ; 0.073      ; 1.022      ;
; 0.760 ; beg_com:beg_com|beg                    ; master:master|counter[0]               ; beg_com:beg_com|beg             ; clk         ; 0.000        ; 2.415      ; 3.640      ;
; 0.760 ; beg_com:beg_com|beg                    ; master:master|counter[4]               ; beg_com:beg_com|beg             ; clk         ; 0.000        ; 2.415      ; 3.640      ;
; 0.760 ; beg_com:beg_com|beg                    ; master:master|counter[1]               ; beg_com:beg_com|beg             ; clk         ; 0.000        ; 2.415      ; 3.640      ;
; 0.760 ; beg_com:beg_com|beg                    ; master:master|counter[2]               ; beg_com:beg_com|beg             ; clk         ; 0.000        ; 2.415      ; 3.640      ;
; 0.760 ; beg_com:beg_com|beg                    ; master:master|counter[3]               ; beg_com:beg_com|beg             ; clk         ; 0.000        ; 2.415      ; 3.640      ;
; 0.760 ; beg_com:beg_com|beg                    ; master:master|counter[5]               ; beg_com:beg_com|beg             ; clk         ; 0.000        ; 2.415      ; 3.640      ;
; 0.760 ; beg_com:beg_com|beg                    ; master:master|counter[6]               ; beg_com:beg_com|beg             ; clk         ; 0.000        ; 2.415      ; 3.640      ;
; 0.775 ; alarm_led:alarm_led|led_index[2]       ; alarm_led:alarm_led|leds[2]            ; clk                             ; clk         ; 0.000        ; 0.073      ; 1.043      ;
; 0.776 ; alarm_led:alarm_led|led_index[2]       ; alarm_led:alarm_led|leds[3]            ; clk                             ; clk         ; 0.000        ; 0.073      ; 1.044      ;
; 0.792 ; alarm_led:alarm_led|led_index[2]       ; alarm_led:alarm_led|leds[4]            ; clk                             ; clk         ; 0.000        ; 0.073      ; 1.060      ;
; 0.792 ; beg_com:beg_com|beg                    ; master:master|counter[13]              ; beg_com:beg_com|beg             ; clk         ; 0.000        ; 2.403      ; 3.660      ;
; 0.792 ; beg_com:beg_com|beg                    ; master:master|counter[7]               ; beg_com:beg_com|beg             ; clk         ; 0.000        ; 2.403      ; 3.660      ;
; 0.792 ; beg_com:beg_com|beg                    ; master:master|counter[8]               ; beg_com:beg_com|beg             ; clk         ; 0.000        ; 2.403      ; 3.660      ;
; 0.792 ; beg_com:beg_com|beg                    ; master:master|counter[9]               ; beg_com:beg_com|beg             ; clk         ; 0.000        ; 2.403      ; 3.660      ;
; 0.792 ; beg_com:beg_com|beg                    ; master:master|counter[10]              ; beg_com:beg_com|beg             ; clk         ; 0.000        ; 2.403      ; 3.660      ;
; 0.792 ; beg_com:beg_com|beg                    ; master:master|counter[11]              ; beg_com:beg_com|beg             ; clk         ; 0.000        ; 2.403      ; 3.660      ;
; 0.792 ; beg_com:beg_com|beg                    ; master:master|counter[12]              ; beg_com:beg_com|beg             ; clk         ; 0.000        ; 2.403      ; 3.660      ;
; 0.794 ; master:master|listen_count[3]          ; master:master|listen_count[2]          ; clk                             ; clk         ; 0.000        ; 0.073      ; 1.062      ;
; 0.794 ; alarm_led:alarm_led|led_index[2]       ; alarm_led:alarm_led|leds[0]            ; clk                             ; clk         ; 0.000        ; 0.073      ; 1.062      ;
; 0.799 ; master:master|listen_count[3]          ; master:master|listen_count[1]          ; clk                             ; clk         ; 0.000        ; 0.073      ; 1.067      ;
; 0.800 ; master:master|listen_count[3]          ; master:master|listen_count[0]          ; clk                             ; clk         ; 0.000        ; 0.073      ; 1.068      ;
; 0.801 ; alarm_led:alarm_led|led_index[2]       ; alarm_led:alarm_led|leds[5]            ; clk                             ; clk         ; 0.000        ; 0.073      ; 1.069      ;
; 0.836 ; lcddin_mod:lcd_display|clk_16ms        ; lcddin_mod:lcd_display|clk_16ms        ; lcddin_mod:lcd_display|clk_16ms ; clk         ; 0.000        ; 2.395      ; 3.696      ;
; 0.937 ; alarm_led:alarm_led|led_index[0]       ; alarm_led:alarm_led|led_index[1]       ; clk                             ; clk         ; 0.000        ; 0.073      ; 1.205      ;
; 0.943 ; alarm_led:alarm_led|led_index[1]       ; alarm_led:alarm_led|led_index[2]       ; clk                             ; clk         ; 0.000        ; 0.073      ; 1.211      ;
; 0.998 ; lcddin_mod:lcd_display|clk_counter[0]  ; lcddin_mod:lcd_display|clk_counter[1]  ; clk                             ; clk         ; 0.000        ; 0.091      ; 1.284      ;
; 1.006 ; beg_com:beg_com|count[0]               ; beg_com:beg_com|count[1]               ; clk                             ; clk         ; 0.000        ; 0.093      ; 1.294      ;
; 1.013 ; lcddin_mod:lcd_display|clk_counter[4]  ; lcddin_mod:lcd_display|clk_counter[5]  ; clk                             ; clk         ; 0.000        ; 0.072      ; 1.280      ;
; 1.017 ; lcddin_mod:lcd_display|clk_counter[7]  ; lcddin_mod:lcd_display|clk_counter[8]  ; clk                             ; clk         ; 0.000        ; 0.072      ; 1.284      ;
; 1.017 ; lcddin_mod:lcd_display|clk_counter[2]  ; lcddin_mod:lcd_display|clk_counter[3]  ; clk                             ; clk         ; 0.000        ; 0.072      ; 1.284      ;
; 1.018 ; lcddin_mod:lcd_display|clk_counter[5]  ; lcddin_mod:lcd_display|clk_counter[6]  ; clk                             ; clk         ; 0.000        ; 0.072      ; 1.285      ;
; 1.018 ; lcddin_mod:lcd_display|clk_counter[3]  ; lcddin_mod:lcd_display|clk_counter[4]  ; clk                             ; clk         ; 0.000        ; 0.072      ; 1.285      ;
; 1.020 ; alarm_led:alarm_led|led_index[0]       ; alarm_led:alarm_led|leds[5]            ; clk                             ; clk         ; 0.000        ; 0.073      ; 1.288      ;
; 1.021 ; alarm_led:alarm_led|led_index[0]       ; alarm_led:alarm_led|leds[3]            ; clk                             ; clk         ; 0.000        ; 0.073      ; 1.289      ;
; 1.025 ; master:master|counter[2]               ; master:master|counter[3]               ; clk                             ; clk         ; 0.000        ; 0.073      ; 1.293      ;
; 1.026 ; master:master|counter[0]               ; master:master|counter[1]               ; clk                             ; clk         ; 0.000        ; 0.073      ; 1.294      ;
; 1.026 ; beg_com:beg_com|count[2]               ; beg_com:beg_com|count[3]               ; clk                             ; clk         ; 0.000        ; 0.072      ; 1.293      ;
; 1.026 ; beg_com:beg_com|count[8]               ; beg_com:beg_com|count[9]               ; clk                             ; clk         ; 0.000        ; 0.072      ; 1.293      ;
; 1.027 ; beg_com:beg_com|count[3]               ; beg_com:beg_com|count[4]               ; clk                             ; clk         ; 0.000        ; 0.072      ; 1.294      ;
; 1.027 ; lcddin_mod:lcd_display|clk_counter[14] ; lcddin_mod:lcd_display|clk_counter[15] ; clk                             ; clk         ; 0.000        ; 0.072      ; 1.294      ;
; 1.028 ; lcddin_mod:lcd_display|clk_counter[15] ; lcddin_mod:lcd_display|clk_counter[16] ; clk                             ; clk         ; 0.000        ; 0.072      ; 1.295      ;
; 1.028 ; lcddin_mod:lcd_display|clk_counter[6]  ; lcddin_mod:lcd_display|clk_counter[8]  ; clk                             ; clk         ; 0.000        ; 0.072      ; 1.295      ;
; 1.028 ; lcddin_mod:lcd_display|clk_counter[4]  ; lcddin_mod:lcd_display|clk_counter[6]  ; clk                             ; clk         ; 0.000        ; 0.072      ; 1.295      ;
; 1.029 ; beg_com:beg_com|count[4]               ; beg_com:beg_com|count[5]               ; clk                             ; clk         ; 0.000        ; 0.072      ; 1.296      ;
; 1.030 ; beg_com:beg_com|count[6]               ; beg_com:beg_com|count[7]               ; clk                             ; clk         ; 0.000        ; 0.072      ; 1.297      ;
; 1.031 ; master:master|counter[3]               ; master:master|counter[4]               ; clk                             ; clk         ; 0.000        ; 0.073      ; 1.299      ;
; 1.032 ; beg_com:beg_com|count[9]               ; beg_com:beg_com|count[10]              ; clk                             ; clk         ; 0.000        ; 0.072      ; 1.299      ;
+-------+----------------------------------------+----------------------------------------+---------------------------------+-------------+--------------+------------+------------+


+------------------------------------------------------------------------------------------------------------------------------------------------------------------------------------------------------------------------------+
; Slow 1200mV 0C Model Hold: 'lcddin_mod:lcd_display|clk_16ms'                                                                                                                                                                 ;
+-------+----------------------------------------------------+----------------------------------------------------+---------------------------------+---------------------------------+--------------+------------+------------+
; Slack ; From Node                                          ; To Node                                            ; Launch Clock                    ; Latch Clock                     ; Relationship ; Clock Skew ; Data Delay ;
+-------+----------------------------------------------------+----------------------------------------------------+---------------------------------+---------------------------------+--------------+------------+------------+
; 0.401 ; lcddin_mod:lcd_display|fsm_state.WR_STATIC_TEXT_1L ; lcddin_mod:lcd_display|fsm_state.WR_STATIC_TEXT_1L ; lcddin_mod:lcd_display|clk_16ms ; lcddin_mod:lcd_display|clk_16ms ; 0.000        ; 0.073      ; 0.669      ;
; 0.401 ; lcddin_mod:lcd_display|fsm_state.WR_STATIC_TEXT_2L ; lcddin_mod:lcd_display|fsm_state.WR_STATIC_TEXT_2L ; lcddin_mod:lcd_display|clk_16ms ; lcddin_mod:lcd_display|clk_16ms ; 0.000        ; 0.073      ; 0.669      ;
; 0.401 ; lcddin_mod:lcd_display|command_counter[2]          ; lcddin_mod:lcd_display|command_counter[2]          ; lcddin_mod:lcd_display|clk_16ms ; lcddin_mod:lcd_display|clk_16ms ; 0.000        ; 0.073      ; 0.669      ;
; 0.401 ; lcddin_mod:lcd_display|command_counter[1]          ; lcddin_mod:lcd_display|command_counter[1]          ; lcddin_mod:lcd_display|clk_16ms ; lcddin_mod:lcd_display|clk_16ms ; 0.000        ; 0.073      ; 0.669      ;
; 0.401 ; lcddin_mod:lcd_display|command_counter[0]          ; lcddin_mod:lcd_display|command_counter[0]          ; lcddin_mod:lcd_display|clk_16ms ; lcddin_mod:lcd_display|clk_16ms ; 0.000        ; 0.073      ; 0.669      ;
; 0.507 ; lcddin_mod:lcd_display|fsm_state.CONFIG_CMD2       ; lcddin_mod:lcd_display|data[7]                     ; lcddin_mod:lcd_display|clk_16ms ; lcddin_mod:lcd_display|clk_16ms ; 0.000        ; 0.073      ; 0.775      ;
; 0.508 ; lcddin_mod:lcd_display|fsm_state.CONFIG_CMD2       ; lcddin_mod:lcd_display|fsm_state.WR_STATIC_TEXT_2L ; lcddin_mod:lcd_display|clk_16ms ; lcddin_mod:lcd_display|clk_16ms ; 0.000        ; 0.073      ; 0.776      ;
; 0.518 ; lcddin_mod:lcd_display|fsm_state.WR_STATIC_TEXT_2L ; lcddin_mod:lcd_display|rs                          ; lcddin_mod:lcd_display|clk_16ms ; lcddin_mod:lcd_display|clk_16ms ; 0.000        ; 0.073      ; 0.786      ;
; 0.540 ; lcddin_mod:lcd_display|fsm_state.CONFIG_CMD1       ; lcddin_mod:lcd_display|command_counter[2]          ; lcddin_mod:lcd_display|clk_16ms ; lcddin_mod:lcd_display|clk_16ms ; 0.000        ; 0.073      ; 0.808      ;
; 0.611 ; lcddin_mod:lcd_display|data_counter[4]             ; lcddin_mod:lcd_display|fsm_state.IDLE              ; lcddin_mod:lcd_display|clk_16ms ; lcddin_mod:lcd_display|clk_16ms ; 0.000        ; 0.073      ; 0.879      ;
; 0.638 ; lcddin_mod:lcd_display|fsm_state.WR_STATIC_TEXT_1L ; lcddin_mod:lcd_display|rs                          ; lcddin_mod:lcd_display|clk_16ms ; lcddin_mod:lcd_display|clk_16ms ; 0.000        ; 0.073      ; 0.906      ;
; 0.640 ; lcddin_mod:lcd_display|fsm_state.WR_STATIC_TEXT_1L ; lcddin_mod:lcd_display|fsm_state.CONFIG_CMD2       ; lcddin_mod:lcd_display|clk_16ms ; lcddin_mod:lcd_display|clk_16ms ; 0.000        ; 0.073      ; 0.908      ;
; 0.716 ; lcddin_mod:lcd_display|data_counter[3]             ; lcddin_mod:lcd_display|data[6]                     ; lcddin_mod:lcd_display|clk_16ms ; lcddin_mod:lcd_display|clk_16ms ; 0.000        ; 0.072      ; 0.983      ;
; 0.722 ; lcddin_mod:lcd_display|data_counter[4]             ; lcddin_mod:lcd_display|data_counter[4]             ; lcddin_mod:lcd_display|clk_16ms ; lcddin_mod:lcd_display|clk_16ms ; 0.000        ; 0.073      ; 0.990      ;
; 0.726 ; lcddin_mod:lcd_display|fsm_state.CONFIG_CMD2       ; lcddin_mod:lcd_display|data[6]                     ; lcddin_mod:lcd_display|clk_16ms ; lcddin_mod:lcd_display|clk_16ms ; 0.000        ; 0.073      ; 0.994      ;
; 0.730 ; lcddin_mod:lcd_display|data_counter[2]             ; lcddin_mod:lcd_display|data_counter[2]             ; lcddin_mod:lcd_display|clk_16ms ; lcddin_mod:lcd_display|clk_16ms ; 0.000        ; 0.073      ; 0.998      ;
; 0.745 ; lcddin_mod:lcd_display|data_counter[1]             ; lcddin_mod:lcd_display|data_counter[1]             ; lcddin_mod:lcd_display|clk_16ms ; lcddin_mod:lcd_display|clk_16ms ; 0.000        ; 0.073      ; 1.013      ;
; 0.753 ; lcddin_mod:lcd_display|data_counter[3]             ; lcddin_mod:lcd_display|data_counter[3]             ; lcddin_mod:lcd_display|clk_16ms ; lcddin_mod:lcd_display|clk_16ms ; 0.000        ; 0.073      ; 1.021      ;
; 0.753 ; lcddin_mod:lcd_display|command_counter[0]          ; lcddin_mod:lcd_display|command_counter[1]          ; lcddin_mod:lcd_display|clk_16ms ; lcddin_mod:lcd_display|clk_16ms ; 0.000        ; 0.073      ; 1.021      ;
; 0.758 ; lcddin_mod:lcd_display|data_counter[0]             ; lcddin_mod:lcd_display|data_counter[0]             ; lcddin_mod:lcd_display|clk_16ms ; lcddin_mod:lcd_display|clk_16ms ; 0.000        ; 0.073      ; 1.026      ;
; 0.761 ; lcddin_mod:lcd_display|fsm_state.WR_STATIC_TEXT_2L ; lcddin_mod:lcd_display|data[5]                     ; lcddin_mod:lcd_display|clk_16ms ; lcddin_mod:lcd_display|clk_16ms ; 0.000        ; 0.073      ; 1.029      ;
; 0.776 ; lcddin_mod:lcd_display|fsm_state.CONFIG_CMD1       ; lcddin_mod:lcd_display|command_counter[1]          ; lcddin_mod:lcd_display|clk_16ms ; lcddin_mod:lcd_display|clk_16ms ; 0.000        ; 0.073      ; 1.044      ;
; 0.778 ; lcddin_mod:lcd_display|fsm_state.CONFIG_CMD1       ; lcddin_mod:lcd_display|command_counter[0]          ; lcddin_mod:lcd_display|clk_16ms ; lcddin_mod:lcd_display|clk_16ms ; 0.000        ; 0.073      ; 1.046      ;
; 0.829 ; lcddin_mod:lcd_display|text[12][0]                 ; lcddin_mod:lcd_display|data[0]                     ; clk                             ; lcddin_mod:lcd_display|clk_16ms ; 0.000        ; 0.297      ; 1.351      ;
; 0.830 ; lcddin_mod:lcd_display|text[13][1]                 ; lcddin_mod:lcd_display|data[1]                     ; clk                             ; lcddin_mod:lcd_display|clk_16ms ; 0.000        ; 0.297      ; 1.352      ;
; 0.879 ; lcddin_mod:lcd_display|fsm_state.IDLE              ; lcddin_mod:lcd_display|command_counter[0]          ; lcddin_mod:lcd_display|clk_16ms ; lcddin_mod:lcd_display|clk_16ms ; 0.000        ; 0.074      ; 1.148      ;
; 0.884 ; lcddin_mod:lcd_display|fsm_state.IDLE              ; lcddin_mod:lcd_display|command_counter[1]          ; lcddin_mod:lcd_display|clk_16ms ; lcddin_mod:lcd_display|clk_16ms ; 0.000        ; 0.074      ; 1.153      ;
; 0.908 ; lcddin_mod:lcd_display|data_counter[3]             ; lcddin_mod:lcd_display|fsm_state.IDLE              ; lcddin_mod:lcd_display|clk_16ms ; lcddin_mod:lcd_display|clk_16ms ; 0.000        ; 0.073      ; 1.176      ;
; 0.910 ; lcddin_mod:lcd_display|fsm_state.IDLE              ; lcddin_mod:lcd_display|fsm_state.CONFIG_CMD1       ; lcddin_mod:lcd_display|clk_16ms ; lcddin_mod:lcd_display|clk_16ms ; 0.000        ; 0.074      ; 1.179      ;
; 0.986 ; lcddin_mod:lcd_display|data_counter[4]             ; lcddin_mod:lcd_display|fsm_state.CONFIG_CMD2       ; lcddin_mod:lcd_display|clk_16ms ; lcddin_mod:lcd_display|clk_16ms ; 0.000        ; 0.072      ; 1.253      ;
; 0.992 ; lcddin_mod:lcd_display|text[7][1]                  ; lcddin_mod:lcd_display|data[1]                     ; clk                             ; lcddin_mod:lcd_display|clk_16ms ; 0.000        ; 0.297      ; 1.514      ;
; 1.006 ; lcddin_mod:lcd_display|fsm_state.WR_STATIC_TEXT_2L ; lcddin_mod:lcd_display|data[4]                     ; lcddin_mod:lcd_display|clk_16ms ; lcddin_mod:lcd_display|clk_16ms ; 0.000        ; 0.073      ; 1.274      ;
; 1.008 ; lcddin_mod:lcd_display|data_counter[4]             ; lcddin_mod:lcd_display|data[5]                     ; lcddin_mod:lcd_display|clk_16ms ; lcddin_mod:lcd_display|clk_16ms ; 0.000        ; 0.072      ; 1.275      ;
; 1.012 ; lcddin_mod:lcd_display|command_counter[1]          ; lcddin_mod:lcd_display|fsm_state.CONFIG_CMD1       ; lcddin_mod:lcd_display|clk_16ms ; lcddin_mod:lcd_display|clk_16ms ; 0.000        ; 0.073      ; 1.280      ;
; 1.024 ; lcddin_mod:lcd_display|fsm_state.CONFIG_CMD1       ; lcddin_mod:lcd_display|data[0]                     ; lcddin_mod:lcd_display|clk_16ms ; lcddin_mod:lcd_display|clk_16ms ; 0.000        ; 0.073      ; 1.292      ;
; 1.027 ; lcddin_mod:lcd_display|data_counter[1]             ; lcddin_mod:lcd_display|fsm_state.IDLE              ; lcddin_mod:lcd_display|clk_16ms ; lcddin_mod:lcd_display|clk_16ms ; 0.000        ; 0.073      ; 1.295      ;
; 1.030 ; lcddin_mod:lcd_display|data_counter[3]             ; lcddin_mod:lcd_display|data[4]                     ; lcddin_mod:lcd_display|clk_16ms ; lcddin_mod:lcd_display|clk_16ms ; 0.000        ; 0.072      ; 1.297      ;
; 1.035 ; lcddin_mod:lcd_display|fsm_state.CONFIG_CMD1       ; lcddin_mod:lcd_display|data[3]                     ; lcddin_mod:lcd_display|clk_16ms ; lcddin_mod:lcd_display|clk_16ms ; 0.000        ; 0.072      ; 1.302      ;
; 1.045 ; lcddin_mod:lcd_display|data_counter[4]             ; lcddin_mod:lcd_display|fsm_state.WR_STATIC_TEXT_2L ; lcddin_mod:lcd_display|clk_16ms ; lcddin_mod:lcd_display|clk_16ms ; 0.000        ; 0.072      ; 1.312      ;
; 1.049 ; lcddin_mod:lcd_display|data_counter[2]             ; lcddin_mod:lcd_display|data_counter[3]             ; lcddin_mod:lcd_display|clk_16ms ; lcddin_mod:lcd_display|clk_16ms ; 0.000        ; 0.073      ; 1.317      ;
; 1.054 ; lcddin_mod:lcd_display|data_counter[2]             ; lcddin_mod:lcd_display|data[6]                     ; lcddin_mod:lcd_display|clk_16ms ; lcddin_mod:lcd_display|clk_16ms ; 0.000        ; 0.072      ; 1.321      ;
; 1.056 ; lcddin_mod:lcd_display|data_counter[0]             ; lcddin_mod:lcd_display|data_counter[1]             ; lcddin_mod:lcd_display|clk_16ms ; lcddin_mod:lcd_display|clk_16ms ; 0.000        ; 0.073      ; 1.324      ;
; 1.064 ; lcddin_mod:lcd_display|data_counter[2]             ; lcddin_mod:lcd_display|data_counter[4]             ; lcddin_mod:lcd_display|clk_16ms ; lcddin_mod:lcd_display|clk_16ms ; 0.000        ; 0.073      ; 1.332      ;
; 1.067 ; lcddin_mod:lcd_display|text[7][0]                  ; lcddin_mod:lcd_display|data[0]                     ; clk                             ; lcddin_mod:lcd_display|clk_16ms ; 0.000        ; 0.297      ; 1.589      ;
; 1.069 ; lcddin_mod:lcd_display|data_counter[1]             ; lcddin_mod:lcd_display|data_counter[2]             ; lcddin_mod:lcd_display|clk_16ms ; lcddin_mod:lcd_display|clk_16ms ; 0.000        ; 0.073      ; 1.337      ;
; 1.071 ; lcddin_mod:lcd_display|data_counter[0]             ; lcddin_mod:lcd_display|data_counter[2]             ; lcddin_mod:lcd_display|clk_16ms ; lcddin_mod:lcd_display|clk_16ms ; 0.000        ; 0.073      ; 1.339      ;
; 1.075 ; lcddin_mod:lcd_display|data_counter[3]             ; lcddin_mod:lcd_display|data_counter[4]             ; lcddin_mod:lcd_display|clk_16ms ; lcddin_mod:lcd_display|clk_16ms ; 0.000        ; 0.073      ; 1.343      ;
; 1.081 ; lcddin_mod:lcd_display|command_counter[0]          ; lcddin_mod:lcd_display|data[3]                     ; lcddin_mod:lcd_display|clk_16ms ; lcddin_mod:lcd_display|clk_16ms ; 0.000        ; 0.072      ; 1.348      ;
; 1.088 ; lcddin_mod:lcd_display|data_counter[4]             ; lcddin_mod:lcd_display|fsm_state.WR_STATIC_TEXT_1L ; lcddin_mod:lcd_display|clk_16ms ; lcddin_mod:lcd_display|clk_16ms ; 0.000        ; 0.072      ; 1.355      ;
; 1.098 ; lcddin_mod:lcd_display|command_counter[2]          ; lcddin_mod:lcd_display|fsm_state.WR_STATIC_TEXT_1L ; lcddin_mod:lcd_display|clk_16ms ; lcddin_mod:lcd_display|clk_16ms ; 0.000        ; 0.071      ; 1.364      ;
; 1.098 ; lcddin_mod:lcd_display|fsm_state.WR_STATIC_TEXT_2L ; lcddin_mod:lcd_display|fsm_state.IDLE              ; lcddin_mod:lcd_display|clk_16ms ; lcddin_mod:lcd_display|clk_16ms ; 0.000        ; 0.074      ; 1.367      ;
; 1.110 ; lcddin_mod:lcd_display|data_counter[3]             ; lcddin_mod:lcd_display|data[5]                     ; lcddin_mod:lcd_display|clk_16ms ; lcddin_mod:lcd_display|clk_16ms ; 0.000        ; 0.072      ; 1.377      ;
; 1.141 ; lcddin_mod:lcd_display|data_counter[3]             ; lcddin_mod:lcd_display|data[2]                     ; lcddin_mod:lcd_display|clk_16ms ; lcddin_mod:lcd_display|clk_16ms ; 0.000        ; 0.073      ; 1.409      ;
; 1.142 ; lcddin_mod:lcd_display|text[12][3]                 ; lcddin_mod:lcd_display|data[3]                     ; clk                             ; lcddin_mod:lcd_display|clk_16ms ; 0.000        ; 0.297      ; 1.664      ;
; 1.149 ; lcddin_mod:lcd_display|fsm_state.WR_STATIC_TEXT_1L ; lcddin_mod:lcd_display|data[4]                     ; lcddin_mod:lcd_display|clk_16ms ; lcddin_mod:lcd_display|clk_16ms ; 0.000        ; 0.073      ; 1.417      ;
; 1.152 ; lcddin_mod:lcd_display|command_counter[0]          ; lcddin_mod:lcd_display|command_counter[2]          ; lcddin_mod:lcd_display|clk_16ms ; lcddin_mod:lcd_display|clk_16ms ; 0.000        ; 0.073      ; 1.420      ;
; 1.158 ; lcddin_mod:lcd_display|fsm_state.IDLE              ; lcddin_mod:lcd_display|command_counter[2]          ; lcddin_mod:lcd_display|clk_16ms ; lcddin_mod:lcd_display|clk_16ms ; 0.000        ; 0.074      ; 1.427      ;
; 1.169 ; lcddin_mod:lcd_display|data_counter[1]             ; lcddin_mod:lcd_display|data_counter[3]             ; lcddin_mod:lcd_display|clk_16ms ; lcddin_mod:lcd_display|clk_16ms ; 0.000        ; 0.073      ; 1.437      ;
; 1.172 ; lcddin_mod:lcd_display|text[10][1]                 ; lcddin_mod:lcd_display|data[1]                     ; clk                             ; lcddin_mod:lcd_display|clk_16ms ; 0.000        ; 0.297      ; 1.694      ;
; 1.174 ; lcddin_mod:lcd_display|text[12][1]                 ; lcddin_mod:lcd_display|data[1]                     ; clk                             ; lcddin_mod:lcd_display|clk_16ms ; 0.000        ; 0.297      ; 1.696      ;
; 1.178 ; lcddin_mod:lcd_display|data_counter[0]             ; lcddin_mod:lcd_display|data_counter[3]             ; lcddin_mod:lcd_display|clk_16ms ; lcddin_mod:lcd_display|clk_16ms ; 0.000        ; 0.073      ; 1.446      ;
; 1.191 ; lcddin_mod:lcd_display|data_counter[1]             ; lcddin_mod:lcd_display|data_counter[4]             ; lcddin_mod:lcd_display|clk_16ms ; lcddin_mod:lcd_display|clk_16ms ; 0.000        ; 0.073      ; 1.459      ;
; 1.193 ; lcddin_mod:lcd_display|data_counter[0]             ; lcddin_mod:lcd_display|data_counter[4]             ; lcddin_mod:lcd_display|clk_16ms ; lcddin_mod:lcd_display|clk_16ms ; 0.000        ; 0.073      ; 1.461      ;
; 1.216 ; lcddin_mod:lcd_display|fsm_state.IDLE              ; lcddin_mod:lcd_display|data_counter[4]             ; lcddin_mod:lcd_display|clk_16ms ; lcddin_mod:lcd_display|clk_16ms ; 0.000        ; 0.073      ; 1.484      ;
; 1.216 ; lcddin_mod:lcd_display|fsm_state.IDLE              ; lcddin_mod:lcd_display|data_counter[3]             ; lcddin_mod:lcd_display|clk_16ms ; lcddin_mod:lcd_display|clk_16ms ; 0.000        ; 0.073      ; 1.484      ;
; 1.216 ; lcddin_mod:lcd_display|fsm_state.IDLE              ; lcddin_mod:lcd_display|data_counter[2]             ; lcddin_mod:lcd_display|clk_16ms ; lcddin_mod:lcd_display|clk_16ms ; 0.000        ; 0.073      ; 1.484      ;
; 1.216 ; lcddin_mod:lcd_display|fsm_state.IDLE              ; lcddin_mod:lcd_display|data_counter[1]             ; lcddin_mod:lcd_display|clk_16ms ; lcddin_mod:lcd_display|clk_16ms ; 0.000        ; 0.073      ; 1.484      ;
; 1.216 ; lcddin_mod:lcd_display|fsm_state.IDLE              ; lcddin_mod:lcd_display|data_counter[0]             ; lcddin_mod:lcd_display|clk_16ms ; lcddin_mod:lcd_display|clk_16ms ; 0.000        ; 0.073      ; 1.484      ;
; 1.218 ; lcddin_mod:lcd_display|text[13][3]                 ; lcddin_mod:lcd_display|data[3]                     ; clk                             ; lcddin_mod:lcd_display|clk_16ms ; 0.000        ; 0.297      ; 1.740      ;
; 1.224 ; lcddin_mod:lcd_display|fsm_state.WR_STATIC_TEXT_2L ; lcddin_mod:lcd_display|data[6]                     ; lcddin_mod:lcd_display|clk_16ms ; lcddin_mod:lcd_display|clk_16ms ; 0.000        ; 0.073      ; 1.492      ;
; 1.226 ; lcddin_mod:lcd_display|data_counter[0]             ; lcddin_mod:lcd_display|fsm_state.IDLE              ; lcddin_mod:lcd_display|clk_16ms ; lcddin_mod:lcd_display|clk_16ms ; 0.000        ; 0.073      ; 1.494      ;
; 1.229 ; lcddin_mod:lcd_display|data_counter[1]             ; lcddin_mod:lcd_display|data[5]                     ; lcddin_mod:lcd_display|clk_16ms ; lcddin_mod:lcd_display|clk_16ms ; 0.000        ; 0.072      ; 1.496      ;
; 1.241 ; lcddin_mod:lcd_display|fsm_state.WR_STATIC_TEXT_1L ; lcddin_mod:lcd_display|data[5]                     ; lcddin_mod:lcd_display|clk_16ms ; lcddin_mod:lcd_display|clk_16ms ; 0.000        ; 0.073      ; 1.509      ;
; 1.258 ; lcddin_mod:lcd_display|text[10][2]                 ; lcddin_mod:lcd_display|data[2]                     ; clk                             ; lcddin_mod:lcd_display|clk_16ms ; 0.000        ; 0.310      ; 1.793      ;
; 1.276 ; lcddin_mod:lcd_display|command_counter[2]          ; lcddin_mod:lcd_display|fsm_state.CONFIG_CMD1       ; lcddin_mod:lcd_display|clk_16ms ; lcddin_mod:lcd_display|clk_16ms ; 0.000        ; 0.073      ; 1.544      ;
; 1.279 ; lcddin_mod:lcd_display|text[10][3]                 ; lcddin_mod:lcd_display|data[3]                     ; clk                             ; lcddin_mod:lcd_display|clk_16ms ; 0.000        ; 0.297      ; 1.801      ;
; 1.282 ; lcddin_mod:lcd_display|fsm_state.CONFIG_CMD1       ; lcddin_mod:lcd_display|fsm_state.CONFIG_CMD1       ; lcddin_mod:lcd_display|clk_16ms ; lcddin_mod:lcd_display|clk_16ms ; 0.000        ; 0.073      ; 1.550      ;
; 1.305 ; lcddin_mod:lcd_display|command_counter[0]          ; lcddin_mod:lcd_display|fsm_state.CONFIG_CMD1       ; lcddin_mod:lcd_display|clk_16ms ; lcddin_mod:lcd_display|clk_16ms ; 0.000        ; 0.073      ; 1.573      ;
; 1.309 ; lcddin_mod:lcd_display|data_counter[1]             ; lcddin_mod:lcd_display|data[4]                     ; lcddin_mod:lcd_display|clk_16ms ; lcddin_mod:lcd_display|clk_16ms ; 0.000        ; 0.072      ; 1.576      ;
; 1.321 ; lcddin_mod:lcd_display|text[7][3]                  ; lcddin_mod:lcd_display|data[3]                     ; clk                             ; lcddin_mod:lcd_display|clk_16ms ; 0.000        ; 0.297      ; 1.843      ;
; 1.336 ; lcddin_mod:lcd_display|data_counter[3]             ; lcddin_mod:lcd_display|fsm_state.CONFIG_CMD2       ; lcddin_mod:lcd_display|clk_16ms ; lcddin_mod:lcd_display|clk_16ms ; 0.000        ; 0.072      ; 1.603      ;
; 1.337 ; lcddin_mod:lcd_display|command_counter[1]          ; lcddin_mod:lcd_display|command_counter[2]          ; lcddin_mod:lcd_display|clk_16ms ; lcddin_mod:lcd_display|clk_16ms ; 0.000        ; 0.073      ; 1.605      ;
; 1.342 ; lcddin_mod:lcd_display|fsm_state.WR_STATIC_TEXT_1L ; lcddin_mod:lcd_display|data[6]                     ; lcddin_mod:lcd_display|clk_16ms ; lcddin_mod:lcd_display|clk_16ms ; 0.000        ; 0.073      ; 1.610      ;
; 1.371 ; lcddin_mod:lcd_display|data_counter[2]             ; lcddin_mod:lcd_display|fsm_state.IDLE              ; lcddin_mod:lcd_display|clk_16ms ; lcddin_mod:lcd_display|clk_16ms ; 0.000        ; 0.073      ; 1.639      ;
; 1.385 ; lcddin_mod:lcd_display|command_counter[0]          ; lcddin_mod:lcd_display|data[0]                     ; lcddin_mod:lcd_display|clk_16ms ; lcddin_mod:lcd_display|clk_16ms ; 0.000        ; 0.073      ; 1.653      ;
; 1.386 ; lcddin_mod:lcd_display|data_counter[0]             ; lcddin_mod:lcd_display|data[4]                     ; lcddin_mod:lcd_display|clk_16ms ; lcddin_mod:lcd_display|clk_16ms ; 0.000        ; 0.072      ; 1.653      ;
; 1.397 ; lcddin_mod:lcd_display|fsm_state.CONFIG_CMD1       ; lcddin_mod:lcd_display|data[2]                     ; lcddin_mod:lcd_display|clk_16ms ; lcddin_mod:lcd_display|clk_16ms ; 0.000        ; 0.072      ; 1.664      ;
; 1.400 ; lcddin_mod:lcd_display|text[6][3]                  ; lcddin_mod:lcd_display|data[3]                     ; clk                             ; lcddin_mod:lcd_display|clk_16ms ; 0.000        ; 0.297      ; 1.922      ;
; 1.401 ; lcddin_mod:lcd_display|fsm_state.CONFIG_CMD1       ; lcddin_mod:lcd_display|data[1]                     ; lcddin_mod:lcd_display|clk_16ms ; lcddin_mod:lcd_display|clk_16ms ; 0.000        ; 0.073      ; 1.669      ;
; 1.407 ; lcddin_mod:lcd_display|text[6][0]                  ; lcddin_mod:lcd_display|data[0]                     ; clk                             ; lcddin_mod:lcd_display|clk_16ms ; 0.000        ; 0.297      ; 1.929      ;
; 1.412 ; lcddin_mod:lcd_display|data_counter[3]             ; lcddin_mod:lcd_display|fsm_state.WR_STATIC_TEXT_2L ; lcddin_mod:lcd_display|clk_16ms ; lcddin_mod:lcd_display|clk_16ms ; 0.000        ; 0.072      ; 1.679      ;
; 1.426 ; lcddin_mod:lcd_display|fsm_state.WR_STATIC_TEXT_2L ; lcddin_mod:lcd_display|data[0]                     ; lcddin_mod:lcd_display|clk_16ms ; lcddin_mod:lcd_display|clk_16ms ; 0.000        ; 0.075      ; 1.696      ;
; 1.427 ; lcddin_mod:lcd_display|fsm_state.WR_STATIC_TEXT_2L ; lcddin_mod:lcd_display|data[1]                     ; lcddin_mod:lcd_display|clk_16ms ; lcddin_mod:lcd_display|clk_16ms ; 0.000        ; 0.075      ; 1.697      ;
; 1.428 ; lcddin_mod:lcd_display|data_counter[0]             ; lcddin_mod:lcd_display|data[5]                     ; lcddin_mod:lcd_display|clk_16ms ; lcddin_mod:lcd_display|clk_16ms ; 0.000        ; 0.072      ; 1.695      ;
; 1.434 ; lcddin_mod:lcd_display|data_counter[3]             ; lcddin_mod:lcd_display|data[0]                     ; lcddin_mod:lcd_display|clk_16ms ; lcddin_mod:lcd_display|clk_16ms ; 0.000        ; 0.074      ; 1.703      ;
; 1.455 ; lcddin_mod:lcd_display|data_counter[1]             ; lcddin_mod:lcd_display|fsm_state.CONFIG_CMD2       ; lcddin_mod:lcd_display|clk_16ms ; lcddin_mod:lcd_display|clk_16ms ; 0.000        ; 0.072      ; 1.722      ;
; 1.467 ; lcddin_mod:lcd_display|data_counter[4]             ; lcddin_mod:lcd_display|data[4]                     ; lcddin_mod:lcd_display|clk_16ms ; lcddin_mod:lcd_display|clk_16ms ; 0.000        ; 0.072      ; 1.734      ;
; 1.477 ; lcddin_mod:lcd_display|fsm_state.WR_STATIC_TEXT_2L ; lcddin_mod:lcd_display|data[3]                     ; lcddin_mod:lcd_display|clk_16ms ; lcddin_mod:lcd_display|clk_16ms ; 0.000        ; 0.074      ; 1.746      ;
; 1.477 ; lcddin_mod:lcd_display|data_counter[3]             ; lcddin_mod:lcd_display|data[1]                     ; lcddin_mod:lcd_display|clk_16ms ; lcddin_mod:lcd_display|clk_16ms ; 0.000        ; 0.074      ; 1.746      ;
; 1.479 ; lcddin_mod:lcd_display|fsm_state.WR_STATIC_TEXT_2L ; lcddin_mod:lcd_display|data[2]                     ; lcddin_mod:lcd_display|clk_16ms ; lcddin_mod:lcd_display|clk_16ms ; 0.000        ; 0.074      ; 1.748      ;
+-------+----------------------------------------------------+----------------------------------------------------+---------------------------------+---------------------------------+--------------+------------+------------+


+----------------------------------------------------------------------------------------------------------------------------------------------+
; Slow 1200mV 0C Model Hold: 'beg_com:beg_com|beg'                                                                                             ;
+-------+------------------------+--------------------------+-------------------+---------------------+--------------+------------+------------+
; Slack ; From Node              ; To Node                  ; Launch Clock      ; Latch Clock         ; Relationship ; Clock Skew ; Data Delay ;
+-------+------------------------+--------------------------+-------------------+---------------------+--------------+------------+------------+
; 0.424 ; listen:listen|data[26] ; listen:listen|Hours[0]   ; master:master|scl ; beg_com:beg_com|beg ; -0.500       ; 0.608      ; 0.747      ;
; 0.425 ; listen:listen|data[25] ; listen:listen|Hours[1]   ; master:master|scl ; beg_com:beg_com|beg ; -0.500       ; 0.607      ; 0.747      ;
; 0.436 ; listen:listen|data[22] ; listen:listen|Hours[4]   ; master:master|scl ; beg_com:beg_com|beg ; -0.500       ; 0.608      ; 0.759      ;
; 0.437 ; listen:listen|data[21] ; listen:listen|Hours[5]   ; master:master|scl ; beg_com:beg_com|beg ; -0.500       ; 0.607      ; 0.759      ;
; 0.437 ; listen:listen|data[18] ; listen:listen|Minutes[7] ; master:master|scl ; beg_com:beg_com|beg ; -0.500       ; 0.608      ; 0.760      ;
; 0.437 ; listen:listen|data[17] ; listen:listen|Minutes[6] ; master:master|scl ; beg_com:beg_com|beg ; -0.500       ; 0.607      ; 0.759      ;
; 0.576 ; listen:listen|data[13] ; listen:listen|Minutes[2] ; master:master|scl ; beg_com:beg_com|beg ; -0.500       ; 0.606      ; 0.897      ;
; 0.593 ; listen:listen|data[4]  ; listen:listen|Seconds[1] ; master:master|scl ; beg_com:beg_com|beg ; -0.500       ; 0.607      ; 0.915      ;
; 0.599 ; listen:listen|data[8]  ; listen:listen|Seconds[5] ; master:master|scl ; beg_com:beg_com|beg ; -0.500       ; 0.607      ; 0.921      ;
; 0.613 ; listen:listen|data[24] ; listen:listen|Hours[2]   ; master:master|scl ; beg_com:beg_com|beg ; -0.500       ; 0.607      ; 0.935      ;
; 0.613 ; listen:listen|data[7]  ; listen:listen|Seconds[4] ; master:master|scl ; beg_com:beg_com|beg ; -0.500       ; 0.607      ; 0.935      ;
; 0.615 ; listen:listen|data[19] ; listen:listen|Hours[7]   ; master:master|scl ; beg_com:beg_com|beg ; -0.500       ; 0.607      ; 0.937      ;
; 0.774 ; listen:listen|data[20] ; listen:listen|Hours[6]   ; master:master|scl ; beg_com:beg_com|beg ; -0.500       ; 0.607      ; 1.096      ;
; 0.791 ; listen:listen|data[3]  ; listen:listen|Seconds[0] ; master:master|scl ; beg_com:beg_com|beg ; -0.500       ; 0.607      ; 1.113      ;
; 0.791 ; listen:listen|data[9]  ; listen:listen|Seconds[6] ; master:master|scl ; beg_com:beg_com|beg ; -0.500       ; 0.607      ; 1.113      ;
; 0.835 ; listen:listen|data[5]  ; listen:listen|Seconds[2] ; master:master|scl ; beg_com:beg_com|beg ; -0.500       ; 0.198      ; 0.748      ;
; 0.848 ; listen:listen|data[6]  ; listen:listen|Seconds[3] ; master:master|scl ; beg_com:beg_com|beg ; -0.500       ; 0.198      ; 0.761      ;
; 0.934 ; listen:listen|data[23] ; listen:listen|Hours[3]   ; master:master|scl ; beg_com:beg_com|beg ; -0.500       ; 0.608      ; 1.257      ;
; 0.946 ; listen:listen|data[10] ; listen:listen|Seconds[7] ; master:master|scl ; beg_com:beg_com|beg ; -0.500       ; 0.609      ; 1.270      ;
; 1.016 ; listen:listen|data[12] ; listen:listen|Minutes[1] ; master:master|scl ; beg_com:beg_com|beg ; -0.500       ; 0.605      ; 1.336      ;
; 1.038 ; listen:listen|data[11] ; listen:listen|Minutes[0] ; master:master|scl ; beg_com:beg_com|beg ; -0.500       ; 0.605      ; 1.358      ;
; 1.038 ; listen:listen|data[16] ; listen:listen|Minutes[5] ; master:master|scl ; beg_com:beg_com|beg ; -0.500       ; 0.605      ; 1.358      ;
; 1.250 ; listen:listen|data[15] ; listen:listen|Minutes[4] ; master:master|scl ; beg_com:beg_com|beg ; -0.500       ; 0.606      ; 1.571      ;
; 1.269 ; listen:listen|data[14] ; listen:listen|Minutes[3] ; master:master|scl ; beg_com:beg_com|beg ; -0.500       ; 0.606      ; 1.590      ;
+-------+------------------------+--------------------------+-------------------+---------------------+--------------+------------+------------+


+------------------------------------------------------------------------------------------------------------------------------------------+
; Slow 1200mV 0C Model Hold: 'master:master|scl'                                                                                           ;
+-------+------------------------+------------------------+-------------------+-------------------+--------------+------------+------------+
; Slack ; From Node              ; To Node                ; Launch Clock      ; Latch Clock       ; Relationship ; Clock Skew ; Data Delay ;
+-------+------------------------+------------------------+-------------------+-------------------+--------------+------------+------------+
; 0.573 ; master:master|sda_en   ; listen:listen|count[0] ; clk               ; master:master|scl ; 0.000        ; 0.746      ; 1.544      ;
; 0.767 ; listen:listen|count[4] ; listen:listen|count[4] ; master:master|scl ; master:master|scl ; 0.000        ; 0.072      ; 1.034      ;
; 0.831 ; listen:listen|data[26] ; listen:listen|data[26] ; master:master|scl ; master:master|scl ; 0.000        ; 0.073      ; 1.099      ;
; 0.877 ; master:master|sda_en   ; listen:listen|count[1] ; clk               ; master:master|scl ; 0.000        ; 0.746      ; 1.848      ;
; 0.881 ; listen:listen|count[6] ; listen:listen|count[6] ; master:master|scl ; master:master|scl ; 0.000        ; 0.072      ; 1.148      ;
; 0.884 ; listen:listen|count[3] ; listen:listen|count[3] ; master:master|scl ; master:master|scl ; 0.000        ; 0.072      ; 1.151      ;
; 0.890 ; listen:listen|count[5] ; listen:listen|count[5] ; master:master|scl ; master:master|scl ; 0.000        ; 0.072      ; 1.157      ;
; 0.903 ; listen:listen|count[0] ; listen:listen|count[0] ; master:master|scl ; master:master|scl ; 0.000        ; 0.072      ; 1.170      ;
; 0.906 ; listen:listen|count[2] ; listen:listen|count[2] ; master:master|scl ; master:master|scl ; 0.000        ; 0.072      ; 1.173      ;
; 0.931 ; listen:listen|count[1] ; listen:listen|count[1] ; master:master|scl ; master:master|scl ; 0.000        ; 0.072      ; 1.198      ;
; 0.949 ; listen:listen|count[1] ; listen:listen|data[6]  ; master:master|scl ; master:master|scl ; 0.000        ; 0.500      ; 1.644      ;
; 0.981 ; listen:listen|data[4]  ; listen:listen|data[4]  ; master:master|scl ; master:master|scl ; 0.000        ; 0.072      ; 1.248      ;
; 0.984 ; master:master|sda_en   ; listen:listen|count[2] ; clk               ; master:master|scl ; 0.000        ; 0.746      ; 1.955      ;
; 0.999 ; master:master|sda_en   ; listen:listen|count[3] ; clk               ; master:master|scl ; 0.000        ; 0.746      ; 1.970      ;
; 1.001 ; listen:listen|data[13] ; listen:listen|data[13] ; master:master|scl ; master:master|scl ; 0.000        ; 0.073      ; 1.269      ;
; 1.004 ; listen:listen|data[11] ; listen:listen|data[11] ; master:master|scl ; master:master|scl ; 0.000        ; 0.073      ; 1.272      ;
; 1.056 ; listen:listen|data[5]  ; listen:listen|data[5]  ; master:master|scl ; master:master|scl ; 0.000        ; 0.090      ; 1.341      ;
; 1.085 ; listen:listen|data[10] ; listen:listen|data[10] ; master:master|scl ; master:master|scl ; 0.000        ; 0.073      ; 1.353      ;
; 1.086 ; listen:listen|count[4] ; listen:listen|count[5] ; master:master|scl ; master:master|scl ; 0.000        ; 0.072      ; 1.353      ;
; 1.089 ; listen:listen|data[15] ; listen:listen|data[15] ; master:master|scl ; master:master|scl ; 0.000        ; 0.073      ; 1.357      ;
; 1.101 ; listen:listen|count[4] ; listen:listen|count[6] ; master:master|scl ; master:master|scl ; 0.000        ; 0.072      ; 1.368      ;
; 1.106 ; master:master|sda_en   ; listen:listen|count[4] ; clk               ; master:master|scl ; 0.000        ; 0.746      ; 2.077      ;
; 1.109 ; listen:listen|data[25] ; listen:listen|data[25] ; master:master|scl ; master:master|scl ; 0.000        ; 0.073      ; 1.377      ;
; 1.121 ; master:master|sda_en   ; listen:listen|count[5] ; clk               ; master:master|scl ; 0.000        ; 0.746      ; 2.092      ;
; 1.199 ; listen:listen|count[0] ; listen:listen|count[1] ; master:master|scl ; master:master|scl ; 0.000        ; 0.072      ; 1.466      ;
; 1.208 ; listen:listen|data[24] ; listen:listen|data[24] ; master:master|scl ; master:master|scl ; 0.000        ; 0.073      ; 1.476      ;
; 1.210 ; listen:listen|count[2] ; listen:listen|count[3] ; master:master|scl ; master:master|scl ; 0.000        ; 0.072      ; 1.477      ;
; 1.215 ; listen:listen|data[14] ; listen:listen|data[14] ; master:master|scl ; master:master|scl ; 0.000        ; 0.073      ; 1.483      ;
; 1.217 ; listen:listen|data[16] ; listen:listen|data[16] ; master:master|scl ; master:master|scl ; 0.000        ; 0.073      ; 1.485      ;
; 1.218 ; listen:listen|data[22] ; listen:listen|data[22] ; master:master|scl ; master:master|scl ; 0.000        ; 0.073      ; 1.486      ;
; 1.228 ; master:master|sda_en   ; listen:listen|count[6] ; clk               ; master:master|scl ; 0.000        ; 0.746      ; 2.199      ;
; 1.242 ; listen:listen|data[20] ; listen:listen|data[20] ; master:master|scl ; master:master|scl ; 0.000        ; 0.073      ; 1.510      ;
; 1.247 ; listen:listen|count[5] ; listen:listen|count[6] ; master:master|scl ; master:master|scl ; 0.000        ; 0.072      ; 1.514      ;
; 1.251 ; listen:listen|count[3] ; listen:listen|count[4] ; master:master|scl ; master:master|scl ; 0.000        ; 0.072      ; 1.518      ;
; 1.253 ; listen:listen|data[21] ; listen:listen|data[21] ; master:master|scl ; master:master|scl ; 0.000        ; 0.073      ; 1.521      ;
; 1.257 ; listen:listen|data[17] ; listen:listen|data[17] ; master:master|scl ; master:master|scl ; 0.000        ; 0.073      ; 1.525      ;
; 1.271 ; listen:listen|count[3] ; listen:listen|count[5] ; master:master|scl ; master:master|scl ; 0.000        ; 0.072      ; 1.538      ;
; 1.271 ; listen:listen|count[2] ; listen:listen|count[4] ; master:master|scl ; master:master|scl ; 0.000        ; 0.072      ; 1.538      ;
; 1.275 ; listen:listen|count[0] ; listen:listen|count[2] ; master:master|scl ; master:master|scl ; 0.000        ; 0.072      ; 1.542      ;
; 1.292 ; listen:listen|count[1] ; listen:listen|count[2] ; master:master|scl ; master:master|scl ; 0.000        ; 0.072      ; 1.559      ;
; 1.318 ; listen:listen|count[1] ; listen:listen|count[3] ; master:master|scl ; master:master|scl ; 0.000        ; 0.072      ; 1.585      ;
; 1.319 ; listen:listen|data[19] ; listen:listen|data[19] ; master:master|scl ; master:master|scl ; 0.000        ; 0.073      ; 1.587      ;
; 1.321 ; listen:listen|count[0] ; listen:listen|count[3] ; master:master|scl ; master:master|scl ; 0.000        ; 0.072      ; 1.588      ;
; 1.332 ; listen:listen|count[2] ; listen:listen|count[5] ; master:master|scl ; master:master|scl ; 0.000        ; 0.072      ; 1.599      ;
; 1.333 ; master:master|sda_en   ; listen:listen|data[6]  ; clk               ; master:master|scl ; 0.000        ; 1.174      ; 2.732      ;
; 1.350 ; listen:listen|count[1] ; listen:listen|data[5]  ; master:master|scl ; master:master|scl ; 0.000        ; 0.500      ; 2.045      ;
; 1.359 ; listen:listen|count[1] ; listen:listen|data[24] ; master:master|scl ; master:master|scl ; 0.000        ; 0.073      ; 1.627      ;
; 1.361 ; listen:listen|count[2] ; listen:listen|data[13] ; master:master|scl ; master:master|scl ; 0.000        ; 0.072      ; 1.628      ;
; 1.373 ; listen:listen|count[3] ; listen:listen|count[6] ; master:master|scl ; master:master|scl ; 0.000        ; 0.072      ; 1.640      ;
; 1.377 ; listen:listen|data[23] ; listen:listen|data[23] ; master:master|scl ; master:master|scl ; 0.000        ; 0.073      ; 1.645      ;
; 1.384 ; listen:listen|count[2] ; listen:listen|data[6]  ; master:master|scl ; master:master|scl ; 0.000        ; 0.500      ; 2.079      ;
; 1.386 ; listen:listen|count[4] ; listen:listen|data[6]  ; master:master|scl ; master:master|scl ; 0.000        ; 0.500      ; 2.081      ;
; 1.393 ; listen:listen|count[2] ; listen:listen|data[25] ; master:master|scl ; master:master|scl ; 0.000        ; 0.072      ; 1.660      ;
; 1.393 ; listen:listen|count[2] ; listen:listen|count[6] ; master:master|scl ; master:master|scl ; 0.000        ; 0.072      ; 1.660      ;
; 1.394 ; listen:listen|count[2] ; listen:listen|data[17] ; master:master|scl ; master:master|scl ; 0.000        ; 0.072      ; 1.661      ;
; 1.397 ; listen:listen|count[0] ; listen:listen|count[4] ; master:master|scl ; master:master|scl ; 0.000        ; 0.072      ; 1.664      ;
; 1.402 ; listen:listen|data[6]  ; listen:listen|data[6]  ; master:master|scl ; master:master|scl ; 0.000        ; 0.090      ; 1.687      ;
; 1.414 ; listen:listen|count[1] ; listen:listen|count[4] ; master:master|scl ; master:master|scl ; 0.000        ; 0.072      ; 1.681      ;
; 1.421 ; listen:listen|count[0] ; listen:listen|data[6]  ; master:master|scl ; master:master|scl ; 0.000        ; 0.500      ; 2.116      ;
; 1.440 ; listen:listen|count[1] ; listen:listen|count[5] ; master:master|scl ; master:master|scl ; 0.000        ; 0.072      ; 1.707      ;
; 1.443 ; listen:listen|count[0] ; listen:listen|count[5] ; master:master|scl ; master:master|scl ; 0.000        ; 0.072      ; 1.710      ;
; 1.453 ; listen:listen|data[8]  ; listen:listen|data[8]  ; master:master|scl ; master:master|scl ; 0.000        ; 0.072      ; 1.720      ;
; 1.464 ; listen:listen|data[3]  ; listen:listen|data[3]  ; master:master|scl ; master:master|scl ; 0.000        ; 0.072      ; 1.731      ;
; 1.503 ; listen:listen|count[1] ; listen:listen|data[4]  ; master:master|scl ; master:master|scl ; 0.000        ; 0.073      ; 1.771      ;
; 1.519 ; listen:listen|count[0] ; listen:listen|count[6] ; master:master|scl ; master:master|scl ; 0.000        ; 0.072      ; 1.786      ;
; 1.526 ; listen:listen|count[0] ; listen:listen|data[5]  ; master:master|scl ; master:master|scl ; 0.000        ; 0.500      ; 2.221      ;
; 1.536 ; listen:listen|count[1] ; listen:listen|count[6] ; master:master|scl ; master:master|scl ; 0.000        ; 0.072      ; 1.803      ;
; 1.547 ; listen:listen|count[1] ; listen:listen|data[26] ; master:master|scl ; master:master|scl ; 0.000        ; 0.073      ; 1.815      ;
; 1.550 ; listen:listen|count[6] ; listen:listen|count[2] ; master:master|scl ; master:master|scl ; 0.000        ; 0.072      ; 1.817      ;
; 1.550 ; listen:listen|count[6] ; listen:listen|count[1] ; master:master|scl ; master:master|scl ; 0.000        ; 0.072      ; 1.817      ;
; 1.550 ; listen:listen|count[6] ; listen:listen|count[0] ; master:master|scl ; master:master|scl ; 0.000        ; 0.072      ; 1.817      ;
; 1.550 ; listen:listen|count[6] ; listen:listen|count[3] ; master:master|scl ; master:master|scl ; 0.000        ; 0.072      ; 1.817      ;
; 1.550 ; listen:listen|count[6] ; listen:listen|count[4] ; master:master|scl ; master:master|scl ; 0.000        ; 0.072      ; 1.817      ;
; 1.550 ; listen:listen|count[6] ; listen:listen|count[5] ; master:master|scl ; master:master|scl ; 0.000        ; 0.072      ; 1.817      ;
; 1.557 ; listen:listen|count[4] ; listen:listen|data[11] ; master:master|scl ; master:master|scl ; 0.000        ; 0.073      ; 1.825      ;
; 1.590 ; listen:listen|data[18] ; listen:listen|data[18] ; master:master|scl ; master:master|scl ; 0.000        ; 0.073      ; 1.858      ;
; 1.603 ; listen:listen|count[5] ; listen:listen|data[6]  ; master:master|scl ; master:master|scl ; 0.000        ; 0.500      ; 2.298      ;
; 1.637 ; listen:listen|count[2] ; listen:listen|data[5]  ; master:master|scl ; master:master|scl ; 0.000        ; 0.500      ; 2.332      ;
; 1.655 ; listen:listen|count[5] ; listen:listen|count[2] ; master:master|scl ; master:master|scl ; 0.000        ; 0.072      ; 1.922      ;
; 1.655 ; listen:listen|count[5] ; listen:listen|count[1] ; master:master|scl ; master:master|scl ; 0.000        ; 0.072      ; 1.922      ;
; 1.655 ; listen:listen|count[5] ; listen:listen|count[0] ; master:master|scl ; master:master|scl ; 0.000        ; 0.072      ; 1.922      ;
; 1.655 ; listen:listen|count[5] ; listen:listen|count[3] ; master:master|scl ; master:master|scl ; 0.000        ; 0.072      ; 1.922      ;
; 1.655 ; listen:listen|count[5] ; listen:listen|count[4] ; master:master|scl ; master:master|scl ; 0.000        ; 0.072      ; 1.922      ;
; 1.666 ; master:master|sda_en   ; listen:listen|data[5]  ; clk               ; master:master|scl ; 0.000        ; 1.174      ; 3.065      ;
; 1.670 ; listen:listen|count[2] ; listen:listen|data[21] ; master:master|scl ; master:master|scl ; 0.000        ; 0.073      ; 1.938      ;
; 1.679 ; listen:listen|count[4] ; listen:listen|count[2] ; master:master|scl ; master:master|scl ; 0.000        ; 0.072      ; 1.946      ;
; 1.679 ; listen:listen|count[4] ; listen:listen|count[1] ; master:master|scl ; master:master|scl ; 0.000        ; 0.072      ; 1.946      ;
; 1.679 ; listen:listen|count[4] ; listen:listen|count[0] ; master:master|scl ; master:master|scl ; 0.000        ; 0.072      ; 1.946      ;
; 1.679 ; listen:listen|count[4] ; listen:listen|count[3] ; master:master|scl ; master:master|scl ; 0.000        ; 0.072      ; 1.946      ;
; 1.704 ; listen:listen|count[4] ; listen:listen|data[13] ; master:master|scl ; master:master|scl ; 0.000        ; 0.072      ; 1.971      ;
; 1.705 ; listen:listen|count[4] ; listen:listen|data[5]  ; master:master|scl ; master:master|scl ; 0.000        ; 0.500      ; 2.400      ;
; 1.717 ; listen:listen|count[4] ; listen:listen|data[25] ; master:master|scl ; master:master|scl ; 0.000        ; 0.072      ; 1.984      ;
; 1.717 ; listen:listen|count[4] ; listen:listen|data[17] ; master:master|scl ; master:master|scl ; 0.000        ; 0.072      ; 1.984      ;
; 1.738 ; listen:listen|count[3] ; listen:listen|data[6]  ; master:master|scl ; master:master|scl ; 0.000        ; 0.500      ; 2.433      ;
; 1.738 ; listen:listen|count[6] ; listen:listen|data[6]  ; master:master|scl ; master:master|scl ; 0.000        ; 0.500      ; 2.433      ;
; 1.742 ; master:master|sda_en   ; listen:listen|data[16] ; clk               ; master:master|scl ; 0.000        ; 0.747      ; 2.714      ;
; 1.742 ; listen:listen|count[4] ; listen:listen|data[16] ; master:master|scl ; master:master|scl ; 0.000        ; 0.073      ; 2.010      ;
; 1.760 ; master:master|sda_en   ; listen:listen|data[4]  ; clk               ; master:master|scl ; 0.000        ; 0.747      ; 2.732      ;
; 1.761 ; master:master|sda_en   ; listen:listen|data[21] ; clk               ; master:master|scl ; 0.000        ; 0.747      ; 2.733      ;
; 1.764 ; master:master|sda_en   ; listen:listen|data[19] ; clk               ; master:master|scl ; 0.000        ; 0.747      ; 2.736      ;
+-------+------------------------+------------------------+-------------------+-------------------+--------------+------------+------------+


----------------------------------------------
; Slow 1200mV 0C Model Metastability Summary ;
----------------------------------------------
No synchronizer chains to report.


+-----------------------------------------------------------+
; Fast 1200mV 0C Model Setup Summary                        ;
+---------------------------------+---------+---------------+
; Clock                           ; Slack   ; End Point TNS ;
+---------------------------------+---------+---------------+
; clk                             ; -11.869 ; -498.295      ;
; lcddin_mod:lcd_display|clk_16ms ; -0.664  ; -2.962        ;
; master:master|scl               ; -0.571  ; -11.470       ;
; beg_com:beg_com|beg             ; 0.091   ; 0.000         ;
+---------------------------------+---------+---------------+


+---------------------------------------------------------+
; Fast 1200mV 0C Model Hold Summary                       ;
+---------------------------------+-------+---------------+
; Clock                           ; Slack ; End Point TNS ;
+---------------------------------+-------+---------------+
; beg_com:beg_com|beg             ; 0.152 ; 0.000         ;
; clk                             ; 0.178 ; 0.000         ;
; lcddin_mod:lcd_display|clk_16ms ; 0.186 ; 0.000         ;
; master:master|scl               ; 0.321 ; 0.000         ;
+---------------------------------+-------+---------------+


-----------------------------------------
; Fast 1200mV 0C Model Recovery Summary ;
-----------------------------------------
No paths to report.


----------------------------------------
; Fast 1200mV 0C Model Removal Summary ;
----------------------------------------
No paths to report.


+----------------------------------------------------------+
; Fast 1200mV 0C Model Minimum Pulse Width Summary         ;
+---------------------------------+--------+---------------+
; Clock                           ; Slack  ; End Point TNS ;
+---------------------------------+--------+---------------+
; clk                             ; -3.000 ; -133.364      ;
; master:master|scl               ; -1.000 ; -31.000       ;
; beg_com:beg_com|beg             ; -1.000 ; -24.000       ;
; lcddin_mod:lcd_display|clk_16ms ; -1.000 ; -22.000       ;
+---------------------------------+--------+---------------+


+---------------------------------------------------------------------------------------------------------------------------------------+
; Fast 1200mV 0C Model Setup: 'clk'                                                                                                     ;
+---------+---------------------------+---------------------------+--------------+-------------+--------------+------------+------------+
; Slack   ; From Node                 ; To Node                   ; Launch Clock ; Latch Clock ; Relationship ; Clock Skew ; Data Delay ;
+---------+---------------------------+---------------------------+--------------+-------------+--------------+------------+------------+
; -11.869 ; master:master|counter[8]  ; master:master|scl         ; clk          ; clk         ; 1.000        ; -0.032     ; 12.824     ;
; -11.813 ; master:master|counter[7]  ; master:master|scl         ; clk          ; clk         ; 1.000        ; -0.032     ; 12.768     ;
; -11.798 ; master:master|counter[10] ; master:master|scl         ; clk          ; clk         ; 1.000        ; -0.032     ; 12.753     ;
; -11.744 ; master:master|counter[9]  ; master:master|scl         ; clk          ; clk         ; 1.000        ; -0.032     ; 12.699     ;
; -11.731 ; master:master|counter[12] ; master:master|scl         ; clk          ; clk         ; 1.000        ; -0.032     ; 12.686     ;
; -11.686 ; master:master|counter[11] ; master:master|scl         ; clk          ; clk         ; 1.000        ; -0.032     ; 12.641     ;
; -11.648 ; master:master|counter[8]  ; master:master|counter[13] ; clk          ; clk         ; 1.000        ; -0.036     ; 12.599     ;
; -11.648 ; master:master|counter[8]  ; master:master|counter[7]  ; clk          ; clk         ; 1.000        ; -0.036     ; 12.599     ;
; -11.648 ; master:master|counter[8]  ; master:master|counter[8]  ; clk          ; clk         ; 1.000        ; -0.036     ; 12.599     ;
; -11.648 ; master:master|counter[8]  ; master:master|counter[9]  ; clk          ; clk         ; 1.000        ; -0.036     ; 12.599     ;
; -11.648 ; master:master|counter[8]  ; master:master|counter[10] ; clk          ; clk         ; 1.000        ; -0.036     ; 12.599     ;
; -11.648 ; master:master|counter[8]  ; master:master|counter[11] ; clk          ; clk         ; 1.000        ; -0.036     ; 12.599     ;
; -11.648 ; master:master|counter[8]  ; master:master|counter[12] ; clk          ; clk         ; 1.000        ; -0.036     ; 12.599     ;
; -11.619 ; master:master|counter[13] ; master:master|scl         ; clk          ; clk         ; 1.000        ; -0.032     ; 12.574     ;
; -11.592 ; master:master|counter[7]  ; master:master|counter[13] ; clk          ; clk         ; 1.000        ; -0.036     ; 12.543     ;
; -11.592 ; master:master|counter[7]  ; master:master|counter[7]  ; clk          ; clk         ; 1.000        ; -0.036     ; 12.543     ;
; -11.592 ; master:master|counter[7]  ; master:master|counter[8]  ; clk          ; clk         ; 1.000        ; -0.036     ; 12.543     ;
; -11.592 ; master:master|counter[7]  ; master:master|counter[9]  ; clk          ; clk         ; 1.000        ; -0.036     ; 12.543     ;
; -11.592 ; master:master|counter[7]  ; master:master|counter[10] ; clk          ; clk         ; 1.000        ; -0.036     ; 12.543     ;
; -11.592 ; master:master|counter[7]  ; master:master|counter[11] ; clk          ; clk         ; 1.000        ; -0.036     ; 12.543     ;
; -11.592 ; master:master|counter[7]  ; master:master|counter[12] ; clk          ; clk         ; 1.000        ; -0.036     ; 12.543     ;
; -11.577 ; master:master|counter[10] ; master:master|counter[13] ; clk          ; clk         ; 1.000        ; -0.036     ; 12.528     ;
; -11.577 ; master:master|counter[10] ; master:master|counter[7]  ; clk          ; clk         ; 1.000        ; -0.036     ; 12.528     ;
; -11.577 ; master:master|counter[10] ; master:master|counter[8]  ; clk          ; clk         ; 1.000        ; -0.036     ; 12.528     ;
; -11.577 ; master:master|counter[10] ; master:master|counter[9]  ; clk          ; clk         ; 1.000        ; -0.036     ; 12.528     ;
; -11.577 ; master:master|counter[10] ; master:master|counter[10] ; clk          ; clk         ; 1.000        ; -0.036     ; 12.528     ;
; -11.577 ; master:master|counter[10] ; master:master|counter[11] ; clk          ; clk         ; 1.000        ; -0.036     ; 12.528     ;
; -11.577 ; master:master|counter[10] ; master:master|counter[12] ; clk          ; clk         ; 1.000        ; -0.036     ; 12.528     ;
; -11.523 ; master:master|counter[9]  ; master:master|counter[13] ; clk          ; clk         ; 1.000        ; -0.036     ; 12.474     ;
; -11.523 ; master:master|counter[9]  ; master:master|counter[7]  ; clk          ; clk         ; 1.000        ; -0.036     ; 12.474     ;
; -11.523 ; master:master|counter[9]  ; master:master|counter[8]  ; clk          ; clk         ; 1.000        ; -0.036     ; 12.474     ;
; -11.523 ; master:master|counter[9]  ; master:master|counter[9]  ; clk          ; clk         ; 1.000        ; -0.036     ; 12.474     ;
; -11.523 ; master:master|counter[9]  ; master:master|counter[10] ; clk          ; clk         ; 1.000        ; -0.036     ; 12.474     ;
; -11.523 ; master:master|counter[9]  ; master:master|counter[11] ; clk          ; clk         ; 1.000        ; -0.036     ; 12.474     ;
; -11.523 ; master:master|counter[9]  ; master:master|counter[12] ; clk          ; clk         ; 1.000        ; -0.036     ; 12.474     ;
; -11.510 ; master:master|counter[12] ; master:master|counter[13] ; clk          ; clk         ; 1.000        ; -0.036     ; 12.461     ;
; -11.510 ; master:master|counter[12] ; master:master|counter[7]  ; clk          ; clk         ; 1.000        ; -0.036     ; 12.461     ;
; -11.510 ; master:master|counter[12] ; master:master|counter[8]  ; clk          ; clk         ; 1.000        ; -0.036     ; 12.461     ;
; -11.510 ; master:master|counter[12] ; master:master|counter[9]  ; clk          ; clk         ; 1.000        ; -0.036     ; 12.461     ;
; -11.510 ; master:master|counter[12] ; master:master|counter[10] ; clk          ; clk         ; 1.000        ; -0.036     ; 12.461     ;
; -11.510 ; master:master|counter[12] ; master:master|counter[11] ; clk          ; clk         ; 1.000        ; -0.036     ; 12.461     ;
; -11.510 ; master:master|counter[12] ; master:master|counter[12] ; clk          ; clk         ; 1.000        ; -0.036     ; 12.461     ;
; -11.486 ; master:master|counter[8]  ; master:master|counter[0]  ; clk          ; clk         ; 1.000        ; -0.032     ; 12.441     ;
; -11.486 ; master:master|counter[8]  ; master:master|counter[4]  ; clk          ; clk         ; 1.000        ; -0.032     ; 12.441     ;
; -11.486 ; master:master|counter[8]  ; master:master|counter[1]  ; clk          ; clk         ; 1.000        ; -0.032     ; 12.441     ;
; -11.486 ; master:master|counter[8]  ; master:master|counter[2]  ; clk          ; clk         ; 1.000        ; -0.032     ; 12.441     ;
; -11.486 ; master:master|counter[8]  ; master:master|counter[3]  ; clk          ; clk         ; 1.000        ; -0.032     ; 12.441     ;
; -11.486 ; master:master|counter[8]  ; master:master|counter[5]  ; clk          ; clk         ; 1.000        ; -0.032     ; 12.441     ;
; -11.486 ; master:master|counter[8]  ; master:master|counter[6]  ; clk          ; clk         ; 1.000        ; -0.032     ; 12.441     ;
; -11.465 ; master:master|counter[11] ; master:master|counter[13] ; clk          ; clk         ; 1.000        ; -0.036     ; 12.416     ;
; -11.465 ; master:master|counter[11] ; master:master|counter[7]  ; clk          ; clk         ; 1.000        ; -0.036     ; 12.416     ;
; -11.465 ; master:master|counter[11] ; master:master|counter[8]  ; clk          ; clk         ; 1.000        ; -0.036     ; 12.416     ;
; -11.465 ; master:master|counter[11] ; master:master|counter[9]  ; clk          ; clk         ; 1.000        ; -0.036     ; 12.416     ;
; -11.465 ; master:master|counter[11] ; master:master|counter[10] ; clk          ; clk         ; 1.000        ; -0.036     ; 12.416     ;
; -11.465 ; master:master|counter[11] ; master:master|counter[11] ; clk          ; clk         ; 1.000        ; -0.036     ; 12.416     ;
; -11.465 ; master:master|counter[11] ; master:master|counter[12] ; clk          ; clk         ; 1.000        ; -0.036     ; 12.416     ;
; -11.430 ; master:master|counter[7]  ; master:master|counter[0]  ; clk          ; clk         ; 1.000        ; -0.032     ; 12.385     ;
; -11.430 ; master:master|counter[7]  ; master:master|counter[4]  ; clk          ; clk         ; 1.000        ; -0.032     ; 12.385     ;
; -11.430 ; master:master|counter[7]  ; master:master|counter[1]  ; clk          ; clk         ; 1.000        ; -0.032     ; 12.385     ;
; -11.430 ; master:master|counter[7]  ; master:master|counter[2]  ; clk          ; clk         ; 1.000        ; -0.032     ; 12.385     ;
; -11.430 ; master:master|counter[7]  ; master:master|counter[3]  ; clk          ; clk         ; 1.000        ; -0.032     ; 12.385     ;
; -11.430 ; master:master|counter[7]  ; master:master|counter[5]  ; clk          ; clk         ; 1.000        ; -0.032     ; 12.385     ;
; -11.430 ; master:master|counter[7]  ; master:master|counter[6]  ; clk          ; clk         ; 1.000        ; -0.032     ; 12.385     ;
; -11.415 ; master:master|counter[10] ; master:master|counter[0]  ; clk          ; clk         ; 1.000        ; -0.032     ; 12.370     ;
; -11.415 ; master:master|counter[10] ; master:master|counter[4]  ; clk          ; clk         ; 1.000        ; -0.032     ; 12.370     ;
; -11.415 ; master:master|counter[10] ; master:master|counter[1]  ; clk          ; clk         ; 1.000        ; -0.032     ; 12.370     ;
; -11.415 ; master:master|counter[10] ; master:master|counter[2]  ; clk          ; clk         ; 1.000        ; -0.032     ; 12.370     ;
; -11.415 ; master:master|counter[10] ; master:master|counter[3]  ; clk          ; clk         ; 1.000        ; -0.032     ; 12.370     ;
; -11.415 ; master:master|counter[10] ; master:master|counter[5]  ; clk          ; clk         ; 1.000        ; -0.032     ; 12.370     ;
; -11.415 ; master:master|counter[10] ; master:master|counter[6]  ; clk          ; clk         ; 1.000        ; -0.032     ; 12.370     ;
; -11.398 ; master:master|counter[13] ; master:master|counter[13] ; clk          ; clk         ; 1.000        ; -0.036     ; 12.349     ;
; -11.398 ; master:master|counter[13] ; master:master|counter[7]  ; clk          ; clk         ; 1.000        ; -0.036     ; 12.349     ;
; -11.398 ; master:master|counter[13] ; master:master|counter[8]  ; clk          ; clk         ; 1.000        ; -0.036     ; 12.349     ;
; -11.398 ; master:master|counter[13] ; master:master|counter[9]  ; clk          ; clk         ; 1.000        ; -0.036     ; 12.349     ;
; -11.398 ; master:master|counter[13] ; master:master|counter[10] ; clk          ; clk         ; 1.000        ; -0.036     ; 12.349     ;
; -11.398 ; master:master|counter[13] ; master:master|counter[11] ; clk          ; clk         ; 1.000        ; -0.036     ; 12.349     ;
; -11.398 ; master:master|counter[13] ; master:master|counter[12] ; clk          ; clk         ; 1.000        ; -0.036     ; 12.349     ;
; -11.361 ; master:master|counter[9]  ; master:master|counter[0]  ; clk          ; clk         ; 1.000        ; -0.032     ; 12.316     ;
; -11.361 ; master:master|counter[9]  ; master:master|counter[4]  ; clk          ; clk         ; 1.000        ; -0.032     ; 12.316     ;
; -11.361 ; master:master|counter[9]  ; master:master|counter[1]  ; clk          ; clk         ; 1.000        ; -0.032     ; 12.316     ;
; -11.361 ; master:master|counter[9]  ; master:master|counter[2]  ; clk          ; clk         ; 1.000        ; -0.032     ; 12.316     ;
; -11.361 ; master:master|counter[9]  ; master:master|counter[3]  ; clk          ; clk         ; 1.000        ; -0.032     ; 12.316     ;
; -11.361 ; master:master|counter[9]  ; master:master|counter[5]  ; clk          ; clk         ; 1.000        ; -0.032     ; 12.316     ;
; -11.361 ; master:master|counter[9]  ; master:master|counter[6]  ; clk          ; clk         ; 1.000        ; -0.032     ; 12.316     ;
; -11.348 ; master:master|counter[12] ; master:master|counter[0]  ; clk          ; clk         ; 1.000        ; -0.032     ; 12.303     ;
; -11.348 ; master:master|counter[12] ; master:master|counter[4]  ; clk          ; clk         ; 1.000        ; -0.032     ; 12.303     ;
; -11.348 ; master:master|counter[12] ; master:master|counter[1]  ; clk          ; clk         ; 1.000        ; -0.032     ; 12.303     ;
; -11.348 ; master:master|counter[12] ; master:master|counter[2]  ; clk          ; clk         ; 1.000        ; -0.032     ; 12.303     ;
; -11.348 ; master:master|counter[12] ; master:master|counter[3]  ; clk          ; clk         ; 1.000        ; -0.032     ; 12.303     ;
; -11.348 ; master:master|counter[12] ; master:master|counter[5]  ; clk          ; clk         ; 1.000        ; -0.032     ; 12.303     ;
; -11.348 ; master:master|counter[12] ; master:master|counter[6]  ; clk          ; clk         ; 1.000        ; -0.032     ; 12.303     ;
; -11.303 ; master:master|counter[11] ; master:master|counter[0]  ; clk          ; clk         ; 1.000        ; -0.032     ; 12.258     ;
; -11.303 ; master:master|counter[11] ; master:master|counter[4]  ; clk          ; clk         ; 1.000        ; -0.032     ; 12.258     ;
; -11.303 ; master:master|counter[11] ; master:master|counter[1]  ; clk          ; clk         ; 1.000        ; -0.032     ; 12.258     ;
; -11.303 ; master:master|counter[11] ; master:master|counter[2]  ; clk          ; clk         ; 1.000        ; -0.032     ; 12.258     ;
; -11.303 ; master:master|counter[11] ; master:master|counter[3]  ; clk          ; clk         ; 1.000        ; -0.032     ; 12.258     ;
; -11.303 ; master:master|counter[11] ; master:master|counter[5]  ; clk          ; clk         ; 1.000        ; -0.032     ; 12.258     ;
; -11.303 ; master:master|counter[11] ; master:master|counter[6]  ; clk          ; clk         ; 1.000        ; -0.032     ; 12.258     ;
; -11.236 ; master:master|counter[13] ; master:master|counter[0]  ; clk          ; clk         ; 1.000        ; -0.032     ; 12.191     ;
; -11.236 ; master:master|counter[13] ; master:master|counter[4]  ; clk          ; clk         ; 1.000        ; -0.032     ; 12.191     ;
+---------+---------------------------+---------------------------+--------------+-------------+--------------+------------+------------+


+-------------------------------------------------------------------------------------------------------------------------------------------------------------------------------------------------------------------------------+
; Fast 1200mV 0C Model Setup: 'lcddin_mod:lcd_display|clk_16ms'                                                                                                                                                                 ;
+--------+----------------------------------------------------+----------------------------------------------------+---------------------------------+---------------------------------+--------------+------------+------------+
; Slack  ; From Node                                          ; To Node                                            ; Launch Clock                    ; Latch Clock                     ; Relationship ; Clock Skew ; Data Delay ;
+--------+----------------------------------------------------+----------------------------------------------------+---------------------------------+---------------------------------+--------------+------------+------------+
; -0.664 ; lcddin_mod:lcd_display|data_counter[0]             ; lcddin_mod:lcd_display|data[2]                     ; lcddin_mod:lcd_display|clk_16ms ; lcddin_mod:lcd_display|clk_16ms ; 1.000        ; -0.037     ; 1.614      ;
; -0.640 ; lcddin_mod:lcd_display|data_counter[2]             ; lcddin_mod:lcd_display|data[2]                     ; lcddin_mod:lcd_display|clk_16ms ; lcddin_mod:lcd_display|clk_16ms ; 1.000        ; -0.037     ; 1.590      ;
; -0.555 ; lcddin_mod:lcd_display|data_counter[0]             ; lcddin_mod:lcd_display|data[1]                     ; lcddin_mod:lcd_display|clk_16ms ; lcddin_mod:lcd_display|clk_16ms ; 1.000        ; -0.036     ; 1.506      ;
; -0.503 ; lcddin_mod:lcd_display|data_counter[2]             ; lcddin_mod:lcd_display|data[0]                     ; lcddin_mod:lcd_display|clk_16ms ; lcddin_mod:lcd_display|clk_16ms ; 1.000        ; -0.036     ; 1.454      ;
; -0.502 ; lcddin_mod:lcd_display|data_counter[2]             ; lcddin_mod:lcd_display|data[1]                     ; lcddin_mod:lcd_display|clk_16ms ; lcddin_mod:lcd_display|clk_16ms ; 1.000        ; -0.036     ; 1.453      ;
; -0.495 ; lcddin_mod:lcd_display|data_counter[1]             ; lcddin_mod:lcd_display|data[0]                     ; lcddin_mod:lcd_display|clk_16ms ; lcddin_mod:lcd_display|clk_16ms ; 1.000        ; -0.036     ; 1.446      ;
; -0.484 ; lcddin_mod:lcd_display|data_counter[0]             ; lcddin_mod:lcd_display|data[0]                     ; lcddin_mod:lcd_display|clk_16ms ; lcddin_mod:lcd_display|clk_16ms ; 1.000        ; -0.036     ; 1.435      ;
; -0.446 ; lcddin_mod:lcd_display|data_counter[1]             ; lcddin_mod:lcd_display|data[2]                     ; lcddin_mod:lcd_display|clk_16ms ; lcddin_mod:lcd_display|clk_16ms ; 1.000        ; -0.037     ; 1.396      ;
; -0.369 ; lcddin_mod:lcd_display|data_counter[1]             ; lcddin_mod:lcd_display|data[1]                     ; lcddin_mod:lcd_display|clk_16ms ; lcddin_mod:lcd_display|clk_16ms ; 1.000        ; -0.036     ; 1.320      ;
; -0.333 ; lcddin_mod:lcd_display|data_counter[0]             ; lcddin_mod:lcd_display|data[3]                     ; lcddin_mod:lcd_display|clk_16ms ; lcddin_mod:lcd_display|clk_16ms ; 1.000        ; -0.037     ; 1.283      ;
; -0.301 ; lcddin_mod:lcd_display|data_counter[1]             ; lcddin_mod:lcd_display|data[3]                     ; lcddin_mod:lcd_display|clk_16ms ; lcddin_mod:lcd_display|clk_16ms ; 1.000        ; -0.037     ; 1.251      ;
; -0.282 ; lcddin_mod:lcd_display|fsm_state.IDLE              ; lcddin_mod:lcd_display|data[1]                     ; lcddin_mod:lcd_display|clk_16ms ; lcddin_mod:lcd_display|clk_16ms ; 1.000        ; -0.036     ; 1.233      ;
; -0.278 ; lcddin_mod:lcd_display|data_counter[2]             ; lcddin_mod:lcd_display|fsm_state.WR_STATIC_TEXT_1L ; lcddin_mod:lcd_display|clk_16ms ; lcddin_mod:lcd_display|clk_16ms ; 1.000        ; -0.038     ; 1.227      ;
; -0.250 ; lcddin_mod:lcd_display|data_counter[3]             ; lcddin_mod:lcd_display|data[3]                     ; lcddin_mod:lcd_display|clk_16ms ; lcddin_mod:lcd_display|clk_16ms ; 1.000        ; -0.037     ; 1.200      ;
; -0.237 ; lcddin_mod:lcd_display|command_counter[0]          ; lcddin_mod:lcd_display|data[5]                     ; lcddin_mod:lcd_display|clk_16ms ; lcddin_mod:lcd_display|clk_16ms ; 1.000        ; -0.039     ; 1.185      ;
; -0.216 ; lcddin_mod:lcd_display|fsm_state.IDLE              ; lcddin_mod:lcd_display|data[0]                     ; lcddin_mod:lcd_display|clk_16ms ; lcddin_mod:lcd_display|clk_16ms ; 1.000        ; -0.036     ; 1.167      ;
; -0.216 ; lcddin_mod:lcd_display|command_counter[1]          ; lcddin_mod:lcd_display|data[5]                     ; lcddin_mod:lcd_display|clk_16ms ; lcddin_mod:lcd_display|clk_16ms ; 1.000        ; -0.039     ; 1.164      ;
; -0.215 ; lcddin_mod:lcd_display|data_counter[2]             ; lcddin_mod:lcd_display|data[5]                     ; lcddin_mod:lcd_display|clk_16ms ; lcddin_mod:lcd_display|clk_16ms ; 1.000        ; -0.038     ; 1.164      ;
; -0.213 ; lcddin_mod:lcd_display|data_counter[4]             ; lcddin_mod:lcd_display|data[2]                     ; lcddin_mod:lcd_display|clk_16ms ; lcddin_mod:lcd_display|clk_16ms ; 1.000        ; -0.037     ; 1.163      ;
; -0.210 ; lcddin_mod:lcd_display|data_counter[4]             ; lcddin_mod:lcd_display|data[3]                     ; lcddin_mod:lcd_display|clk_16ms ; lcddin_mod:lcd_display|clk_16ms ; 1.000        ; -0.037     ; 1.160      ;
; -0.197 ; lcddin_mod:lcd_display|data_counter[0]             ; lcddin_mod:lcd_display|fsm_state.WR_STATIC_TEXT_1L ; lcddin_mod:lcd_display|clk_16ms ; lcddin_mod:lcd_display|clk_16ms ; 1.000        ; -0.038     ; 1.146      ;
; -0.179 ; lcddin_mod:lcd_display|fsm_state.CONFIG_CMD1       ; lcddin_mod:lcd_display|data[5]                     ; lcddin_mod:lcd_display|clk_16ms ; lcddin_mod:lcd_display|clk_16ms ; 1.000        ; -0.039     ; 1.127      ;
; -0.175 ; lcddin_mod:lcd_display|data_counter[4]             ; lcddin_mod:lcd_display|data[1]                     ; lcddin_mod:lcd_display|clk_16ms ; lcddin_mod:lcd_display|clk_16ms ; 1.000        ; -0.036     ; 1.126      ;
; -0.174 ; lcddin_mod:lcd_display|data_counter[4]             ; lcddin_mod:lcd_display|data[0]                     ; lcddin_mod:lcd_display|clk_16ms ; lcddin_mod:lcd_display|clk_16ms ; 1.000        ; -0.036     ; 1.125      ;
; -0.162 ; lcddin_mod:lcd_display|fsm_state.CONFIG_CMD1       ; lcddin_mod:lcd_display|data[1]                     ; lcddin_mod:lcd_display|clk_16ms ; lcddin_mod:lcd_display|clk_16ms ; 1.000        ; -0.037     ; 1.112      ;
; -0.160 ; lcddin_mod:lcd_display|text[13][2]                 ; lcddin_mod:lcd_display|data[2]                     ; clk                             ; lcddin_mod:lcd_display|clk_16ms ; 1.000        ; 0.029      ; 1.166      ;
; -0.154 ; lcddin_mod:lcd_display|text[10][0]                 ; lcddin_mod:lcd_display|data[0]                     ; clk                             ; lcddin_mod:lcd_display|clk_16ms ; 1.000        ; 0.021      ; 1.152      ;
; -0.147 ; lcddin_mod:lcd_display|data_counter[2]             ; lcddin_mod:lcd_display|data[3]                     ; lcddin_mod:lcd_display|clk_16ms ; lcddin_mod:lcd_display|clk_16ms ; 1.000        ; -0.037     ; 1.097      ;
; -0.137 ; lcddin_mod:lcd_display|text[9][2]                  ; lcddin_mod:lcd_display|data[2]                     ; clk                             ; lcddin_mod:lcd_display|clk_16ms ; 1.000        ; 0.029      ; 1.143      ;
; -0.134 ; lcddin_mod:lcd_display|data_counter[0]             ; lcddin_mod:lcd_display|data[5]                     ; lcddin_mod:lcd_display|clk_16ms ; lcddin_mod:lcd_display|clk_16ms ; 1.000        ; -0.038     ; 1.083      ;
; -0.133 ; lcddin_mod:lcd_display|data_counter[2]             ; lcddin_mod:lcd_display|fsm_state.WR_STATIC_TEXT_2L ; lcddin_mod:lcd_display|clk_16ms ; lcddin_mod:lcd_display|clk_16ms ; 1.000        ; -0.038     ; 1.082      ;
; -0.132 ; lcddin_mod:lcd_display|text[9][0]                  ; lcddin_mod:lcd_display|data[0]                     ; clk                             ; lcddin_mod:lcd_display|clk_16ms ; 1.000        ; 0.021      ; 1.130      ;
; -0.123 ; lcddin_mod:lcd_display|data_counter[3]             ; lcddin_mod:lcd_display|data[2]                     ; lcddin_mod:lcd_display|clk_16ms ; lcddin_mod:lcd_display|clk_16ms ; 1.000        ; -0.037     ; 1.073      ;
; -0.119 ; lcddin_mod:lcd_display|text[6][2]                  ; lcddin_mod:lcd_display|data[2]                     ; clk                             ; lcddin_mod:lcd_display|clk_16ms ; 1.000        ; 0.020      ; 1.116      ;
; -0.106 ; lcddin_mod:lcd_display|text[9][3]                  ; lcddin_mod:lcd_display|data[3]                     ; clk                             ; lcddin_mod:lcd_display|clk_16ms ; 1.000        ; 0.020      ; 1.103      ;
; -0.104 ; lcddin_mod:lcd_display|fsm_state.CONFIG_CMD2       ; lcddin_mod:lcd_display|data[1]                     ; lcddin_mod:lcd_display|clk_16ms ; lcddin_mod:lcd_display|clk_16ms ; 1.000        ; -0.035     ; 1.056      ;
; -0.101 ; lcddin_mod:lcd_display|data_counter[2]             ; lcddin_mod:lcd_display|fsm_state.CONFIG_CMD2       ; lcddin_mod:lcd_display|clk_16ms ; lcddin_mod:lcd_display|clk_16ms ; 1.000        ; -0.038     ; 1.050      ;
; -0.101 ; lcddin_mod:lcd_display|data_counter[1]             ; lcddin_mod:lcd_display|fsm_state.WR_STATIC_TEXT_1L ; lcddin_mod:lcd_display|clk_16ms ; lcddin_mod:lcd_display|clk_16ms ; 1.000        ; -0.038     ; 1.050      ;
; -0.097 ; lcddin_mod:lcd_display|text[7][2]                  ; lcddin_mod:lcd_display|data[2]                     ; clk                             ; lcddin_mod:lcd_display|clk_16ms ; 1.000        ; 0.020      ; 1.094      ;
; -0.095 ; lcddin_mod:lcd_display|text[13][0]                 ; lcddin_mod:lcd_display|data[0]                     ; clk                             ; lcddin_mod:lcd_display|clk_16ms ; 1.000        ; 0.021      ; 1.093      ;
; -0.090 ; lcddin_mod:lcd_display|text[12][2]                 ; lcddin_mod:lcd_display|data[2]                     ; clk                             ; lcddin_mod:lcd_display|clk_16ms ; 1.000        ; 0.029      ; 1.096      ;
; -0.090 ; lcddin_mod:lcd_display|fsm_state.CONFIG_CMD1       ; lcddin_mod:lcd_display|data[0]                     ; lcddin_mod:lcd_display|clk_16ms ; lcddin_mod:lcd_display|clk_16ms ; 1.000        ; -0.037     ; 1.040      ;
; -0.089 ; lcddin_mod:lcd_display|text[6][1]                  ; lcddin_mod:lcd_display|data[1]                     ; clk                             ; lcddin_mod:lcd_display|clk_16ms ; 1.000        ; 0.021      ; 1.087      ;
; -0.078 ; lcddin_mod:lcd_display|command_counter[0]          ; lcddin_mod:lcd_display|fsm_state.WR_STATIC_TEXT_1L ; lcddin_mod:lcd_display|clk_16ms ; lcddin_mod:lcd_display|clk_16ms ; 1.000        ; -0.039     ; 1.026      ;
; -0.076 ; lcddin_mod:lcd_display|command_counter[0]          ; lcddin_mod:lcd_display|data[4]                     ; lcddin_mod:lcd_display|clk_16ms ; lcddin_mod:lcd_display|clk_16ms ; 1.000        ; -0.039     ; 1.024      ;
; -0.059 ; lcddin_mod:lcd_display|data_counter[3]             ; lcddin_mod:lcd_display|fsm_state.WR_STATIC_TEXT_1L ; lcddin_mod:lcd_display|clk_16ms ; lcddin_mod:lcd_display|clk_16ms ; 1.000        ; -0.038     ; 1.008      ;
; -0.058 ; lcddin_mod:lcd_display|command_counter[1]          ; lcddin_mod:lcd_display|data[4]                     ; lcddin_mod:lcd_display|clk_16ms ; lcddin_mod:lcd_display|clk_16ms ; 1.000        ; -0.039     ; 1.006      ;
; -0.057 ; lcddin_mod:lcd_display|command_counter[1]          ; lcddin_mod:lcd_display|fsm_state.WR_STATIC_TEXT_1L ; lcddin_mod:lcd_display|clk_16ms ; lcddin_mod:lcd_display|clk_16ms ; 1.000        ; -0.039     ; 1.005      ;
; -0.052 ; lcddin_mod:lcd_display|data_counter[0]             ; lcddin_mod:lcd_display|fsm_state.WR_STATIC_TEXT_2L ; lcddin_mod:lcd_display|clk_16ms ; lcddin_mod:lcd_display|clk_16ms ; 1.000        ; -0.038     ; 1.001      ;
; -0.047 ; lcddin_mod:lcd_display|data_counter[4]             ; lcddin_mod:lcd_display|data[6]                     ; lcddin_mod:lcd_display|clk_16ms ; lcddin_mod:lcd_display|clk_16ms ; 1.000        ; -0.038     ; 0.996      ;
; -0.047 ; lcddin_mod:lcd_display|fsm_state.WR_STATIC_TEXT_1L ; lcddin_mod:lcd_display|data[2]                     ; lcddin_mod:lcd_display|clk_16ms ; lcddin_mod:lcd_display|clk_16ms ; 1.000        ; -0.036     ; 0.998      ;
; -0.044 ; lcddin_mod:lcd_display|fsm_state.WR_STATIC_TEXT_1L ; lcddin_mod:lcd_display|data[3]                     ; lcddin_mod:lcd_display|clk_16ms ; lcddin_mod:lcd_display|clk_16ms ; 1.000        ; -0.036     ; 0.995      ;
; -0.042 ; lcddin_mod:lcd_display|text[9][1]                  ; lcddin_mod:lcd_display|data[1]                     ; clk                             ; lcddin_mod:lcd_display|clk_16ms ; 1.000        ; 0.021      ; 1.040      ;
; -0.038 ; lcddin_mod:lcd_display|data_counter[1]             ; lcddin_mod:lcd_display|data[5]                     ; lcddin_mod:lcd_display|clk_16ms ; lcddin_mod:lcd_display|clk_16ms ; 1.000        ; -0.038     ; 0.987      ;
; -0.032 ; lcddin_mod:lcd_display|fsm_state.CONFIG_CMD2       ; lcddin_mod:lcd_display|data[0]                     ; lcddin_mod:lcd_display|clk_16ms ; lcddin_mod:lcd_display|clk_16ms ; 1.000        ; -0.035     ; 0.984      ;
; -0.023 ; lcddin_mod:lcd_display|data_counter[0]             ; lcddin_mod:lcd_display|fsm_state.CONFIG_CMD2       ; lcddin_mod:lcd_display|clk_16ms ; lcddin_mod:lcd_display|clk_16ms ; 1.000        ; -0.038     ; 0.972      ;
; -0.020 ; lcddin_mod:lcd_display|fsm_state.CONFIG_CMD1       ; lcddin_mod:lcd_display|fsm_state.WR_STATIC_TEXT_1L ; lcddin_mod:lcd_display|clk_16ms ; lcddin_mod:lcd_display|clk_16ms ; 1.000        ; -0.039     ; 0.968      ;
; -0.018 ; lcddin_mod:lcd_display|command_counter[0]          ; lcddin_mod:lcd_display|data[2]                     ; lcddin_mod:lcd_display|clk_16ms ; lcddin_mod:lcd_display|clk_16ms ; 1.000        ; -0.038     ; 0.967      ;
; -0.018 ; lcddin_mod:lcd_display|command_counter[1]          ; lcddin_mod:lcd_display|data[0]                     ; lcddin_mod:lcd_display|clk_16ms ; lcddin_mod:lcd_display|clk_16ms ; 1.000        ; -0.037     ; 0.968      ;
; -0.016 ; lcddin_mod:lcd_display|command_counter[0]          ; lcddin_mod:lcd_display|data[1]                     ; lcddin_mod:lcd_display|clk_16ms ; lcddin_mod:lcd_display|clk_16ms ; 1.000        ; -0.037     ; 0.966      ;
; -0.014 ; lcddin_mod:lcd_display|data_counter[2]             ; lcddin_mod:lcd_display|data[4]                     ; lcddin_mod:lcd_display|clk_16ms ; lcddin_mod:lcd_display|clk_16ms ; 1.000        ; -0.038     ; 0.963      ;
; -0.011 ; lcddin_mod:lcd_display|fsm_state.CONFIG_CMD1       ; lcddin_mod:lcd_display|data[4]                     ; lcddin_mod:lcd_display|clk_16ms ; lcddin_mod:lcd_display|clk_16ms ; 1.000        ; -0.039     ; 0.959      ;
; -0.008 ; lcddin_mod:lcd_display|text[6][0]                  ; lcddin_mod:lcd_display|data[0]                     ; clk                             ; lcddin_mod:lcd_display|clk_16ms ; 1.000        ; 0.021      ; 1.006      ;
; -0.007 ; lcddin_mod:lcd_display|fsm_state.CONFIG_CMD2       ; lcddin_mod:lcd_display|data_counter[4]             ; lcddin_mod:lcd_display|clk_16ms ; lcddin_mod:lcd_display|clk_16ms ; 1.000        ; -0.036     ; 0.958      ;
; -0.007 ; lcddin_mod:lcd_display|fsm_state.CONFIG_CMD2       ; lcddin_mod:lcd_display|data_counter[3]             ; lcddin_mod:lcd_display|clk_16ms ; lcddin_mod:lcd_display|clk_16ms ; 1.000        ; -0.036     ; 0.958      ;
; -0.007 ; lcddin_mod:lcd_display|fsm_state.CONFIG_CMD2       ; lcddin_mod:lcd_display|data_counter[2]             ; lcddin_mod:lcd_display|clk_16ms ; lcddin_mod:lcd_display|clk_16ms ; 1.000        ; -0.036     ; 0.958      ;
; -0.007 ; lcddin_mod:lcd_display|fsm_state.CONFIG_CMD2       ; lcddin_mod:lcd_display|data_counter[1]             ; lcddin_mod:lcd_display|clk_16ms ; lcddin_mod:lcd_display|clk_16ms ; 1.000        ; -0.036     ; 0.958      ;
; -0.007 ; lcddin_mod:lcd_display|fsm_state.CONFIG_CMD2       ; lcddin_mod:lcd_display|data_counter[0]             ; lcddin_mod:lcd_display|clk_16ms ; lcddin_mod:lcd_display|clk_16ms ; 1.000        ; -0.036     ; 0.958      ;
; 0.002  ; lcddin_mod:lcd_display|command_counter[1]          ; lcddin_mod:lcd_display|data[2]                     ; lcddin_mod:lcd_display|clk_16ms ; lcddin_mod:lcd_display|clk_16ms ; 1.000        ; -0.038     ; 0.947      ;
; 0.004  ; lcddin_mod:lcd_display|data_counter[3]             ; lcddin_mod:lcd_display|data[5]                     ; lcddin_mod:lcd_display|clk_16ms ; lcddin_mod:lcd_display|clk_16ms ; 1.000        ; -0.038     ; 0.945      ;
; 0.012  ; lcddin_mod:lcd_display|fsm_state.WR_STATIC_TEXT_1L ; lcddin_mod:lcd_display|data[1]                     ; lcddin_mod:lcd_display|clk_16ms ; lcddin_mod:lcd_display|clk_16ms ; 1.000        ; -0.035     ; 0.940      ;
; 0.013  ; lcddin_mod:lcd_display|fsm_state.WR_STATIC_TEXT_1L ; lcddin_mod:lcd_display|data[0]                     ; lcddin_mod:lcd_display|clk_16ms ; lcddin_mod:lcd_display|clk_16ms ; 1.000        ; -0.035     ; 0.939      ;
; 0.016  ; lcddin_mod:lcd_display|text[6][3]                  ; lcddin_mod:lcd_display|data[3]                     ; clk                             ; lcddin_mod:lcd_display|clk_16ms ; 1.000        ; 0.020      ; 0.981      ;
; 0.020  ; lcddin_mod:lcd_display|data_counter[1]             ; lcddin_mod:lcd_display|data_counter[4]             ; lcddin_mod:lcd_display|clk_16ms ; lcddin_mod:lcd_display|clk_16ms ; 1.000        ; -0.037     ; 0.930      ;
; 0.026  ; lcddin_mod:lcd_display|command_counter[1]          ; lcddin_mod:lcd_display|data[1]                     ; lcddin_mod:lcd_display|clk_16ms ; lcddin_mod:lcd_display|clk_16ms ; 1.000        ; -0.037     ; 0.924      ;
; 0.028  ; lcddin_mod:lcd_display|fsm_state.WR_STATIC_TEXT_2L ; lcddin_mod:lcd_display|data[2]                     ; lcddin_mod:lcd_display|clk_16ms ; lcddin_mod:lcd_display|clk_16ms ; 1.000        ; -0.036     ; 0.923      ;
; 0.031  ; lcddin_mod:lcd_display|fsm_state.WR_STATIC_TEXT_2L ; lcddin_mod:lcd_display|data[3]                     ; lcddin_mod:lcd_display|clk_16ms ; lcddin_mod:lcd_display|clk_16ms ; 1.000        ; -0.036     ; 0.920      ;
; 0.036  ; lcddin_mod:lcd_display|data_counter[3]             ; lcddin_mod:lcd_display|data[0]                     ; lcddin_mod:lcd_display|clk_16ms ; lcddin_mod:lcd_display|clk_16ms ; 1.000        ; -0.036     ; 0.915      ;
; 0.037  ; lcddin_mod:lcd_display|data_counter[3]             ; lcddin_mod:lcd_display|data[1]                     ; lcddin_mod:lcd_display|clk_16ms ; lcddin_mod:lcd_display|clk_16ms ; 1.000        ; -0.036     ; 0.914      ;
; 0.041  ; lcddin_mod:lcd_display|text[7][3]                  ; lcddin_mod:lcd_display|data[3]                     ; clk                             ; lcddin_mod:lcd_display|clk_16ms ; 1.000        ; 0.020      ; 0.956      ;
; 0.044  ; lcddin_mod:lcd_display|text[10][3]                 ; lcddin_mod:lcd_display|data[3]                     ; clk                             ; lcddin_mod:lcd_display|clk_16ms ; 1.000        ; 0.020      ; 0.953      ;
; 0.044  ; lcddin_mod:lcd_display|data_counter[1]             ; lcddin_mod:lcd_display|fsm_state.WR_STATIC_TEXT_2L ; lcddin_mod:lcd_display|clk_16ms ; lcddin_mod:lcd_display|clk_16ms ; 1.000        ; -0.038     ; 0.905      ;
; 0.048  ; lcddin_mod:lcd_display|data_counter[4]             ; lcddin_mod:lcd_display|data[5]                     ; lcddin_mod:lcd_display|clk_16ms ; lcddin_mod:lcd_display|clk_16ms ; 1.000        ; -0.038     ; 0.901      ;
; 0.051  ; lcddin_mod:lcd_display|text[10][2]                 ; lcddin_mod:lcd_display|data[2]                     ; clk                             ; lcddin_mod:lcd_display|clk_16ms ; 1.000        ; 0.029      ; 0.955      ;
; 0.053  ; lcddin_mod:lcd_display|data_counter[4]             ; lcddin_mod:lcd_display|data[4]                     ; lcddin_mod:lcd_display|clk_16ms ; lcddin_mod:lcd_display|clk_16ms ; 1.000        ; -0.038     ; 0.896      ;
; 0.059  ; lcddin_mod:lcd_display|data_counter[1]             ; lcddin_mod:lcd_display|fsm_state.CONFIG_CMD2       ; lcddin_mod:lcd_display|clk_16ms ; lcddin_mod:lcd_display|clk_16ms ; 1.000        ; -0.038     ; 0.890      ;
; 0.075  ; lcddin_mod:lcd_display|data_counter[0]             ; lcddin_mod:lcd_display|data_counter[4]             ; lcddin_mod:lcd_display|clk_16ms ; lcddin_mod:lcd_display|clk_16ms ; 1.000        ; -0.037     ; 0.875      ;
; 0.084  ; lcddin_mod:lcd_display|data_counter[1]             ; lcddin_mod:lcd_display|data_counter[3]             ; lcddin_mod:lcd_display|clk_16ms ; lcddin_mod:lcd_display|clk_16ms ; 1.000        ; -0.037     ; 0.866      ;
; 0.086  ; lcddin_mod:lcd_display|fsm_state.WR_STATIC_TEXT_2L ; lcddin_mod:lcd_display|data[1]                     ; lcddin_mod:lcd_display|clk_16ms ; lcddin_mod:lcd_display|clk_16ms ; 1.000        ; -0.035     ; 0.866      ;
; 0.086  ; lcddin_mod:lcd_display|data_counter[3]             ; lcddin_mod:lcd_display|fsm_state.WR_STATIC_TEXT_2L ; lcddin_mod:lcd_display|clk_16ms ; lcddin_mod:lcd_display|clk_16ms ; 1.000        ; -0.038     ; 0.863      ;
; 0.086  ; lcddin_mod:lcd_display|data_counter[3]             ; lcddin_mod:lcd_display|data_counter[4]             ; lcddin_mod:lcd_display|clk_16ms ; lcddin_mod:lcd_display|clk_16ms ; 1.000        ; -0.037     ; 0.864      ;
; 0.087  ; lcddin_mod:lcd_display|fsm_state.WR_STATIC_TEXT_2L ; lcddin_mod:lcd_display|data[0]                     ; lcddin_mod:lcd_display|clk_16ms ; lcddin_mod:lcd_display|clk_16ms ; 1.000        ; -0.035     ; 0.865      ;
; 0.088  ; lcddin_mod:lcd_display|data_counter[1]             ; lcddin_mod:lcd_display|data_counter[2]             ; lcddin_mod:lcd_display|clk_16ms ; lcddin_mod:lcd_display|clk_16ms ; 1.000        ; -0.037     ; 0.862      ;
; 0.088  ; lcddin_mod:lcd_display|command_counter[1]          ; lcddin_mod:lcd_display|command_counter[2]          ; lcddin_mod:lcd_display|clk_16ms ; lcddin_mod:lcd_display|clk_16ms ; 1.000        ; -0.037     ; 0.862      ;
; 0.091  ; lcddin_mod:lcd_display|fsm_state.CONFIG_CMD1       ; lcddin_mod:lcd_display|data[2]                     ; lcddin_mod:lcd_display|clk_16ms ; lcddin_mod:lcd_display|clk_16ms ; 1.000        ; -0.038     ; 0.858      ;
; 0.096  ; lcddin_mod:lcd_display|command_counter[0]          ; lcddin_mod:lcd_display|data[0]                     ; lcddin_mod:lcd_display|clk_16ms ; lcddin_mod:lcd_display|clk_16ms ; 1.000        ; -0.037     ; 0.854      ;
; 0.104  ; lcddin_mod:lcd_display|fsm_state.CONFIG_CMD1       ; lcddin_mod:lcd_display|fsm_state.CONFIG_CMD1       ; lcddin_mod:lcd_display|clk_16ms ; lcddin_mod:lcd_display|clk_16ms ; 1.000        ; -0.037     ; 0.846      ;
; 0.107  ; lcddin_mod:lcd_display|data_counter[0]             ; lcddin_mod:lcd_display|data_counter[3]             ; lcddin_mod:lcd_display|clk_16ms ; lcddin_mod:lcd_display|clk_16ms ; 1.000        ; -0.037     ; 0.843      ;
; 0.111  ; lcddin_mod:lcd_display|data_counter[3]             ; lcddin_mod:lcd_display|fsm_state.CONFIG_CMD2       ; lcddin_mod:lcd_display|clk_16ms ; lcddin_mod:lcd_display|clk_16ms ; 1.000        ; -0.038     ; 0.838      ;
; 0.119  ; lcddin_mod:lcd_display|fsm_state.WR_STATIC_TEXT_1L ; lcddin_mod:lcd_display|data[5]                     ; lcddin_mod:lcd_display|clk_16ms ; lcddin_mod:lcd_display|clk_16ms ; 1.000        ; -0.037     ; 0.831      ;
+--------+----------------------------------------------------+----------------------------------------------------+---------------------------------+---------------------------------+--------------+------------+------------+


+-------------------------------------------------------------------------------------------------------------------------------------------+
; Fast 1200mV 0C Model Setup: 'master:master|scl'                                                                                           ;
+--------+------------------------+------------------------+-------------------+-------------------+--------------+------------+------------+
; Slack  ; From Node              ; To Node                ; Launch Clock      ; Latch Clock       ; Relationship ; Clock Skew ; Data Delay ;
+--------+------------------------+------------------------+-------------------+-------------------+--------------+------------+------------+
; -0.571 ; listen:listen|count[0] ; listen:listen|data[9]  ; master:master|scl ; master:master|scl ; 1.000        ; -0.035     ; 1.523      ;
; -0.570 ; listen:listen|count[3] ; listen:listen|data[8]  ; master:master|scl ; master:master|scl ; 1.000        ; -0.035     ; 1.522      ;
; -0.568 ; master:master|sda_en   ; listen:listen|data[8]  ; clk               ; master:master|scl ; 1.000        ; 0.167      ; 1.712      ;
; -0.549 ; listen:listen|count[3] ; listen:listen|data[9]  ; master:master|scl ; master:master|scl ; 1.000        ; -0.035     ; 1.501      ;
; -0.547 ; master:master|sda_en   ; listen:listen|data[9]  ; clk               ; master:master|scl ; 1.000        ; 0.167      ; 1.691      ;
; -0.543 ; master:master|sda_en   ; listen:listen|data[7]  ; clk               ; master:master|scl ; 1.000        ; 0.167      ; 1.687      ;
; -0.533 ; listen:listen|count[6] ; listen:listen|data[8]  ; master:master|scl ; master:master|scl ; 1.000        ; -0.035     ; 1.485      ;
; -0.531 ; master:master|sda_en   ; listen:listen|data[3]  ; clk               ; master:master|scl ; 1.000        ; 0.167      ; 1.675      ;
; -0.522 ; listen:listen|count[6] ; listen:listen|data[9]  ; master:master|scl ; master:master|scl ; 1.000        ; -0.035     ; 1.474      ;
; -0.514 ; listen:listen|count[1] ; listen:listen|data[3]  ; master:master|scl ; master:master|scl ; 1.000        ; -0.035     ; 1.466      ;
; -0.504 ; listen:listen|count[0] ; listen:listen|data[3]  ; master:master|scl ; master:master|scl ; 1.000        ; -0.035     ; 1.456      ;
; -0.498 ; listen:listen|count[3] ; listen:listen|data[15] ; master:master|scl ; master:master|scl ; 1.000        ; -0.036     ; 1.449      ;
; -0.497 ; listen:listen|count[3] ; listen:listen|data[7]  ; master:master|scl ; master:master|scl ; 1.000        ; -0.035     ; 1.449      ;
; -0.497 ; listen:listen|count[6] ; listen:listen|data[7]  ; master:master|scl ; master:master|scl ; 1.000        ; -0.035     ; 1.449      ;
; -0.496 ; master:master|sda_en   ; listen:listen|data[15] ; clk               ; master:master|scl ; 1.000        ; 0.166      ; 1.639      ;
; -0.495 ; listen:listen|count[3] ; listen:listen|data[10] ; master:master|scl ; master:master|scl ; 1.000        ; -0.036     ; 1.446      ;
; -0.493 ; master:master|sda_en   ; listen:listen|data[10] ; clk               ; master:master|scl ; 1.000        ; 0.166      ; 1.636      ;
; -0.493 ; listen:listen|count[3] ; listen:listen|data[14] ; master:master|scl ; master:master|scl ; 1.000        ; -0.036     ; 1.444      ;
; -0.491 ; master:master|sda_en   ; listen:listen|data[14] ; clk               ; master:master|scl ; 1.000        ; 0.166      ; 1.634      ;
; -0.485 ; listen:listen|count[3] ; listen:listen|data[3]  ; master:master|scl ; master:master|scl ; 1.000        ; -0.035     ; 1.437      ;
; -0.485 ; listen:listen|count[6] ; listen:listen|data[3]  ; master:master|scl ; master:master|scl ; 1.000        ; -0.035     ; 1.437      ;
; -0.474 ; listen:listen|count[1] ; listen:listen|data[9]  ; master:master|scl ; master:master|scl ; 1.000        ; -0.035     ; 1.426      ;
; -0.466 ; listen:listen|count[5] ; listen:listen|data[8]  ; master:master|scl ; master:master|scl ; 1.000        ; -0.035     ; 1.418      ;
; -0.460 ; listen:listen|count[6] ; listen:listen|data[15] ; master:master|scl ; master:master|scl ; 1.000        ; -0.036     ; 1.411      ;
; -0.457 ; listen:listen|count[6] ; listen:listen|data[10] ; master:master|scl ; master:master|scl ; 1.000        ; -0.036     ; 1.408      ;
; -0.455 ; listen:listen|count[6] ; listen:listen|data[14] ; master:master|scl ; master:master|scl ; 1.000        ; -0.036     ; 1.406      ;
; -0.445 ; listen:listen|count[5] ; listen:listen|data[9]  ; master:master|scl ; master:master|scl ; 1.000        ; -0.035     ; 1.397      ;
; -0.441 ; listen:listen|count[5] ; listen:listen|data[7]  ; master:master|scl ; master:master|scl ; 1.000        ; -0.035     ; 1.393      ;
; -0.430 ; listen:listen|count[3] ; listen:listen|data[11] ; master:master|scl ; master:master|scl ; 1.000        ; -0.036     ; 1.381      ;
; -0.429 ; listen:listen|count[5] ; listen:listen|data[3]  ; master:master|scl ; master:master|scl ; 1.000        ; -0.035     ; 1.381      ;
; -0.428 ; master:master|sda_en   ; listen:listen|data[11] ; clk               ; master:master|scl ; 1.000        ; 0.166      ; 1.571      ;
; -0.404 ; listen:listen|count[3] ; listen:listen|data[12] ; master:master|scl ; master:master|scl ; 1.000        ; -0.036     ; 1.355      ;
; -0.402 ; master:master|sda_en   ; listen:listen|data[12] ; clk               ; master:master|scl ; 1.000        ; 0.166      ; 1.545      ;
; -0.402 ; master:master|sda_en   ; listen:listen|data[23] ; clk               ; master:master|scl ; 1.000        ; 0.166      ; 1.545      ;
; -0.401 ; listen:listen|count[3] ; listen:listen|data[24] ; master:master|scl ; master:master|scl ; 1.000        ; -0.036     ; 1.352      ;
; -0.401 ; listen:listen|count[3] ; listen:listen|data[26] ; master:master|scl ; master:master|scl ; 1.000        ; -0.036     ; 1.352      ;
; -0.399 ; master:master|sda_en   ; listen:listen|data[26] ; clk               ; master:master|scl ; 1.000        ; 0.166      ; 1.542      ;
; -0.399 ; master:master|sda_en   ; listen:listen|data[24] ; clk               ; master:master|scl ; 1.000        ; 0.166      ; 1.542      ;
; -0.398 ; master:master|sda_en   ; listen:listen|data[18] ; clk               ; master:master|scl ; 1.000        ; 0.166      ; 1.541      ;
; -0.394 ; listen:listen|count[5] ; listen:listen|data[15] ; master:master|scl ; master:master|scl ; 1.000        ; -0.036     ; 1.345      ;
; -0.392 ; listen:listen|count[1] ; listen:listen|data[8]  ; master:master|scl ; master:master|scl ; 1.000        ; -0.035     ; 1.344      ;
; -0.392 ; listen:listen|count[6] ; listen:listen|data[11] ; master:master|scl ; master:master|scl ; 1.000        ; -0.036     ; 1.343      ;
; -0.391 ; listen:listen|count[5] ; listen:listen|data[10] ; master:master|scl ; master:master|scl ; 1.000        ; -0.036     ; 1.342      ;
; -0.389 ; listen:listen|count[5] ; listen:listen|data[14] ; master:master|scl ; master:master|scl ; 1.000        ; -0.036     ; 1.340      ;
; -0.385 ; listen:listen|count[1] ; listen:listen|data[19] ; master:master|scl ; master:master|scl ; 1.000        ; -0.036     ; 1.336      ;
; -0.385 ; listen:listen|count[1] ; listen:listen|data[7]  ; master:master|scl ; master:master|scl ; 1.000        ; -0.035     ; 1.337      ;
; -0.377 ; listen:listen|count[2] ; listen:listen|data[3]  ; master:master|scl ; master:master|scl ; 1.000        ; -0.035     ; 1.329      ;
; -0.377 ; listen:listen|count[6] ; listen:listen|data[12] ; master:master|scl ; master:master|scl ; 1.000        ; -0.036     ; 1.328      ;
; -0.375 ; master:master|sda_en   ; listen:listen|data[20] ; clk               ; master:master|scl ; 1.000        ; 0.166      ; 1.518      ;
; -0.375 ; listen:listen|count[0] ; listen:listen|data[19] ; master:master|scl ; master:master|scl ; 1.000        ; -0.036     ; 1.326      ;
; -0.372 ; listen:listen|count[4] ; listen:listen|data[9]  ; master:master|scl ; master:master|scl ; 1.000        ; -0.035     ; 1.324      ;
; -0.366 ; listen:listen|count[6] ; listen:listen|data[24] ; master:master|scl ; master:master|scl ; 1.000        ; -0.036     ; 1.317      ;
; -0.363 ; listen:listen|count[6] ; listen:listen|data[26] ; master:master|scl ; master:master|scl ; 1.000        ; -0.036     ; 1.314      ;
; -0.362 ; listen:listen|count[3] ; listen:listen|data[25] ; master:master|scl ; master:master|scl ; 1.000        ; -0.037     ; 1.312      ;
; -0.362 ; listen:listen|count[2] ; listen:listen|data[8]  ; master:master|scl ; master:master|scl ; 1.000        ; -0.035     ; 1.314      ;
; -0.361 ; listen:listen|count[3] ; listen:listen|data[23] ; master:master|scl ; master:master|scl ; 1.000        ; -0.036     ; 1.312      ;
; -0.360 ; master:master|sda_en   ; listen:listen|data[25] ; clk               ; master:master|scl ; 1.000        ; 0.165      ; 1.502      ;
; -0.357 ; listen:listen|count[3] ; listen:listen|data[18] ; master:master|scl ; master:master|scl ; 1.000        ; -0.036     ; 1.308      ;
; -0.357 ; listen:listen|count[2] ; listen:listen|data[9]  ; master:master|scl ; master:master|scl ; 1.000        ; -0.035     ; 1.309      ;
; -0.356 ; master:master|sda_en   ; listen:listen|data[17] ; clk               ; master:master|scl ; 1.000        ; 0.165      ; 1.498      ;
; -0.356 ; listen:listen|count[6] ; listen:listen|data[23] ; master:master|scl ; master:master|scl ; 1.000        ; -0.036     ; 1.307      ;
; -0.352 ; listen:listen|count[6] ; listen:listen|data[18] ; master:master|scl ; master:master|scl ; 1.000        ; -0.036     ; 1.303      ;
; -0.344 ; listen:listen|count[0] ; listen:listen|data[21] ; master:master|scl ; master:master|scl ; 1.000        ; -0.036     ; 1.295      ;
; -0.343 ; listen:listen|count[4] ; listen:listen|data[7]  ; master:master|scl ; master:master|scl ; 1.000        ; -0.035     ; 1.295      ;
; -0.341 ; listen:listen|count[3] ; listen:listen|data[20] ; master:master|scl ; master:master|scl ; 1.000        ; -0.036     ; 1.292      ;
; -0.337 ; listen:listen|data[7]  ; listen:listen|data[7]  ; master:master|scl ; master:master|scl ; 1.000        ; -0.036     ; 1.288      ;
; -0.333 ; listen:listen|count[6] ; listen:listen|data[20] ; master:master|scl ; master:master|scl ; 1.000        ; -0.036     ; 1.284      ;
; -0.330 ; listen:listen|count[2] ; listen:listen|data[18] ; master:master|scl ; master:master|scl ; 1.000        ; -0.036     ; 1.281      ;
; -0.329 ; master:master|sda_en   ; listen:listen|data[22] ; clk               ; master:master|scl ; 1.000        ; 0.166      ; 1.472      ;
; -0.326 ; listen:listen|count[5] ; listen:listen|data[11] ; master:master|scl ; master:master|scl ; 1.000        ; -0.036     ; 1.277      ;
; -0.324 ; listen:listen|count[6] ; listen:listen|data[25] ; master:master|scl ; master:master|scl ; 1.000        ; -0.037     ; 1.274      ;
; -0.321 ; listen:listen|count[3] ; listen:listen|data[13] ; master:master|scl ; master:master|scl ; 1.000        ; -0.037     ; 1.271      ;
; -0.319 ; master:master|sda_en   ; listen:listen|data[13] ; clk               ; master:master|scl ; 1.000        ; 0.165      ; 1.461      ;
; -0.319 ; listen:listen|count[2] ; listen:listen|data[23] ; master:master|scl ; master:master|scl ; 1.000        ; -0.036     ; 1.270      ;
; -0.313 ; master:master|sda_en   ; listen:listen|data[19] ; clk               ; master:master|scl ; 1.000        ; 0.166      ; 1.456      ;
; -0.310 ; master:master|sda_en   ; listen:listen|data[4]  ; clk               ; master:master|scl ; 1.000        ; 0.167      ; 1.454      ;
; -0.310 ; listen:listen|count[3] ; listen:listen|data[17] ; master:master|scl ; master:master|scl ; 1.000        ; -0.037     ; 1.260      ;
; -0.310 ; listen:listen|count[6] ; listen:listen|data[17] ; master:master|scl ; master:master|scl ; 1.000        ; -0.037     ; 1.260      ;
; -0.308 ; master:master|sda_en   ; listen:listen|data[5]  ; clk               ; master:master|scl ; 1.000        ; 0.347      ; 1.632      ;
; -0.308 ; master:master|sda_en   ; listen:listen|data[21] ; clk               ; master:master|scl ; 1.000        ; 0.166      ; 1.451      ;
; -0.307 ; listen:listen|count[2] ; listen:listen|data[7]  ; master:master|scl ; master:master|scl ; 1.000        ; -0.035     ; 1.259      ;
; -0.305 ; listen:listen|count[6] ; listen:listen|data[13] ; master:master|scl ; master:master|scl ; 1.000        ; -0.037     ; 1.255      ;
; -0.302 ; listen:listen|count[2] ; listen:listen|data[12] ; master:master|scl ; master:master|scl ; 1.000        ; -0.036     ; 1.253      ;
; -0.300 ; master:master|sda_en   ; listen:listen|data[16] ; clk               ; master:master|scl ; 1.000        ; 0.166      ; 1.443      ;
; -0.300 ; listen:listen|count[5] ; listen:listen|data[12] ; master:master|scl ; master:master|scl ; 1.000        ; -0.036     ; 1.251      ;
; -0.300 ; listen:listen|count[5] ; listen:listen|data[23] ; master:master|scl ; master:master|scl ; 1.000        ; -0.036     ; 1.251      ;
; -0.299 ; listen:listen|count[0] ; listen:listen|data[8]  ; master:master|scl ; master:master|scl ; 1.000        ; -0.035     ; 1.251      ;
; -0.298 ; listen:listen|count[2] ; listen:listen|data[20] ; master:master|scl ; master:master|scl ; 1.000        ; -0.036     ; 1.249      ;
; -0.297 ; listen:listen|count[5] ; listen:listen|data[24] ; master:master|scl ; master:master|scl ; 1.000        ; -0.036     ; 1.248      ;
; -0.297 ; listen:listen|count[5] ; listen:listen|data[26] ; master:master|scl ; master:master|scl ; 1.000        ; -0.036     ; 1.248      ;
; -0.296 ; listen:listen|count[5] ; listen:listen|data[18] ; master:master|scl ; master:master|scl ; 1.000        ; -0.036     ; 1.247      ;
; -0.296 ; listen:listen|count[0] ; listen:listen|data[23] ; master:master|scl ; master:master|scl ; 1.000        ; -0.036     ; 1.247      ;
; -0.289 ; listen:listen|count[4] ; listen:listen|data[8]  ; master:master|scl ; master:master|scl ; 1.000        ; -0.035     ; 1.241      ;
; -0.288 ; listen:listen|count[3] ; listen:listen|data[22] ; master:master|scl ; master:master|scl ; 1.000        ; -0.036     ; 1.239      ;
; -0.283 ; listen:listen|count[6] ; listen:listen|data[22] ; master:master|scl ; master:master|scl ; 1.000        ; -0.036     ; 1.234      ;
; -0.282 ; listen:listen|count[4] ; listen:listen|data[3]  ; master:master|scl ; master:master|scl ; 1.000        ; -0.035     ; 1.234      ;
; -0.280 ; listen:listen|data[12] ; listen:listen|data[12] ; master:master|scl ; master:master|scl ; 1.000        ; -0.037     ; 1.230      ;
; -0.279 ; listen:listen|count[3] ; listen:listen|data[4]  ; master:master|scl ; master:master|scl ; 1.000        ; -0.035     ; 1.231      ;
; -0.279 ; listen:listen|count[3] ; listen:listen|data[19] ; master:master|scl ; master:master|scl ; 1.000        ; -0.036     ; 1.230      ;
; -0.275 ; listen:listen|count[3] ; listen:listen|data[21] ; master:master|scl ; master:master|scl ; 1.000        ; -0.036     ; 1.226      ;
+--------+------------------------+------------------------+-------------------+-------------------+--------------+------------+------------+


+----------------------------------------------------------------------------------------------------------------------------------------------+
; Fast 1200mV 0C Model Setup: 'beg_com:beg_com|beg'                                                                                            ;
+-------+------------------------+--------------------------+-------------------+---------------------+--------------+------------+------------+
; Slack ; From Node              ; To Node                  ; Launch Clock      ; Latch Clock         ; Relationship ; Clock Skew ; Data Delay ;
+-------+------------------------+--------------------------+-------------------+---------------------+--------------+------------+------------+
; 0.091 ; listen:listen|data[14] ; listen:listen|Minutes[3] ; master:master|scl ; beg_com:beg_com|beg ; 0.500        ; 0.405      ; 0.801      ;
; 0.110 ; listen:listen|data[15] ; listen:listen|Minutes[4] ; master:master|scl ; beg_com:beg_com|beg ; 0.500        ; 0.405      ; 0.782      ;
; 0.201 ; listen:listen|data[10] ; listen:listen|Seconds[7] ; master:master|scl ; beg_com:beg_com|beg ; 0.500        ; 0.408      ; 0.694      ;
; 0.212 ; listen:listen|data[23] ; listen:listen|Hours[3]   ; master:master|scl ; beg_com:beg_com|beg ; 0.500        ; 0.407      ; 0.682      ;
; 0.226 ; listen:listen|data[11] ; listen:listen|Minutes[0] ; master:master|scl ; beg_com:beg_com|beg ; 0.500        ; 0.405      ; 0.666      ;
; 0.227 ; listen:listen|data[16] ; listen:listen|Minutes[5] ; master:master|scl ; beg_com:beg_com|beg ; 0.500        ; 0.405      ; 0.665      ;
; 0.237 ; listen:listen|data[12] ; listen:listen|Minutes[1] ; master:master|scl ; beg_com:beg_com|beg ; 0.500        ; 0.405      ; 0.655      ;
; 0.320 ; listen:listen|data[20] ; listen:listen|Hours[6]   ; master:master|scl ; beg_com:beg_com|beg ; 0.500        ; 0.407      ; 0.574      ;
; 0.321 ; listen:listen|data[6]  ; listen:listen|Seconds[3] ; master:master|scl ; beg_com:beg_com|beg ; 0.500        ; 0.220      ; 0.386      ;
; 0.326 ; listen:listen|data[5]  ; listen:listen|Seconds[2] ; master:master|scl ; beg_com:beg_com|beg ; 0.500        ; 0.220      ; 0.381      ;
; 0.372 ; listen:listen|data[9]  ; listen:listen|Seconds[6] ; master:master|scl ; beg_com:beg_com|beg ; 0.500        ; 0.408      ; 0.523      ;
; 0.373 ; listen:listen|data[3]  ; listen:listen|Seconds[0] ; master:master|scl ; beg_com:beg_com|beg ; 0.500        ; 0.408      ; 0.522      ;
; 0.435 ; listen:listen|data[13] ; listen:listen|Minutes[2] ; master:master|scl ; beg_com:beg_com|beg ; 0.500        ; 0.407      ; 0.459      ;
; 0.441 ; listen:listen|data[19] ; listen:listen|Hours[7]   ; master:master|scl ; beg_com:beg_com|beg ; 0.500        ; 0.407      ; 0.453      ;
; 0.444 ; listen:listen|data[24] ; listen:listen|Hours[2]   ; master:master|scl ; beg_com:beg_com|beg ; 0.500        ; 0.407      ; 0.450      ;
; 0.444 ; listen:listen|data[7]  ; listen:listen|Seconds[4] ; master:master|scl ; beg_com:beg_com|beg ; 0.500        ; 0.408      ; 0.451      ;
; 0.450 ; listen:listen|data[8]  ; listen:listen|Seconds[5] ; master:master|scl ; beg_com:beg_com|beg ; 0.500        ; 0.408      ; 0.445      ;
; 0.454 ; listen:listen|data[4]  ; listen:listen|Seconds[1] ; master:master|scl ; beg_com:beg_com|beg ; 0.500        ; 0.408      ; 0.441      ;
; 0.508 ; listen:listen|data[18] ; listen:listen|Minutes[7] ; master:master|scl ; beg_com:beg_com|beg ; 0.500        ; 0.407      ; 0.386      ;
; 0.509 ; listen:listen|data[22] ; listen:listen|Hours[4]   ; master:master|scl ; beg_com:beg_com|beg ; 0.500        ; 0.407      ; 0.385      ;
; 0.510 ; listen:listen|data[21] ; listen:listen|Hours[5]   ; master:master|scl ; beg_com:beg_com|beg ; 0.500        ; 0.407      ; 0.384      ;
; 0.511 ; listen:listen|data[17] ; listen:listen|Minutes[6] ; master:master|scl ; beg_com:beg_com|beg ; 0.500        ; 0.408      ; 0.384      ;
; 0.514 ; listen:listen|data[25] ; listen:listen|Hours[1]   ; master:master|scl ; beg_com:beg_com|beg ; 0.500        ; 0.408      ; 0.381      ;
; 0.514 ; listen:listen|data[26] ; listen:listen|Hours[0]   ; master:master|scl ; beg_com:beg_com|beg ; 0.500        ; 0.408      ; 0.381      ;
+-------+------------------------+--------------------------+-------------------+---------------------+--------------+------------+------------+


+----------------------------------------------------------------------------------------------------------------------------------------------+
; Fast 1200mV 0C Model Hold: 'beg_com:beg_com|beg'                                                                                             ;
+-------+------------------------+--------------------------+-------------------+---------------------+--------------+------------+------------+
; Slack ; From Node              ; To Node                  ; Launch Clock      ; Latch Clock         ; Relationship ; Clock Skew ; Data Delay ;
+-------+------------------------+--------------------------+-------------------+---------------------+--------------+------------+------------+
; 0.152 ; listen:listen|data[25] ; listen:listen|Hours[1]   ; master:master|scl ; beg_com:beg_com|beg ; -0.500       ; 0.563      ; 0.319      ;
; 0.153 ; listen:listen|data[26] ; listen:listen|Hours[0]   ; master:master|scl ; beg_com:beg_com|beg ; -0.500       ; 0.563      ; 0.320      ;
; 0.158 ; listen:listen|data[21] ; listen:listen|Hours[5]   ; master:master|scl ; beg_com:beg_com|beg ; -0.500       ; 0.563      ; 0.325      ;
; 0.158 ; listen:listen|data[17] ; listen:listen|Minutes[6] ; master:master|scl ; beg_com:beg_com|beg ; -0.500       ; 0.563      ; 0.325      ;
; 0.159 ; listen:listen|data[22] ; listen:listen|Hours[4]   ; master:master|scl ; beg_com:beg_com|beg ; -0.500       ; 0.562      ; 0.325      ;
; 0.160 ; listen:listen|data[18] ; listen:listen|Minutes[7] ; master:master|scl ; beg_com:beg_com|beg ; -0.500       ; 0.562      ; 0.326      ;
; 0.223 ; listen:listen|data[4]  ; listen:listen|Seconds[1] ; master:master|scl ; beg_com:beg_com|beg ; -0.500       ; 0.563      ; 0.390      ;
; 0.225 ; listen:listen|data[8]  ; listen:listen|Seconds[5] ; master:master|scl ; beg_com:beg_com|beg ; -0.500       ; 0.563      ; 0.392      ;
; 0.226 ; listen:listen|data[13] ; listen:listen|Minutes[2] ; master:master|scl ; beg_com:beg_com|beg ; -0.500       ; 0.563      ; 0.393      ;
; 0.232 ; listen:listen|data[24] ; listen:listen|Hours[2]   ; master:master|scl ; beg_com:beg_com|beg ; -0.500       ; 0.563      ; 0.399      ;
; 0.232 ; listen:listen|data[7]  ; listen:listen|Seconds[4] ; master:master|scl ; beg_com:beg_com|beg ; -0.500       ; 0.563      ; 0.399      ;
; 0.234 ; listen:listen|data[19] ; listen:listen|Hours[7]   ; master:master|scl ; beg_com:beg_com|beg ; -0.500       ; 0.563      ; 0.401      ;
; 0.292 ; listen:listen|data[9]  ; listen:listen|Seconds[6] ; master:master|scl ; beg_com:beg_com|beg ; -0.500       ; 0.563      ; 0.459      ;
; 0.294 ; listen:listen|data[3]  ; listen:listen|Seconds[0] ; master:master|scl ; beg_com:beg_com|beg ; -0.500       ; 0.563      ; 0.461      ;
; 0.326 ; listen:listen|data[20] ; listen:listen|Hours[6]   ; master:master|scl ; beg_com:beg_com|beg ; -0.500       ; 0.563      ; 0.493      ;
; 0.332 ; listen:listen|data[5]  ; listen:listen|Seconds[2] ; master:master|scl ; beg_com:beg_com|beg ; -0.500       ; 0.383      ; 0.319      ;
; 0.340 ; listen:listen|data[6]  ; listen:listen|Seconds[3] ; master:master|scl ; beg_com:beg_com|beg ; -0.500       ; 0.383      ; 0.327      ;
; 0.398 ; listen:listen|data[23] ; listen:listen|Hours[3]   ; master:master|scl ; beg_com:beg_com|beg ; -0.500       ; 0.563      ; 0.565      ;
; 0.407 ; listen:listen|data[10] ; listen:listen|Seconds[7] ; master:master|scl ; beg_com:beg_com|beg ; -0.500       ; 0.563      ; 0.574      ;
; 0.409 ; listen:listen|data[12] ; listen:listen|Minutes[1] ; master:master|scl ; beg_com:beg_com|beg ; -0.500       ; 0.561      ; 0.574      ;
; 0.420 ; listen:listen|data[11] ; listen:listen|Minutes[0] ; master:master|scl ; beg_com:beg_com|beg ; -0.500       ; 0.561      ; 0.585      ;
; 0.421 ; listen:listen|data[16] ; listen:listen|Minutes[5] ; master:master|scl ; beg_com:beg_com|beg ; -0.500       ; 0.561      ; 0.586      ;
; 0.525 ; listen:listen|data[15] ; listen:listen|Minutes[4] ; master:master|scl ; beg_com:beg_com|beg ; -0.500       ; 0.561      ; 0.690      ;
; 0.543 ; listen:listen|data[14] ; listen:listen|Minutes[3] ; master:master|scl ; beg_com:beg_com|beg ; -0.500       ; 0.561      ; 0.708      ;
+-------+------------------------+--------------------------+-------------------+---------------------+--------------+------------+------------+


+----------------------------------------------------------------------------------------------------------------------------------------------------------------------------------+
; Fast 1200mV 0C Model Hold: 'clk'                                                                                                                                                 ;
+-------+----------------------------------------+----------------------------------------+---------------------------------+-------------+--------------+------------+------------+
; Slack ; From Node                              ; To Node                                ; Launch Clock                    ; Latch Clock ; Relationship ; Clock Skew ; Data Delay ;
+-------+----------------------------------------+----------------------------------------+---------------------------------+-------------+--------------+------------+------------+
; 0.178 ; alarm_led:alarm_led|buzzer             ; alarm_led:alarm_led|buzzer             ; clk                             ; clk         ; 0.000        ; 0.045      ; 0.307      ;
; 0.178 ; master:master|st_prev.Send_Add         ; master:master|st_prev.Send_Add         ; clk                             ; clk         ; 0.000        ; 0.045      ; 0.307      ;
; 0.178 ; master:master|state.Listen             ; master:master|state.Listen             ; clk                             ; clk         ; 0.000        ; 0.045      ; 0.307      ;
; 0.186 ; master:master|listen_count[0]          ; master:master|listen_count[0]          ; clk                             ; clk         ; 0.000        ; 0.037      ; 0.307      ;
; 0.186 ; master:master|listen_count[3]          ; master:master|listen_count[3]          ; clk                             ; clk         ; 0.000        ; 0.037      ; 0.307      ;
; 0.186 ; master:master|listen_count[1]          ; master:master|listen_count[1]          ; clk                             ; clk         ; 0.000        ; 0.037      ; 0.307      ;
; 0.186 ; master:master|listen_count[2]          ; master:master|listen_count[2]          ; clk                             ; clk         ; 0.000        ; 0.037      ; 0.307      ;
; 0.186 ; alarm_led:alarm_led|led_index[1]       ; alarm_led:alarm_led|led_index[1]       ; clk                             ; clk         ; 0.000        ; 0.037      ; 0.307      ;
; 0.186 ; alarm_led:alarm_led|led_index[2]       ; alarm_led:alarm_led|led_index[2]       ; clk                             ; clk         ; 0.000        ; 0.037      ; 0.307      ;
; 0.186 ; master:master|state.Wait               ; master:master|state.Wait               ; clk                             ; clk         ; 0.000        ; 0.037      ; 0.307      ;
; 0.186 ; master:master|state.Default            ; master:master|state.Default            ; clk                             ; clk         ; 0.000        ; 0.037      ; 0.307      ;
; 0.187 ; master:master|state.Stretch            ; master:master|state.Stretch            ; clk                             ; clk         ; 0.000        ; 0.036      ; 0.307      ;
; 0.187 ; master:master|state.Send_Add           ; master:master|state.Send_Add           ; clk                             ; clk         ; 0.000        ; 0.036      ; 0.307      ;
; 0.187 ; master:master|st_prev.Restart          ; master:master|st_prev.Restart          ; clk                             ; clk         ; 0.000        ; 0.036      ; 0.307      ;
; 0.204 ; beg_com:beg_com|count[25]              ; beg_com:beg_com|count[25]              ; clk                             ; clk         ; 0.000        ; 0.037      ; 0.325      ;
; 0.220 ; lcddin_mod:lcd_display|clk_16ms        ; lcddin_mod:lcd_display|clk_16ms        ; lcddin_mod:lcd_display|clk_16ms ; clk         ; 0.000        ; 1.185      ; 1.624      ;
; 0.290 ; alarm_led:alarm_led|led_index[2]       ; alarm_led:alarm_led|leds[1]            ; clk                             ; clk         ; 0.000        ; 0.037      ; 0.411      ;
; 0.290 ; lcddin_mod:lcd_display|clk_counter[1]  ; lcddin_mod:lcd_display|clk_counter[1]  ; clk                             ; clk         ; 0.000        ; 0.044      ; 0.418      ;
; 0.291 ; alarm_led:alarm_led|led_index[2]       ; alarm_led:alarm_led|led_index[1]       ; clk                             ; clk         ; 0.000        ; 0.038      ; 0.413      ;
; 0.296 ; beg_com:beg_com|count[1]               ; beg_com:beg_com|count[1]               ; clk                             ; clk         ; 0.000        ; 0.045      ; 0.425      ;
; 0.297 ; lcddin_mod:lcd_display|clk_counter[6]  ; lcddin_mod:lcd_display|clk_counter[6]  ; clk                             ; clk         ; 0.000        ; 0.037      ; 0.418      ;
; 0.297 ; lcddin_mod:lcd_display|clk_counter[3]  ; lcddin_mod:lcd_display|clk_counter[3]  ; clk                             ; clk         ; 0.000        ; 0.037      ; 0.418      ;
; 0.298 ; alarm_led:alarm_led|led_index[2]       ; alarm_led:alarm_led|leds[6]            ; clk                             ; clk         ; 0.000        ; 0.037      ; 0.419      ;
; 0.298 ; lcddin_mod:lcd_display|clk_counter[5]  ; lcddin_mod:lcd_display|clk_counter[5]  ; clk                             ; clk         ; 0.000        ; 0.037      ; 0.419      ;
; 0.298 ; lcddin_mod:lcd_display|clk_counter[4]  ; lcddin_mod:lcd_display|clk_counter[4]  ; clk                             ; clk         ; 0.000        ; 0.037      ; 0.419      ;
; 0.299 ; lcddin_mod:lcd_display|clk_counter[2]  ; lcddin_mod:lcd_display|clk_counter[2]  ; clk                             ; clk         ; 0.000        ; 0.037      ; 0.420      ;
; 0.303 ; lcddin_mod:lcd_display|clk_counter[8]  ; lcddin_mod:lcd_display|clk_counter[8]  ; clk                             ; clk         ; 0.000        ; 0.037      ; 0.424      ;
; 0.303 ; lcddin_mod:lcd_display|clk_counter[0]  ; lcddin_mod:lcd_display|clk_counter[0]  ; clk                             ; clk         ; 0.000        ; 0.044      ; 0.431      ;
; 0.303 ; master:master|counter[5]               ; master:master|counter[5]               ; clk                             ; clk         ; 0.000        ; 0.037      ; 0.424      ;
; 0.304 ; lcddin_mod:lcd_display|clk_counter[15] ; lcddin_mod:lcd_display|clk_counter[15] ; clk                             ; clk         ; 0.000        ; 0.037      ; 0.425      ;
; 0.304 ; master:master|counter[2]               ; master:master|counter[2]               ; clk                             ; clk         ; 0.000        ; 0.037      ; 0.425      ;
; 0.304 ; beg_com:beg_com|count[15]              ; beg_com:beg_com|count[15]              ; clk                             ; clk         ; 0.000        ; 0.037      ; 0.425      ;
; 0.304 ; beg_com:beg_com|count[3]               ; beg_com:beg_com|count[3]               ; clk                             ; clk         ; 0.000        ; 0.036      ; 0.424      ;
; 0.305 ; lcddin_mod:lcd_display|clk_counter[14] ; lcddin_mod:lcd_display|clk_counter[14] ; clk                             ; clk         ; 0.000        ; 0.037      ; 0.426      ;
; 0.305 ; lcddin_mod:lcd_display|clk_counter[13] ; lcddin_mod:lcd_display|clk_counter[13] ; clk                             ; clk         ; 0.000        ; 0.037      ; 0.426      ;
; 0.305 ; lcddin_mod:lcd_display|clk_counter[10] ; lcddin_mod:lcd_display|clk_counter[10] ; clk                             ; clk         ; 0.000        ; 0.037      ; 0.426      ;
; 0.305 ; master:master|counter[3]               ; master:master|counter[3]               ; clk                             ; clk         ; 0.000        ; 0.037      ; 0.426      ;
; 0.305 ; beg_com:beg_com|count[23]              ; beg_com:beg_com|count[23]              ; clk                             ; clk         ; 0.000        ; 0.037      ; 0.426      ;
; 0.305 ; beg_com:beg_com|count[17]              ; beg_com:beg_com|count[17]              ; clk                             ; clk         ; 0.000        ; 0.037      ; 0.426      ;
; 0.305 ; beg_com:beg_com|count[10]              ; beg_com:beg_com|count[10]              ; clk                             ; clk         ; 0.000        ; 0.036      ; 0.425      ;
; 0.305 ; beg_com:beg_com|count[9]               ; beg_com:beg_com|count[9]               ; clk                             ; clk         ; 0.000        ; 0.036      ; 0.425      ;
; 0.305 ; beg_com:beg_com|count[8]               ; beg_com:beg_com|count[8]               ; clk                             ; clk         ; 0.000        ; 0.036      ; 0.425      ;
; 0.305 ; beg_com:beg_com|count[5]               ; beg_com:beg_com|count[5]               ; clk                             ; clk         ; 0.000        ; 0.036      ; 0.425      ;
; 0.305 ; beg_com:beg_com|count[2]               ; beg_com:beg_com|count[2]               ; clk                             ; clk         ; 0.000        ; 0.036      ; 0.425      ;
; 0.306 ; lcddin_mod:lcd_display|clk_counter[16] ; lcddin_mod:lcd_display|clk_counter[16] ; clk                             ; clk         ; 0.000        ; 0.037      ; 0.427      ;
; 0.306 ; beg_com:beg_com|count[7]               ; beg_com:beg_com|count[7]               ; clk                             ; clk         ; 0.000        ; 0.036      ; 0.426      ;
; 0.306 ; beg_com:beg_com|count[4]               ; beg_com:beg_com|count[4]               ; clk                             ; clk         ; 0.000        ; 0.036      ; 0.426      ;
; 0.308 ; master:master|counter[1]               ; master:master|counter[1]               ; clk                             ; clk         ; 0.000        ; 0.037      ; 0.429      ;
; 0.316 ; master:master|counter[0]               ; master:master|counter[0]               ; clk                             ; clk         ; 0.000        ; 0.037      ; 0.437      ;
; 0.316 ; master:master|counter[4]               ; master:master|counter[4]               ; clk                             ; clk         ; 0.000        ; 0.037      ; 0.437      ;
; 0.318 ; master:master|state.Wait               ; master:master|state.Default            ; clk                             ; clk         ; 0.000        ; 0.037      ; 0.439      ;
; 0.320 ; master:master|listen_count[2]          ; master:master|listen_count[3]          ; clk                             ; clk         ; 0.000        ; 0.037      ; 0.441      ;
; 0.327 ; master:master|listen_count[0]          ; master:master|listen_count[1]          ; clk                             ; clk         ; 0.000        ; 0.037      ; 0.448      ;
; 0.341 ; beg_com:beg_com|beg                    ; master:master|counter[0]               ; beg_com:beg_com|beg             ; clk         ; 0.000        ; 1.194      ; 1.754      ;
; 0.341 ; beg_com:beg_com|beg                    ; master:master|counter[4]               ; beg_com:beg_com|beg             ; clk         ; 0.000        ; 1.194      ; 1.754      ;
; 0.341 ; beg_com:beg_com|beg                    ; master:master|counter[1]               ; beg_com:beg_com|beg             ; clk         ; 0.000        ; 1.194      ; 1.754      ;
; 0.341 ; beg_com:beg_com|beg                    ; master:master|counter[2]               ; beg_com:beg_com|beg             ; clk         ; 0.000        ; 1.194      ; 1.754      ;
; 0.341 ; beg_com:beg_com|beg                    ; master:master|counter[3]               ; beg_com:beg_com|beg             ; clk         ; 0.000        ; 1.194      ; 1.754      ;
; 0.341 ; beg_com:beg_com|beg                    ; master:master|counter[5]               ; beg_com:beg_com|beg             ; clk         ; 0.000        ; 1.194      ; 1.754      ;
; 0.341 ; beg_com:beg_com|beg                    ; master:master|counter[6]               ; beg_com:beg_com|beg             ; clk         ; 0.000        ; 1.194      ; 1.754      ;
; 0.344 ; alarm_led:alarm_led|led_index[2]       ; alarm_led:alarm_led|leds[3]            ; clk                             ; clk         ; 0.000        ; 0.037      ; 0.465      ;
; 0.345 ; alarm_led:alarm_led|led_index[2]       ; alarm_led:alarm_led|leds[2]            ; clk                             ; clk         ; 0.000        ; 0.037      ; 0.466      ;
; 0.347 ; alarm_led:alarm_led|led_index[2]       ; alarm_led:alarm_led|leds[4]            ; clk                             ; clk         ; 0.000        ; 0.037      ; 0.468      ;
; 0.347 ; master:master|scl                      ; master:master|scl                      ; master:master|scl               ; clk         ; 0.000        ; 1.193      ; 1.759      ;
; 0.349 ; master:master|listen_count[3]          ; master:master|listen_count[2]          ; clk                             ; clk         ; 0.000        ; 0.037      ; 0.470      ;
; 0.349 ; alarm_led:alarm_led|led_index[2]       ; alarm_led:alarm_led|leds[0]            ; clk                             ; clk         ; 0.000        ; 0.037      ; 0.470      ;
; 0.350 ; master:master|listen_count[3]          ; master:master|listen_count[0]          ; clk                             ; clk         ; 0.000        ; 0.037      ; 0.471      ;
; 0.355 ; master:master|listen_count[3]          ; master:master|listen_count[1]          ; clk                             ; clk         ; 0.000        ; 0.037      ; 0.476      ;
; 0.356 ; alarm_led:alarm_led|led_index[2]       ; alarm_led:alarm_led|leds[5]            ; clk                             ; clk         ; 0.000        ; 0.037      ; 0.477      ;
; 0.362 ; beg_com:beg_com|beg                    ; master:master|counter[13]              ; beg_com:beg_com|beg             ; clk         ; 0.000        ; 1.185      ; 1.766      ;
; 0.362 ; beg_com:beg_com|beg                    ; master:master|counter[7]               ; beg_com:beg_com|beg             ; clk         ; 0.000        ; 1.185      ; 1.766      ;
; 0.362 ; beg_com:beg_com|beg                    ; master:master|counter[8]               ; beg_com:beg_com|beg             ; clk         ; 0.000        ; 1.185      ; 1.766      ;
; 0.362 ; beg_com:beg_com|beg                    ; master:master|counter[9]               ; beg_com:beg_com|beg             ; clk         ; 0.000        ; 1.185      ; 1.766      ;
; 0.362 ; beg_com:beg_com|beg                    ; master:master|counter[10]              ; beg_com:beg_com|beg             ; clk         ; 0.000        ; 1.185      ; 1.766      ;
; 0.362 ; beg_com:beg_com|beg                    ; master:master|counter[11]              ; beg_com:beg_com|beg             ; clk         ; 0.000        ; 1.185      ; 1.766      ;
; 0.362 ; beg_com:beg_com|beg                    ; master:master|counter[12]              ; beg_com:beg_com|beg             ; clk         ; 0.000        ; 1.185      ; 1.766      ;
; 0.382 ; beg_com:beg_com|beg                    ; master:master|sda_out                  ; beg_com:beg_com|beg             ; clk         ; 0.000        ; 1.193      ; 1.794      ;
; 0.401 ; alarm_led:alarm_led|led_index[0]       ; alarm_led:alarm_led|led_index[1]       ; clk                             ; clk         ; 0.000        ; 0.038      ; 0.523      ;
; 0.413 ; alarm_led:alarm_led|led_index[1]       ; alarm_led:alarm_led|led_index[2]       ; clk                             ; clk         ; 0.000        ; 0.036      ; 0.533      ;
; 0.441 ; beg_com:beg_com|beg                    ; beg_com:beg_com|beg                    ; beg_com:beg_com|beg             ; clk         ; 0.000        ; 1.177      ; 1.837      ;
; 0.446 ; lcddin_mod:lcd_display|clk_counter[3]  ; lcddin_mod:lcd_display|clk_counter[4]  ; clk                             ; clk         ; 0.000        ; 0.037      ; 0.567      ;
; 0.447 ; lcddin_mod:lcd_display|clk_counter[5]  ; lcddin_mod:lcd_display|clk_counter[6]  ; clk                             ; clk         ; 0.000        ; 0.037      ; 0.568      ;
; 0.448 ; lcddin_mod:lcd_display|clk_counter[7]  ; lcddin_mod:lcd_display|clk_counter[8]  ; clk                             ; clk         ; 0.000        ; 0.037      ; 0.569      ;
; 0.450 ; lcddin_mod:lcd_display|clk_counter[0]  ; lcddin_mod:lcd_display|clk_counter[1]  ; clk                             ; clk         ; 0.000        ; 0.044      ; 0.578      ;
; 0.451 ; alarm_led:alarm_led|led_index[0]       ; alarm_led:alarm_led|leds[2]            ; clk                             ; clk         ; 0.000        ; 0.037      ; 0.572      ;
; 0.451 ; alarm_led:alarm_led|led_index[0]       ; alarm_led:alarm_led|leds[5]            ; clk                             ; clk         ; 0.000        ; 0.037      ; 0.572      ;
; 0.452 ; alarm_led:alarm_led|led_index[0]       ; alarm_led:alarm_led|leds[0]            ; clk                             ; clk         ; 0.000        ; 0.037      ; 0.573      ;
; 0.452 ; alarm_led:alarm_led|led_index[0]       ; alarm_led:alarm_led|leds[3]            ; clk                             ; clk         ; 0.000        ; 0.037      ; 0.573      ;
; 0.453 ; lcddin_mod:lcd_display|clk_counter[15] ; lcddin_mod:lcd_display|clk_counter[16] ; clk                             ; clk         ; 0.000        ; 0.037      ; 0.574      ;
; 0.453 ; beg_com:beg_com|count[3]               ; beg_com:beg_com|count[4]               ; clk                             ; clk         ; 0.000        ; 0.036      ; 0.573      ;
; 0.454 ; lcddin_mod:lcd_display|clk_counter[13] ; lcddin_mod:lcd_display|clk_counter[14] ; clk                             ; clk         ; 0.000        ; 0.037      ; 0.575      ;
; 0.454 ; beg_com:beg_com|count[9]               ; beg_com:beg_com|count[10]              ; clk                             ; clk         ; 0.000        ; 0.036      ; 0.574      ;
; 0.454 ; master:master|counter[3]               ; master:master|counter[4]               ; clk                             ; clk         ; 0.000        ; 0.037      ; 0.575      ;
; 0.455 ; beg_com:beg_com|count[0]               ; beg_com:beg_com|count[1]               ; clk                             ; clk         ; 0.000        ; 0.045      ; 0.584      ;
; 0.455 ; beg_com:beg_com|count[7]               ; beg_com:beg_com|count[8]               ; clk                             ; clk         ; 0.000        ; 0.036      ; 0.575      ;
; 0.456 ; beg_com:beg_com|count[21]              ; beg_com:beg_com|count[21]              ; clk                             ; clk         ; 0.000        ; 0.037      ; 0.577      ;
; 0.456 ; lcddin_mod:lcd_display|clk_counter[4]  ; lcddin_mod:lcd_display|clk_counter[5]  ; clk                             ; clk         ; 0.000        ; 0.037      ; 0.577      ;
; 0.456 ; alarm_led:alarm_led|led_index[0]       ; alarm_led:alarm_led|leds[4]            ; clk                             ; clk         ; 0.000        ; 0.037      ; 0.577      ;
; 0.457 ; lcddin_mod:lcd_display|clk_counter[2]  ; lcddin_mod:lcd_display|clk_counter[3]  ; clk                             ; clk         ; 0.000        ; 0.037      ; 0.578      ;
; 0.457 ; master:master|counter[1]               ; master:master|counter[2]               ; clk                             ; clk         ; 0.000        ; 0.037      ; 0.578      ;
+-------+----------------------------------------+----------------------------------------+---------------------------------+-------------+--------------+------------+------------+


+------------------------------------------------------------------------------------------------------------------------------------------------------------------------------------------------------------------------------+
; Fast 1200mV 0C Model Hold: 'lcddin_mod:lcd_display|clk_16ms'                                                                                                                                                                 ;
+-------+----------------------------------------------------+----------------------------------------------------+---------------------------------+---------------------------------+--------------+------------+------------+
; Slack ; From Node                                          ; To Node                                            ; Launch Clock                    ; Latch Clock                     ; Relationship ; Clock Skew ; Data Delay ;
+-------+----------------------------------------------------+----------------------------------------------------+---------------------------------+---------------------------------+--------------+------------+------------+
; 0.186 ; lcddin_mod:lcd_display|fsm_state.WR_STATIC_TEXT_1L ; lcddin_mod:lcd_display|fsm_state.WR_STATIC_TEXT_1L ; lcddin_mod:lcd_display|clk_16ms ; lcddin_mod:lcd_display|clk_16ms ; 0.000        ; 0.037      ; 0.307      ;
; 0.186 ; lcddin_mod:lcd_display|fsm_state.WR_STATIC_TEXT_2L ; lcddin_mod:lcd_display|fsm_state.WR_STATIC_TEXT_2L ; lcddin_mod:lcd_display|clk_16ms ; lcddin_mod:lcd_display|clk_16ms ; 0.000        ; 0.037      ; 0.307      ;
; 0.186 ; lcddin_mod:lcd_display|command_counter[2]          ; lcddin_mod:lcd_display|command_counter[2]          ; lcddin_mod:lcd_display|clk_16ms ; lcddin_mod:lcd_display|clk_16ms ; 0.000        ; 0.037      ; 0.307      ;
; 0.186 ; lcddin_mod:lcd_display|command_counter[1]          ; lcddin_mod:lcd_display|command_counter[1]          ; lcddin_mod:lcd_display|clk_16ms ; lcddin_mod:lcd_display|clk_16ms ; 0.000        ; 0.037      ; 0.307      ;
; 0.186 ; lcddin_mod:lcd_display|command_counter[0]          ; lcddin_mod:lcd_display|command_counter[0]          ; lcddin_mod:lcd_display|clk_16ms ; lcddin_mod:lcd_display|clk_16ms ; 0.000        ; 0.037      ; 0.307      ;
; 0.213 ; lcddin_mod:lcd_display|fsm_state.CONFIG_CMD2       ; lcddin_mod:lcd_display|data[7]                     ; lcddin_mod:lcd_display|clk_16ms ; lcddin_mod:lcd_display|clk_16ms ; 0.000        ; 0.037      ; 0.334      ;
; 0.215 ; lcddin_mod:lcd_display|fsm_state.CONFIG_CMD2       ; lcddin_mod:lcd_display|fsm_state.WR_STATIC_TEXT_2L ; lcddin_mod:lcd_display|clk_16ms ; lcddin_mod:lcd_display|clk_16ms ; 0.000        ; 0.037      ; 0.336      ;
; 0.220 ; lcddin_mod:lcd_display|fsm_state.WR_STATIC_TEXT_2L ; lcddin_mod:lcd_display|rs                          ; lcddin_mod:lcd_display|clk_16ms ; lcddin_mod:lcd_display|clk_16ms ; 0.000        ; 0.037      ; 0.341      ;
; 0.242 ; lcddin_mod:lcd_display|fsm_state.CONFIG_CMD1       ; lcddin_mod:lcd_display|command_counter[2]          ; lcddin_mod:lcd_display|clk_16ms ; lcddin_mod:lcd_display|clk_16ms ; 0.000        ; 0.037      ; 0.363      ;
; 0.269 ; lcddin_mod:lcd_display|data_counter[4]             ; lcddin_mod:lcd_display|fsm_state.IDLE              ; lcddin_mod:lcd_display|clk_16ms ; lcddin_mod:lcd_display|clk_16ms ; 0.000        ; 0.037      ; 0.390      ;
; 0.273 ; lcddin_mod:lcd_display|fsm_state.WR_STATIC_TEXT_1L ; lcddin_mod:lcd_display|rs                          ; lcddin_mod:lcd_display|clk_16ms ; lcddin_mod:lcd_display|clk_16ms ; 0.000        ; 0.037      ; 0.394      ;
; 0.276 ; lcddin_mod:lcd_display|fsm_state.WR_STATIC_TEXT_1L ; lcddin_mod:lcd_display|fsm_state.CONFIG_CMD2       ; lcddin_mod:lcd_display|clk_16ms ; lcddin_mod:lcd_display|clk_16ms ; 0.000        ; 0.037      ; 0.397      ;
; 0.303 ; lcddin_mod:lcd_display|data_counter[3]             ; lcddin_mod:lcd_display|data[6]                     ; lcddin_mod:lcd_display|clk_16ms ; lcddin_mod:lcd_display|clk_16ms ; 0.000        ; 0.036      ; 0.423      ;
; 0.311 ; lcddin_mod:lcd_display|data_counter[4]             ; lcddin_mod:lcd_display|data_counter[4]             ; lcddin_mod:lcd_display|clk_16ms ; lcddin_mod:lcd_display|clk_16ms ; 0.000        ; 0.037      ; 0.432      ;
; 0.315 ; lcddin_mod:lcd_display|fsm_state.CONFIG_CMD2       ; lcddin_mod:lcd_display|data[6]                     ; lcddin_mod:lcd_display|clk_16ms ; lcddin_mod:lcd_display|clk_16ms ; 0.000        ; 0.037      ; 0.436      ;
; 0.317 ; lcddin_mod:lcd_display|data_counter[2]             ; lcddin_mod:lcd_display|data_counter[2]             ; lcddin_mod:lcd_display|clk_16ms ; lcddin_mod:lcd_display|clk_16ms ; 0.000        ; 0.037      ; 0.438      ;
; 0.327 ; lcddin_mod:lcd_display|data_counter[1]             ; lcddin_mod:lcd_display|data_counter[1]             ; lcddin_mod:lcd_display|clk_16ms ; lcddin_mod:lcd_display|clk_16ms ; 0.000        ; 0.037      ; 0.448      ;
; 0.330 ; lcddin_mod:lcd_display|fsm_state.WR_STATIC_TEXT_2L ; lcddin_mod:lcd_display|data[5]                     ; lcddin_mod:lcd_display|clk_16ms ; lcddin_mod:lcd_display|clk_16ms ; 0.000        ; 0.037      ; 0.451      ;
; 0.330 ; lcddin_mod:lcd_display|data_counter[3]             ; lcddin_mod:lcd_display|data_counter[3]             ; lcddin_mod:lcd_display|clk_16ms ; lcddin_mod:lcd_display|clk_16ms ; 0.000        ; 0.037      ; 0.451      ;
; 0.330 ; lcddin_mod:lcd_display|data_counter[0]             ; lcddin_mod:lcd_display|data_counter[0]             ; lcddin_mod:lcd_display|clk_16ms ; lcddin_mod:lcd_display|clk_16ms ; 0.000        ; 0.037      ; 0.451      ;
; 0.333 ; lcddin_mod:lcd_display|command_counter[0]          ; lcddin_mod:lcd_display|command_counter[1]          ; lcddin_mod:lcd_display|clk_16ms ; lcddin_mod:lcd_display|clk_16ms ; 0.000        ; 0.037      ; 0.454      ;
; 0.343 ; lcddin_mod:lcd_display|fsm_state.CONFIG_CMD1       ; lcddin_mod:lcd_display|command_counter[1]          ; lcddin_mod:lcd_display|clk_16ms ; lcddin_mod:lcd_display|clk_16ms ; 0.000        ; 0.037      ; 0.464      ;
; 0.345 ; lcddin_mod:lcd_display|fsm_state.CONFIG_CMD1       ; lcddin_mod:lcd_display|command_counter[0]          ; lcddin_mod:lcd_display|clk_16ms ; lcddin_mod:lcd_display|clk_16ms ; 0.000        ; 0.037      ; 0.466      ;
; 0.370 ; lcddin_mod:lcd_display|text[12][0]                 ; lcddin_mod:lcd_display|data[0]                     ; clk                             ; lcddin_mod:lcd_display|clk_16ms ; 0.000        ; 0.127      ; 0.611      ;
; 0.371 ; lcddin_mod:lcd_display|text[13][1]                 ; lcddin_mod:lcd_display|data[1]                     ; clk                             ; lcddin_mod:lcd_display|clk_16ms ; 0.000        ; 0.127      ; 0.612      ;
; 0.391 ; lcddin_mod:lcd_display|fsm_state.IDLE              ; lcddin_mod:lcd_display|command_counter[0]          ; lcddin_mod:lcd_display|clk_16ms ; lcddin_mod:lcd_display|clk_16ms ; 0.000        ; 0.038      ; 0.513      ;
; 0.396 ; lcddin_mod:lcd_display|fsm_state.IDLE              ; lcddin_mod:lcd_display|command_counter[1]          ; lcddin_mod:lcd_display|clk_16ms ; lcddin_mod:lcd_display|clk_16ms ; 0.000        ; 0.038      ; 0.518      ;
; 0.399 ; lcddin_mod:lcd_display|fsm_state.IDLE              ; lcddin_mod:lcd_display|fsm_state.CONFIG_CMD1       ; lcddin_mod:lcd_display|clk_16ms ; lcddin_mod:lcd_display|clk_16ms ; 0.000        ; 0.038      ; 0.521      ;
; 0.414 ; lcddin_mod:lcd_display|data_counter[4]             ; lcddin_mod:lcd_display|fsm_state.CONFIG_CMD2       ; lcddin_mod:lcd_display|clk_16ms ; lcddin_mod:lcd_display|clk_16ms ; 0.000        ; 0.036      ; 0.534      ;
; 0.415 ; lcddin_mod:lcd_display|data_counter[3]             ; lcddin_mod:lcd_display|fsm_state.IDLE              ; lcddin_mod:lcd_display|clk_16ms ; lcddin_mod:lcd_display|clk_16ms ; 0.000        ; 0.037      ; 0.536      ;
; 0.424 ; lcddin_mod:lcd_display|command_counter[1]          ; lcddin_mod:lcd_display|fsm_state.CONFIG_CMD1       ; lcddin_mod:lcd_display|clk_16ms ; lcddin_mod:lcd_display|clk_16ms ; 0.000        ; 0.037      ; 0.545      ;
; 0.430 ; lcddin_mod:lcd_display|text[7][1]                  ; lcddin_mod:lcd_display|data[1]                     ; clk                             ; lcddin_mod:lcd_display|clk_16ms ; 0.000        ; 0.127      ; 0.671      ;
; 0.432 ; lcddin_mod:lcd_display|fsm_state.CONFIG_CMD1       ; lcddin_mod:lcd_display|data[0]                     ; lcddin_mod:lcd_display|clk_16ms ; lcddin_mod:lcd_display|clk_16ms ; 0.000        ; 0.037      ; 0.553      ;
; 0.433 ; lcddin_mod:lcd_display|data_counter[4]             ; lcddin_mod:lcd_display|data[5]                     ; lcddin_mod:lcd_display|clk_16ms ; lcddin_mod:lcd_display|clk_16ms ; 0.000        ; 0.036      ; 0.553      ;
; 0.435 ; lcddin_mod:lcd_display|fsm_state.WR_STATIC_TEXT_2L ; lcddin_mod:lcd_display|data[4]                     ; lcddin_mod:lcd_display|clk_16ms ; lcddin_mod:lcd_display|clk_16ms ; 0.000        ; 0.037      ; 0.556      ;
; 0.452 ; lcddin_mod:lcd_display|data_counter[3]             ; lcddin_mod:lcd_display|data[4]                     ; lcddin_mod:lcd_display|clk_16ms ; lcddin_mod:lcd_display|clk_16ms ; 0.000        ; 0.036      ; 0.572      ;
; 0.454 ; lcddin_mod:lcd_display|fsm_state.CONFIG_CMD1       ; lcddin_mod:lcd_display|data[3]                     ; lcddin_mod:lcd_display|clk_16ms ; lcddin_mod:lcd_display|clk_16ms ; 0.000        ; 0.036      ; 0.574      ;
; 0.457 ; lcddin_mod:lcd_display|data_counter[4]             ; lcddin_mod:lcd_display|fsm_state.WR_STATIC_TEXT_2L ; lcddin_mod:lcd_display|clk_16ms ; lcddin_mod:lcd_display|clk_16ms ; 0.000        ; 0.036      ; 0.577      ;
; 0.464 ; lcddin_mod:lcd_display|data_counter[1]             ; lcddin_mod:lcd_display|fsm_state.IDLE              ; lcddin_mod:lcd_display|clk_16ms ; lcddin_mod:lcd_display|clk_16ms ; 0.000        ; 0.037      ; 0.585      ;
; 0.469 ; lcddin_mod:lcd_display|data_counter[2]             ; lcddin_mod:lcd_display|data[6]                     ; lcddin_mod:lcd_display|clk_16ms ; lcddin_mod:lcd_display|clk_16ms ; 0.000        ; 0.036      ; 0.589      ;
; 0.475 ; lcddin_mod:lcd_display|data_counter[2]             ; lcddin_mod:lcd_display|data_counter[3]             ; lcddin_mod:lcd_display|clk_16ms ; lcddin_mod:lcd_display|clk_16ms ; 0.000        ; 0.037      ; 0.596      ;
; 0.476 ; lcddin_mod:lcd_display|data_counter[1]             ; lcddin_mod:lcd_display|data_counter[2]             ; lcddin_mod:lcd_display|clk_16ms ; lcddin_mod:lcd_display|clk_16ms ; 0.000        ; 0.037      ; 0.597      ;
; 0.478 ; lcddin_mod:lcd_display|text[7][0]                  ; lcddin_mod:lcd_display|data[0]                     ; clk                             ; lcddin_mod:lcd_display|clk_16ms ; 0.000        ; 0.127      ; 0.719      ;
; 0.478 ; lcddin_mod:lcd_display|text[12][1]                 ; lcddin_mod:lcd_display|data[1]                     ; clk                             ; lcddin_mod:lcd_display|clk_16ms ; 0.000        ; 0.127      ; 0.719      ;
; 0.478 ; lcddin_mod:lcd_display|command_counter[2]          ; lcddin_mod:lcd_display|fsm_state.WR_STATIC_TEXT_1L ; lcddin_mod:lcd_display|clk_16ms ; lcddin_mod:lcd_display|clk_16ms ; 0.000        ; 0.035      ; 0.597      ;
; 0.478 ; lcddin_mod:lcd_display|data_counter[2]             ; lcddin_mod:lcd_display|data_counter[4]             ; lcddin_mod:lcd_display|clk_16ms ; lcddin_mod:lcd_display|clk_16ms ; 0.000        ; 0.037      ; 0.599      ;
; 0.479 ; lcddin_mod:lcd_display|data_counter[0]             ; lcddin_mod:lcd_display|data_counter[1]             ; lcddin_mod:lcd_display|clk_16ms ; lcddin_mod:lcd_display|clk_16ms ; 0.000        ; 0.037      ; 0.600      ;
; 0.479 ; lcddin_mod:lcd_display|data_counter[3]             ; lcddin_mod:lcd_display|data_counter[4]             ; lcddin_mod:lcd_display|clk_16ms ; lcddin_mod:lcd_display|clk_16ms ; 0.000        ; 0.037      ; 0.600      ;
; 0.481 ; lcddin_mod:lcd_display|data_counter[4]             ; lcddin_mod:lcd_display|fsm_state.WR_STATIC_TEXT_1L ; lcddin_mod:lcd_display|clk_16ms ; lcddin_mod:lcd_display|clk_16ms ; 0.000        ; 0.036      ; 0.601      ;
; 0.482 ; lcddin_mod:lcd_display|data_counter[0]             ; lcddin_mod:lcd_display|data_counter[2]             ; lcddin_mod:lcd_display|clk_16ms ; lcddin_mod:lcd_display|clk_16ms ; 0.000        ; 0.037      ; 0.603      ;
; 0.484 ; lcddin_mod:lcd_display|command_counter[0]          ; lcddin_mod:lcd_display|data[3]                     ; lcddin_mod:lcd_display|clk_16ms ; lcddin_mod:lcd_display|clk_16ms ; 0.000        ; 0.036      ; 0.604      ;
; 0.488 ; lcddin_mod:lcd_display|fsm_state.WR_STATIC_TEXT_1L ; lcddin_mod:lcd_display|data[4]                     ; lcddin_mod:lcd_display|clk_16ms ; lcddin_mod:lcd_display|clk_16ms ; 0.000        ; 0.037      ; 0.609      ;
; 0.492 ; lcddin_mod:lcd_display|data_counter[3]             ; lcddin_mod:lcd_display|data[2]                     ; lcddin_mod:lcd_display|clk_16ms ; lcddin_mod:lcd_display|clk_16ms ; 0.000        ; 0.037      ; 0.613      ;
; 0.493 ; lcddin_mod:lcd_display|fsm_state.WR_STATIC_TEXT_2L ; lcddin_mod:lcd_display|fsm_state.IDLE              ; lcddin_mod:lcd_display|clk_16ms ; lcddin_mod:lcd_display|clk_16ms ; 0.000        ; 0.038      ; 0.615      ;
; 0.495 ; lcddin_mod:lcd_display|command_counter[0]          ; lcddin_mod:lcd_display|command_counter[2]          ; lcddin_mod:lcd_display|clk_16ms ; lcddin_mod:lcd_display|clk_16ms ; 0.000        ; 0.037      ; 0.616      ;
; 0.506 ; lcddin_mod:lcd_display|text[12][3]                 ; lcddin_mod:lcd_display|data[3]                     ; clk                             ; lcddin_mod:lcd_display|clk_16ms ; 0.000        ; 0.126      ; 0.746      ;
; 0.512 ; lcddin_mod:lcd_display|text[13][3]                 ; lcddin_mod:lcd_display|data[3]                     ; clk                             ; lcddin_mod:lcd_display|clk_16ms ; 0.000        ; 0.126      ; 0.752      ;
; 0.517 ; lcddin_mod:lcd_display|fsm_state.IDLE              ; lcddin_mod:lcd_display|command_counter[2]          ; lcddin_mod:lcd_display|clk_16ms ; lcddin_mod:lcd_display|clk_16ms ; 0.000        ; 0.038      ; 0.639      ;
; 0.518 ; lcddin_mod:lcd_display|fsm_state.IDLE              ; lcddin_mod:lcd_display|data_counter[4]             ; lcddin_mod:lcd_display|clk_16ms ; lcddin_mod:lcd_display|clk_16ms ; 0.000        ; 0.037      ; 0.639      ;
; 0.518 ; lcddin_mod:lcd_display|fsm_state.IDLE              ; lcddin_mod:lcd_display|data_counter[3]             ; lcddin_mod:lcd_display|clk_16ms ; lcddin_mod:lcd_display|clk_16ms ; 0.000        ; 0.037      ; 0.639      ;
; 0.518 ; lcddin_mod:lcd_display|fsm_state.IDLE              ; lcddin_mod:lcd_display|data_counter[2]             ; lcddin_mod:lcd_display|clk_16ms ; lcddin_mod:lcd_display|clk_16ms ; 0.000        ; 0.037      ; 0.639      ;
; 0.518 ; lcddin_mod:lcd_display|fsm_state.IDLE              ; lcddin_mod:lcd_display|data_counter[1]             ; lcddin_mod:lcd_display|clk_16ms ; lcddin_mod:lcd_display|clk_16ms ; 0.000        ; 0.037      ; 0.639      ;
; 0.518 ; lcddin_mod:lcd_display|fsm_state.IDLE              ; lcddin_mod:lcd_display|data_counter[0]             ; lcddin_mod:lcd_display|clk_16ms ; lcddin_mod:lcd_display|clk_16ms ; 0.000        ; 0.037      ; 0.639      ;
; 0.525 ; lcddin_mod:lcd_display|text[10][1]                 ; lcddin_mod:lcd_display|data[1]                     ; clk                             ; lcddin_mod:lcd_display|clk_16ms ; 0.000        ; 0.127      ; 0.766      ;
; 0.526 ; lcddin_mod:lcd_display|fsm_state.WR_STATIC_TEXT_2L ; lcddin_mod:lcd_display|data[6]                     ; lcddin_mod:lcd_display|clk_16ms ; lcddin_mod:lcd_display|clk_16ms ; 0.000        ; 0.037      ; 0.647      ;
; 0.534 ; lcddin_mod:lcd_display|data_counter[3]             ; lcddin_mod:lcd_display|data[5]                     ; lcddin_mod:lcd_display|clk_16ms ; lcddin_mod:lcd_display|clk_16ms ; 0.000        ; 0.036      ; 0.654      ;
; 0.538 ; lcddin_mod:lcd_display|fsm_state.WR_STATIC_TEXT_1L ; lcddin_mod:lcd_display|data[5]                     ; lcddin_mod:lcd_display|clk_16ms ; lcddin_mod:lcd_display|clk_16ms ; 0.000        ; 0.037      ; 0.659      ;
; 0.539 ; lcddin_mod:lcd_display|data_counter[1]             ; lcddin_mod:lcd_display|data_counter[3]             ; lcddin_mod:lcd_display|clk_16ms ; lcddin_mod:lcd_display|clk_16ms ; 0.000        ; 0.037      ; 0.660      ;
; 0.542 ; lcddin_mod:lcd_display|data_counter[1]             ; lcddin_mod:lcd_display|data_counter[4]             ; lcddin_mod:lcd_display|clk_16ms ; lcddin_mod:lcd_display|clk_16ms ; 0.000        ; 0.037      ; 0.663      ;
; 0.544 ; lcddin_mod:lcd_display|data_counter[0]             ; lcddin_mod:lcd_display|fsm_state.IDLE              ; lcddin_mod:lcd_display|clk_16ms ; lcddin_mod:lcd_display|clk_16ms ; 0.000        ; 0.037      ; 0.665      ;
; 0.545 ; lcddin_mod:lcd_display|data_counter[0]             ; lcddin_mod:lcd_display|data_counter[3]             ; lcddin_mod:lcd_display|clk_16ms ; lcddin_mod:lcd_display|clk_16ms ; 0.000        ; 0.037      ; 0.666      ;
; 0.548 ; lcddin_mod:lcd_display|data_counter[0]             ; lcddin_mod:lcd_display|data_counter[4]             ; lcddin_mod:lcd_display|clk_16ms ; lcddin_mod:lcd_display|clk_16ms ; 0.000        ; 0.037      ; 0.669      ;
; 0.555 ; lcddin_mod:lcd_display|fsm_state.CONFIG_CMD1       ; lcddin_mod:lcd_display|fsm_state.CONFIG_CMD1       ; lcddin_mod:lcd_display|clk_16ms ; lcddin_mod:lcd_display|clk_16ms ; 0.000        ; 0.037      ; 0.676      ;
; 0.557 ; lcddin_mod:lcd_display|command_counter[2]          ; lcddin_mod:lcd_display|fsm_state.CONFIG_CMD1       ; lcddin_mod:lcd_display|clk_16ms ; lcddin_mod:lcd_display|clk_16ms ; 0.000        ; 0.037      ; 0.678      ;
; 0.563 ; lcddin_mod:lcd_display|data_counter[1]             ; lcddin_mod:lcd_display|data[4]                     ; lcddin_mod:lcd_display|clk_16ms ; lcddin_mod:lcd_display|clk_16ms ; 0.000        ; 0.036      ; 0.683      ;
; 0.566 ; lcddin_mod:lcd_display|command_counter[0]          ; lcddin_mod:lcd_display|fsm_state.CONFIG_CMD1       ; lcddin_mod:lcd_display|clk_16ms ; lcddin_mod:lcd_display|clk_16ms ; 0.000        ; 0.037      ; 0.687      ;
; 0.571 ; lcddin_mod:lcd_display|text[10][3]                 ; lcddin_mod:lcd_display|data[3]                     ; clk                             ; lcddin_mod:lcd_display|clk_16ms ; 0.000        ; 0.126      ; 0.811      ;
; 0.578 ; lcddin_mod:lcd_display|command_counter[1]          ; lcddin_mod:lcd_display|command_counter[2]          ; lcddin_mod:lcd_display|clk_16ms ; lcddin_mod:lcd_display|clk_16ms ; 0.000        ; 0.037      ; 0.699      ;
; 0.580 ; lcddin_mod:lcd_display|fsm_state.WR_STATIC_TEXT_1L ; lcddin_mod:lcd_display|data[6]                     ; lcddin_mod:lcd_display|clk_16ms ; lcddin_mod:lcd_display|clk_16ms ; 0.000        ; 0.037      ; 0.701      ;
; 0.583 ; lcddin_mod:lcd_display|text[10][2]                 ; lcddin_mod:lcd_display|data[2]                     ; clk                             ; lcddin_mod:lcd_display|clk_16ms ; 0.000        ; 0.134      ; 0.831      ;
; 0.583 ; lcddin_mod:lcd_display|data_counter[1]             ; lcddin_mod:lcd_display|data[5]                     ; lcddin_mod:lcd_display|clk_16ms ; lcddin_mod:lcd_display|clk_16ms ; 0.000        ; 0.036      ; 0.703      ;
; 0.594 ; lcddin_mod:lcd_display|command_counter[0]          ; lcddin_mod:lcd_display|data[0]                     ; lcddin_mod:lcd_display|clk_16ms ; lcddin_mod:lcd_display|clk_16ms ; 0.000        ; 0.037      ; 0.715      ;
; 0.600 ; lcddin_mod:lcd_display|text[7][3]                  ; lcddin_mod:lcd_display|data[3]                     ; clk                             ; lcddin_mod:lcd_display|clk_16ms ; 0.000        ; 0.126      ; 0.840      ;
; 0.605 ; lcddin_mod:lcd_display|fsm_state.CONFIG_CMD1       ; lcddin_mod:lcd_display|data[1]                     ; lcddin_mod:lcd_display|clk_16ms ; lcddin_mod:lcd_display|clk_16ms ; 0.000        ; 0.037      ; 0.726      ;
; 0.609 ; lcddin_mod:lcd_display|text[6][3]                  ; lcddin_mod:lcd_display|data[3]                     ; clk                             ; lcddin_mod:lcd_display|clk_16ms ; 0.000        ; 0.126      ; 0.849      ;
; 0.612 ; lcddin_mod:lcd_display|data_counter[0]             ; lcddin_mod:lcd_display|data[4]                     ; lcddin_mod:lcd_display|clk_16ms ; lcddin_mod:lcd_display|clk_16ms ; 0.000        ; 0.036      ; 0.732      ;
; 0.615 ; lcddin_mod:lcd_display|fsm_state.CONFIG_CMD1       ; lcddin_mod:lcd_display|data[2]                     ; lcddin_mod:lcd_display|clk_16ms ; lcddin_mod:lcd_display|clk_16ms ; 0.000        ; 0.036      ; 0.735      ;
; 0.619 ; lcddin_mod:lcd_display|data_counter[2]             ; lcddin_mod:lcd_display|fsm_state.IDLE              ; lcddin_mod:lcd_display|clk_16ms ; lcddin_mod:lcd_display|clk_16ms ; 0.000        ; 0.037      ; 0.740      ;
; 0.624 ; lcddin_mod:lcd_display|data_counter[4]             ; lcddin_mod:lcd_display|data[4]                     ; lcddin_mod:lcd_display|clk_16ms ; lcddin_mod:lcd_display|clk_16ms ; 0.000        ; 0.036      ; 0.744      ;
; 0.630 ; lcddin_mod:lcd_display|text[6][0]                  ; lcddin_mod:lcd_display|data[0]                     ; clk                             ; lcddin_mod:lcd_display|clk_16ms ; 0.000        ; 0.127      ; 0.871      ;
; 0.630 ; lcddin_mod:lcd_display|fsm_state.WR_STATIC_TEXT_2L ; lcddin_mod:lcd_display|data[0]                     ; lcddin_mod:lcd_display|clk_16ms ; lcddin_mod:lcd_display|clk_16ms ; 0.000        ; 0.039      ; 0.753      ;
; 0.631 ; lcddin_mod:lcd_display|fsm_state.WR_STATIC_TEXT_2L ; lcddin_mod:lcd_display|data[1]                     ; lcddin_mod:lcd_display|clk_16ms ; lcddin_mod:lcd_display|clk_16ms ; 0.000        ; 0.039      ; 0.754      ;
; 0.650 ; lcddin_mod:lcd_display|data_counter[3]             ; lcddin_mod:lcd_display|data[0]                     ; lcddin_mod:lcd_display|clk_16ms ; lcddin_mod:lcd_display|clk_16ms ; 0.000        ; 0.038      ; 0.772      ;
; 0.650 ; lcddin_mod:lcd_display|data_counter[3]             ; lcddin_mod:lcd_display|data[1]                     ; lcddin_mod:lcd_display|clk_16ms ; lcddin_mod:lcd_display|clk_16ms ; 0.000        ; 0.038      ; 0.772      ;
; 0.651 ; lcddin_mod:lcd_display|data_counter[3]             ; lcddin_mod:lcd_display|fsm_state.CONFIG_CMD2       ; lcddin_mod:lcd_display|clk_16ms ; lcddin_mod:lcd_display|clk_16ms ; 0.000        ; 0.036      ; 0.771      ;
; 0.654 ; lcddin_mod:lcd_display|fsm_state.WR_STATIC_TEXT_2L ; lcddin_mod:lcd_display|data[3]                     ; lcddin_mod:lcd_display|clk_16ms ; lcddin_mod:lcd_display|clk_16ms ; 0.000        ; 0.038      ; 0.776      ;
; 0.657 ; lcddin_mod:lcd_display|fsm_state.WR_STATIC_TEXT_2L ; lcddin_mod:lcd_display|data[2]                     ; lcddin_mod:lcd_display|clk_16ms ; lcddin_mod:lcd_display|clk_16ms ; 0.000        ; 0.038      ; 0.779      ;
; 0.663 ; lcddin_mod:lcd_display|data_counter[0]             ; lcddin_mod:lcd_display|data[5]                     ; lcddin_mod:lcd_display|clk_16ms ; lcddin_mod:lcd_display|clk_16ms ; 0.000        ; 0.036      ; 0.783      ;
; 0.668 ; lcddin_mod:lcd_display|fsm_state.CONFIG_CMD1       ; lcddin_mod:lcd_display|fsm_state.WR_STATIC_TEXT_1L ; lcddin_mod:lcd_display|clk_16ms ; lcddin_mod:lcd_display|clk_16ms ; 0.000        ; 0.035      ; 0.787      ;
; 0.677 ; lcddin_mod:lcd_display|command_counter[1]          ; lcddin_mod:lcd_display|data[0]                     ; lcddin_mod:lcd_display|clk_16ms ; lcddin_mod:lcd_display|clk_16ms ; 0.000        ; 0.037      ; 0.798      ;
+-------+----------------------------------------------------+----------------------------------------------------+---------------------------------+---------------------------------+--------------+------------+------------+


+------------------------------------------------------------------------------------------------------------------------------------------+
; Fast 1200mV 0C Model Hold: 'master:master|scl'                                                                                           ;
+-------+------------------------+------------------------+-------------------+-------------------+--------------+------------+------------+
; Slack ; From Node              ; To Node                ; Launch Clock      ; Latch Clock       ; Relationship ; Clock Skew ; Data Delay ;
+-------+------------------------+------------------------+-------------------+-------------------+--------------+------------+------------+
; 0.321 ; master:master|sda_en   ; listen:listen|count[0] ; clk               ; master:master|scl ; 0.000        ; 0.277      ; 0.712      ;
; 0.339 ; listen:listen|count[4] ; listen:listen|count[4] ; master:master|scl ; master:master|scl ; 0.000        ; 0.036      ; 0.459      ;
; 0.350 ; listen:listen|data[26] ; listen:listen|data[26] ; master:master|scl ; master:master|scl ; 0.000        ; 0.037      ; 0.471      ;
; 0.379 ; listen:listen|count[6] ; listen:listen|count[6] ; master:master|scl ; master:master|scl ; 0.000        ; 0.036      ; 0.499      ;
; 0.379 ; listen:listen|count[5] ; listen:listen|count[5] ; master:master|scl ; master:master|scl ; 0.000        ; 0.036      ; 0.499      ;
; 0.381 ; listen:listen|count[3] ; listen:listen|count[3] ; master:master|scl ; master:master|scl ; 0.000        ; 0.036      ; 0.501      ;
; 0.388 ; listen:listen|count[2] ; listen:listen|count[2] ; master:master|scl ; master:master|scl ; 0.000        ; 0.036      ; 0.508      ;
; 0.397 ; listen:listen|count[0] ; listen:listen|count[0] ; master:master|scl ; master:master|scl ; 0.000        ; 0.036      ; 0.517      ;
; 0.403 ; listen:listen|count[1] ; listen:listen|count[1] ; master:master|scl ; master:master|scl ; 0.000        ; 0.036      ; 0.523      ;
; 0.410 ; listen:listen|data[4]  ; listen:listen|data[4]  ; master:master|scl ; master:master|scl ; 0.000        ; 0.036      ; 0.530      ;
; 0.418 ; listen:listen|data[13] ; listen:listen|data[13] ; master:master|scl ; master:master|scl ; 0.000        ; 0.037      ; 0.539      ;
; 0.420 ; listen:listen|count[1] ; listen:listen|data[6]  ; master:master|scl ; master:master|scl ; 0.000        ; 0.225      ; 0.729      ;
; 0.420 ; listen:listen|data[11] ; listen:listen|data[11] ; master:master|scl ; master:master|scl ; 0.000        ; 0.037      ; 0.541      ;
; 0.445 ; listen:listen|data[5]  ; listen:listen|data[5]  ; master:master|scl ; master:master|scl ; 0.000        ; 0.044      ; 0.573      ;
; 0.460 ; listen:listen|data[10] ; listen:listen|data[10] ; master:master|scl ; master:master|scl ; 0.000        ; 0.037      ; 0.581      ;
; 0.464 ; listen:listen|data[15] ; listen:listen|data[15] ; master:master|scl ; master:master|scl ; 0.000        ; 0.037      ; 0.585      ;
; 0.471 ; listen:listen|data[25] ; listen:listen|data[25] ; master:master|scl ; master:master|scl ; 0.000        ; 0.037      ; 0.592      ;
; 0.473 ; master:master|sda_en   ; listen:listen|count[1] ; clk               ; master:master|scl ; 0.000        ; 0.277      ; 0.864      ;
; 0.476 ; master:master|sda_en   ; listen:listen|count[2] ; clk               ; master:master|scl ; 0.000        ; 0.277      ; 0.867      ;
; 0.497 ; listen:listen|count[4] ; listen:listen|count[5] ; master:master|scl ; master:master|scl ; 0.000        ; 0.036      ; 0.617      ;
; 0.500 ; listen:listen|count[4] ; listen:listen|count[6] ; master:master|scl ; master:master|scl ; 0.000        ; 0.036      ; 0.620      ;
; 0.525 ; listen:listen|data[16] ; listen:listen|data[16] ; master:master|scl ; master:master|scl ; 0.000        ; 0.037      ; 0.646      ;
; 0.526 ; listen:listen|data[22] ; listen:listen|data[22] ; master:master|scl ; master:master|scl ; 0.000        ; 0.037      ; 0.647      ;
; 0.527 ; listen:listen|data[20] ; listen:listen|data[20] ; master:master|scl ; master:master|scl ; 0.000        ; 0.037      ; 0.648      ;
; 0.528 ; listen:listen|data[24] ; listen:listen|data[24] ; master:master|scl ; master:master|scl ; 0.000        ; 0.037      ; 0.649      ;
; 0.528 ; listen:listen|data[14] ; listen:listen|data[14] ; master:master|scl ; master:master|scl ; 0.000        ; 0.037      ; 0.649      ;
; 0.528 ; listen:listen|count[5] ; listen:listen|count[6] ; master:master|scl ; master:master|scl ; 0.000        ; 0.036      ; 0.648      ;
; 0.530 ; listen:listen|count[3] ; listen:listen|count[4] ; master:master|scl ; master:master|scl ; 0.000        ; 0.036      ; 0.650      ;
; 0.539 ; master:master|sda_en   ; listen:listen|count[3] ; clk               ; master:master|scl ; 0.000        ; 0.277      ; 0.930      ;
; 0.542 ; master:master|sda_en   ; listen:listen|count[4] ; clk               ; master:master|scl ; 0.000        ; 0.277      ; 0.933      ;
; 0.546 ; listen:listen|count[2] ; listen:listen|count[3] ; master:master|scl ; master:master|scl ; 0.000        ; 0.036      ; 0.666      ;
; 0.547 ; listen:listen|data[17] ; listen:listen|data[17] ; master:master|scl ; master:master|scl ; 0.000        ; 0.037      ; 0.668      ;
; 0.548 ; listen:listen|data[21] ; listen:listen|data[21] ; master:master|scl ; master:master|scl ; 0.000        ; 0.037      ; 0.669      ;
; 0.549 ; listen:listen|count[2] ; listen:listen|count[4] ; master:master|scl ; master:master|scl ; 0.000        ; 0.036      ; 0.669      ;
; 0.550 ; listen:listen|count[0] ; listen:listen|count[1] ; master:master|scl ; master:master|scl ; 0.000        ; 0.036      ; 0.670      ;
; 0.552 ; listen:listen|count[1] ; listen:listen|count[2] ; master:master|scl ; master:master|scl ; 0.000        ; 0.036      ; 0.672      ;
; 0.553 ; listen:listen|count[0] ; listen:listen|count[2] ; master:master|scl ; master:master|scl ; 0.000        ; 0.036      ; 0.673      ;
; 0.580 ; listen:listen|data[19] ; listen:listen|data[19] ; master:master|scl ; master:master|scl ; 0.000        ; 0.037      ; 0.701      ;
; 0.585 ; listen:listen|data[23] ; listen:listen|data[23] ; master:master|scl ; master:master|scl ; 0.000        ; 0.037      ; 0.706      ;
; 0.593 ; listen:listen|count[3] ; listen:listen|count[5] ; master:master|scl ; master:master|scl ; 0.000        ; 0.036      ; 0.713      ;
; 0.596 ; listen:listen|count[3] ; listen:listen|count[6] ; master:master|scl ; master:master|scl ; 0.000        ; 0.036      ; 0.716      ;
; 0.600 ; listen:listen|count[1] ; listen:listen|data[24] ; master:master|scl ; master:master|scl ; 0.000        ; 0.037      ; 0.721      ;
; 0.601 ; listen:listen|count[2] ; listen:listen|data[13] ; master:master|scl ; master:master|scl ; 0.000        ; 0.036      ; 0.721      ;
; 0.605 ; master:master|sda_en   ; listen:listen|count[5] ; clk               ; master:master|scl ; 0.000        ; 0.277      ; 0.996      ;
; 0.605 ; listen:listen|data[8]  ; listen:listen|data[8]  ; master:master|scl ; master:master|scl ; 0.000        ; 0.036      ; 0.725      ;
; 0.608 ; master:master|sda_en   ; listen:listen|count[6] ; clk               ; master:master|scl ; 0.000        ; 0.277      ; 0.999      ;
; 0.612 ; listen:listen|count[2] ; listen:listen|count[5] ; master:master|scl ; master:master|scl ; 0.000        ; 0.036      ; 0.732      ;
; 0.614 ; listen:listen|data[3]  ; listen:listen|data[3]  ; master:master|scl ; master:master|scl ; 0.000        ; 0.036      ; 0.734      ;
; 0.615 ; listen:listen|count[1] ; listen:listen|count[3] ; master:master|scl ; master:master|scl ; 0.000        ; 0.036      ; 0.735      ;
; 0.615 ; listen:listen|count[2] ; listen:listen|count[6] ; master:master|scl ; master:master|scl ; 0.000        ; 0.036      ; 0.735      ;
; 0.616 ; listen:listen|count[0] ; listen:listen|count[3] ; master:master|scl ; master:master|scl ; 0.000        ; 0.036      ; 0.736      ;
; 0.618 ; listen:listen|data[6]  ; listen:listen|data[6]  ; master:master|scl ; master:master|scl ; 0.000        ; 0.044      ; 0.746      ;
; 0.618 ; listen:listen|count[1] ; listen:listen|count[4] ; master:master|scl ; master:master|scl ; 0.000        ; 0.036      ; 0.738      ;
; 0.619 ; listen:listen|count[2] ; listen:listen|data[25] ; master:master|scl ; master:master|scl ; 0.000        ; 0.036      ; 0.739      ;
; 0.619 ; listen:listen|count[0] ; listen:listen|count[4] ; master:master|scl ; master:master|scl ; 0.000        ; 0.036      ; 0.739      ;
; 0.621 ; listen:listen|count[2] ; listen:listen|data[17] ; master:master|scl ; master:master|scl ; 0.000        ; 0.036      ; 0.741      ;
; 0.632 ; listen:listen|count[2] ; listen:listen|data[6]  ; master:master|scl ; master:master|scl ; 0.000        ; 0.225      ; 0.941      ;
; 0.645 ; listen:listen|count[6] ; listen:listen|count[2] ; master:master|scl ; master:master|scl ; 0.000        ; 0.036      ; 0.765      ;
; 0.645 ; listen:listen|count[6] ; listen:listen|count[1] ; master:master|scl ; master:master|scl ; 0.000        ; 0.036      ; 0.765      ;
; 0.645 ; listen:listen|count[6] ; listen:listen|count[0] ; master:master|scl ; master:master|scl ; 0.000        ; 0.036      ; 0.765      ;
; 0.645 ; listen:listen|count[6] ; listen:listen|count[3] ; master:master|scl ; master:master|scl ; 0.000        ; 0.036      ; 0.765      ;
; 0.645 ; listen:listen|count[6] ; listen:listen|count[4] ; master:master|scl ; master:master|scl ; 0.000        ; 0.036      ; 0.765      ;
; 0.645 ; listen:listen|count[6] ; listen:listen|count[5] ; master:master|scl ; master:master|scl ; 0.000        ; 0.036      ; 0.765      ;
; 0.672 ; listen:listen|count[0] ; listen:listen|data[6]  ; master:master|scl ; master:master|scl ; 0.000        ; 0.225      ; 0.981      ;
; 0.680 ; listen:listen|count[1] ; listen:listen|data[5]  ; master:master|scl ; master:master|scl ; 0.000        ; 0.225      ; 0.989      ;
; 0.681 ; listen:listen|count[1] ; listen:listen|count[5] ; master:master|scl ; master:master|scl ; 0.000        ; 0.036      ; 0.801      ;
; 0.682 ; listen:listen|count[4] ; listen:listen|data[6]  ; master:master|scl ; master:master|scl ; 0.000        ; 0.225      ; 0.991      ;
; 0.682 ; listen:listen|count[0] ; listen:listen|count[5] ; master:master|scl ; master:master|scl ; 0.000        ; 0.036      ; 0.802      ;
; 0.683 ; listen:listen|count[1] ; listen:listen|data[26] ; master:master|scl ; master:master|scl ; 0.000        ; 0.037      ; 0.804      ;
; 0.684 ; listen:listen|count[1] ; listen:listen|data[4]  ; master:master|scl ; master:master|scl ; 0.000        ; 0.037      ; 0.805      ;
; 0.684 ; listen:listen|count[1] ; listen:listen|count[6] ; master:master|scl ; master:master|scl ; 0.000        ; 0.036      ; 0.804      ;
; 0.685 ; listen:listen|count[0] ; listen:listen|data[5]  ; master:master|scl ; master:master|scl ; 0.000        ; 0.225      ; 0.994      ;
; 0.685 ; listen:listen|count[0] ; listen:listen|count[6] ; master:master|scl ; master:master|scl ; 0.000        ; 0.036      ; 0.805      ;
; 0.687 ; listen:listen|count[4] ; listen:listen|data[11] ; master:master|scl ; master:master|scl ; 0.000        ; 0.037      ; 0.808      ;
; 0.691 ; master:master|sda_en   ; listen:listen|data[6]  ; clk               ; master:master|scl ; 0.000        ; 0.466      ; 1.271      ;
; 0.691 ; listen:listen|data[18] ; listen:listen|data[18] ; master:master|scl ; master:master|scl ; 0.000        ; 0.037      ; 0.812      ;
; 0.691 ; listen:listen|count[5] ; listen:listen|count[2] ; master:master|scl ; master:master|scl ; 0.000        ; 0.036      ; 0.811      ;
; 0.691 ; listen:listen|count[5] ; listen:listen|count[1] ; master:master|scl ; master:master|scl ; 0.000        ; 0.036      ; 0.811      ;
; 0.691 ; listen:listen|count[5] ; listen:listen|count[0] ; master:master|scl ; master:master|scl ; 0.000        ; 0.036      ; 0.811      ;
; 0.691 ; listen:listen|count[5] ; listen:listen|count[3] ; master:master|scl ; master:master|scl ; 0.000        ; 0.036      ; 0.811      ;
; 0.691 ; listen:listen|count[5] ; listen:listen|count[4] ; master:master|scl ; master:master|scl ; 0.000        ; 0.036      ; 0.811      ;
; 0.704 ; listen:listen|count[4] ; listen:listen|count[2] ; master:master|scl ; master:master|scl ; 0.000        ; 0.036      ; 0.824      ;
; 0.704 ; listen:listen|count[4] ; listen:listen|count[1] ; master:master|scl ; master:master|scl ; 0.000        ; 0.036      ; 0.824      ;
; 0.704 ; listen:listen|count[4] ; listen:listen|count[0] ; master:master|scl ; master:master|scl ; 0.000        ; 0.036      ; 0.824      ;
; 0.704 ; listen:listen|count[4] ; listen:listen|count[3] ; master:master|scl ; master:master|scl ; 0.000        ; 0.036      ; 0.824      ;
; 0.724 ; listen:listen|count[2] ; listen:listen|data[5]  ; master:master|scl ; master:master|scl ; 0.000        ; 0.225      ; 1.033      ;
; 0.729 ; listen:listen|count[2] ; listen:listen|data[21] ; master:master|scl ; master:master|scl ; 0.000        ; 0.037      ; 0.850      ;
; 0.742 ; listen:listen|count[4] ; listen:listen|data[25] ; master:master|scl ; master:master|scl ; 0.000        ; 0.036      ; 0.862      ;
; 0.743 ; listen:listen|count[4] ; listen:listen|data[17] ; master:master|scl ; master:master|scl ; 0.000        ; 0.036      ; 0.863      ;
; 0.762 ; listen:listen|count[4] ; listen:listen|data[13] ; master:master|scl ; master:master|scl ; 0.000        ; 0.036      ; 0.882      ;
; 0.769 ; listen:listen|count[4] ; listen:listen|data[16] ; master:master|scl ; master:master|scl ; 0.000        ; 0.037      ; 0.890      ;
; 0.774 ; listen:listen|data[9]  ; listen:listen|data[9]  ; master:master|scl ; master:master|scl ; 0.000        ; 0.036      ; 0.894      ;
; 0.775 ; listen:listen|count[5] ; listen:listen|data[6]  ; master:master|scl ; master:master|scl ; 0.000        ; 0.225      ; 1.084      ;
; 0.780 ; listen:listen|count[0] ; listen:listen|data[16] ; master:master|scl ; master:master|scl ; 0.000        ; 0.037      ; 0.901      ;
; 0.783 ; listen:listen|count[0] ; listen:listen|data[14] ; master:master|scl ; master:master|scl ; 0.000        ; 0.037      ; 0.904      ;
; 0.786 ; listen:listen|count[0] ; listen:listen|data[22] ; master:master|scl ; master:master|scl ; 0.000        ; 0.037      ; 0.907      ;
; 0.813 ; listen:listen|count[4] ; listen:listen|data[19] ; master:master|scl ; master:master|scl ; 0.000        ; 0.037      ; 0.934      ;
; 0.814 ; listen:listen|count[4] ; listen:listen|data[21] ; master:master|scl ; master:master|scl ; 0.000        ; 0.037      ; 0.935      ;
; 0.814 ; listen:listen|count[4] ; listen:listen|data[5]  ; master:master|scl ; master:master|scl ; 0.000        ; 0.225      ; 1.123      ;
; 0.819 ; listen:listen|count[2] ; listen:listen|data[4]  ; master:master|scl ; master:master|scl ; 0.000        ; 0.037      ; 0.940      ;
+-------+------------------------+------------------------+-------------------+-------------------+--------------+------------+------------+


----------------------------------------------
; Fast 1200mV 0C Model Metastability Summary ;
----------------------------------------------
No synchronizer chains to report.


+-------------------------------------------------------------------------------------------------+
; Multicorner Timing Analysis Summary                                                             ;
+----------------------------------+-----------+-------+----------+---------+---------------------+
; Clock                            ; Setup     ; Hold  ; Recovery ; Removal ; Minimum Pulse Width ;
+----------------------------------+-----------+-------+----------+---------+---------------------+
; Worst-case Slack                 ; -28.244   ; 0.152 ; N/A      ; N/A     ; -3.000              ;
;  beg_com:beg_com|beg             ; -1.012    ; 0.152 ; N/A      ; N/A     ; -1.487              ;
;  clk                             ; -28.244   ; 0.178 ; N/A      ; N/A     ; -3.000              ;
;  lcddin_mod:lcd_display|clk_16ms ; -2.800    ; 0.186 ; N/A      ; N/A     ; -1.487              ;
;  master:master|scl               ; -2.801    ; 0.321 ; N/A      ; N/A     ; -1.487              ;
; Design-wide TNS                  ; -1366.549 ; 0.0   ; 0.0      ; 0.0     ; -298.913            ;
;  beg_com:beg_com|beg             ; -8.626    ; 0.000 ; N/A      ; N/A     ; -35.688             ;
;  clk                             ; -1258.131 ; 0.000 ; N/A      ; N/A     ; -184.414            ;
;  lcddin_mod:lcd_display|clk_16ms ; -31.421   ; 0.000 ; N/A      ; N/A     ; -32.714             ;
;  master:master|scl               ; -69.508   ; 0.000 ; N/A      ; N/A     ; -46.097             ;
+----------------------------------+-----------+-------+----------+---------+---------------------+


+------------------------------------------------------------------------------------------------------------------------------------------------------------------------------------------------------------------------------------------------------------------------------------------------------------------------------------------------------------------------------------------------------------------+
; Board Trace Model Assignments                                                                                                                                                                                                                                                                                                                                                                                    ;
+---------------+--------------+-------------------+-------------------------+-------------------------+---------------+---------------------+----------------+------------------+--------+------------------+------------------------+------------------------+--------------+---------------+-----------------+-------+---------------------+--------------------+---------------+-----------------+-------------+
; Pin           ; I/O Standard ; Near Tline Length ; Near Tline L per Length ; Near Tline C per Length ; Near Series R ; Near Differential R ; Near Pull-up R ; Near Pull-down R ; Near C ; Far Tline Length ; Far Tline L per Length ; Far Tline C per Length ; Far Series R ; Far Pull-up R ; Far Pull-down R ; Far C ; Termination Voltage ; Far Differential R ; EBD File Name ; EBD Signal Name ; EBD Far-end ;
+---------------+--------------+-------------------+-------------------------+-------------------------+---------------+---------------------+----------------+------------------+--------+------------------+------------------------+------------------------+--------------+---------------+-----------------+-------+---------------------+--------------------+---------------+-----------------+-------------+
; scl           ; 2.5 V        ; 0 in              ; 0 H/in                  ; 0 F/in                  ; short         ; -                   ; open           ; open             ; open   ; 0 in             ; 0 H/in                 ; 0 F/in                 ; short        ; open          ; open            ; open  ; 0 V                 ; -                  ; n/a           ; n/a             ; n/a         ;
; data[0]       ; 2.5 V        ; 0 in              ; 0 H/in                  ; 0 F/in                  ; short         ; -                   ; open           ; open             ; open   ; 0 in             ; 0 H/in                 ; 0 F/in                 ; short        ; open          ; open            ; open  ; 0 V                 ; -                  ; n/a           ; n/a             ; n/a         ;
; data[1]       ; 2.5 V        ; 0 in              ; 0 H/in                  ; 0 F/in                  ; short         ; -                   ; open           ; open             ; open   ; 0 in             ; 0 H/in                 ; 0 F/in                 ; short        ; open          ; open            ; open  ; 0 V                 ; -                  ; n/a           ; n/a             ; n/a         ;
; data[2]       ; 2.5 V        ; 0 in              ; 0 H/in                  ; 0 F/in                  ; short         ; -                   ; open           ; open             ; open   ; 0 in             ; 0 H/in                 ; 0 F/in                 ; short        ; open          ; open            ; open  ; 0 V                 ; -                  ; n/a           ; n/a             ; n/a         ;
; data[3]       ; 2.5 V        ; 0 in              ; 0 H/in                  ; 0 F/in                  ; short         ; -                   ; open           ; open             ; open   ; 0 in             ; 0 H/in                 ; 0 F/in                 ; short        ; open          ; open            ; open  ; 0 V                 ; -                  ; n/a           ; n/a             ; n/a         ;
; data[4]       ; 2.5 V        ; 0 in              ; 0 H/in                  ; 0 F/in                  ; short         ; -                   ; open           ; open             ; open   ; 0 in             ; 0 H/in                 ; 0 F/in                 ; short        ; open          ; open            ; open  ; 0 V                 ; -                  ; n/a           ; n/a             ; n/a         ;
; data[5]       ; 2.5 V        ; 0 in              ; 0 H/in                  ; 0 F/in                  ; short         ; -                   ; open           ; open             ; open   ; 0 in             ; 0 H/in                 ; 0 F/in                 ; short        ; open          ; open            ; open  ; 0 V                 ; -                  ; n/a           ; n/a             ; n/a         ;
; data[6]       ; 2.5 V        ; 0 in              ; 0 H/in                  ; 0 F/in                  ; short         ; -                   ; open           ; open             ; open   ; 0 in             ; 0 H/in                 ; 0 F/in                 ; short        ; open          ; open            ; open  ; 0 V                 ; -                  ; n/a           ; n/a             ; n/a         ;
; data[7]       ; 2.5 V        ; 0 in              ; 0 H/in                  ; 0 F/in                  ; short         ; -                   ; open           ; open             ; open   ; 0 in             ; 0 H/in                 ; 0 F/in                 ; short        ; open          ; open            ; open  ; 0 V                 ; -                  ; n/a           ; n/a             ; n/a         ;
; rs            ; 2.5 V        ; 0 in              ; 0 H/in                  ; 0 F/in                  ; short         ; -                   ; open           ; open             ; open   ; 0 in             ; 0 H/in                 ; 0 F/in                 ; short        ; open          ; open            ; open  ; 0 V                 ; -                  ; n/a           ; n/a             ; n/a         ;
; rw            ; 2.5 V        ; 0 in              ; 0 H/in                  ; 0 F/in                  ; short         ; -                   ; open           ; open             ; open   ; 0 in             ; 0 H/in                 ; 0 F/in                 ; short        ; open          ; open            ; open  ; 0 V                 ; -                  ; n/a           ; n/a             ; n/a         ;
; enable        ; 2.5 V        ; 0 in              ; 0 H/in                  ; 0 F/in                  ; short         ; -                   ; open           ; open             ; open   ; 0 in             ; 0 H/in                 ; 0 F/in                 ; short        ; open          ; open            ; open  ; 0 V                 ; -                  ; n/a           ; n/a             ; n/a         ;
; leds[0]       ; 2.5 V        ; 0 in              ; 0 H/in                  ; 0 F/in                  ; short         ; -                   ; open           ; open             ; open   ; 0 in             ; 0 H/in                 ; 0 F/in                 ; short        ; open          ; open            ; open  ; 0 V                 ; -                  ; n/a           ; n/a             ; n/a         ;
; leds[1]       ; 2.5 V        ; 0 in              ; 0 H/in                  ; 0 F/in                  ; short         ; -                   ; open           ; open             ; open   ; 0 in             ; 0 H/in                 ; 0 F/in                 ; short        ; open          ; open            ; open  ; 0 V                 ; -                  ; n/a           ; n/a             ; n/a         ;
; leds[2]       ; 2.5 V        ; 0 in              ; 0 H/in                  ; 0 F/in                  ; short         ; -                   ; open           ; open             ; open   ; 0 in             ; 0 H/in                 ; 0 F/in                 ; short        ; open          ; open            ; open  ; 0 V                 ; -                  ; n/a           ; n/a             ; n/a         ;
; leds[3]       ; 2.5 V        ; 0 in              ; 0 H/in                  ; 0 F/in                  ; short         ; -                   ; open           ; open             ; open   ; 0 in             ; 0 H/in                 ; 0 F/in                 ; short        ; open          ; open            ; open  ; 0 V                 ; -                  ; n/a           ; n/a             ; n/a         ;
; leds[4]       ; 2.5 V        ; 0 in              ; 0 H/in                  ; 0 F/in                  ; short         ; -                   ; open           ; open             ; open   ; 0 in             ; 0 H/in                 ; 0 F/in                 ; short        ; open          ; open            ; open  ; 0 V                 ; -                  ; n/a           ; n/a             ; n/a         ;
; leds[5]       ; 2.5 V        ; 0 in              ; 0 H/in                  ; 0 F/in                  ; short         ; -                   ; open           ; open             ; open   ; 0 in             ; 0 H/in                 ; 0 F/in                 ; short        ; open          ; open            ; open  ; 0 V                 ; -                  ; n/a           ; n/a             ; n/a         ;
; leds[6]       ; 2.5 V        ; 0 in              ; 0 H/in                  ; 0 F/in                  ; short         ; -                   ; open           ; open             ; open   ; 0 in             ; 0 H/in                 ; 0 F/in                 ; short        ; open          ; open            ; open  ; 0 V                 ; -                  ; n/a           ; n/a             ; n/a         ;
; buzzer        ; 2.5 V        ; 0 in              ; 0 H/in                  ; 0 F/in                  ; short         ; -                   ; open           ; open             ; open   ; 0 in             ; 0 H/in                 ; 0 F/in                 ; short        ; open          ; open            ; open  ; 0 V                 ; -                  ; n/a           ; n/a             ; n/a         ;
; sda           ; 2.5 V        ; 0 in              ; 0 H/in                  ; 0 F/in                  ; short         ; -                   ; open           ; open             ; open   ; 0 in             ; 0 H/in                 ; 0 F/in                 ; short        ; open          ; open            ; open  ; 0 V                 ; -                  ; n/a           ; n/a             ; n/a         ;
; ~ALTERA_DCLK~ ; 2.5 V        ; 0 in              ; 0 H/in                  ; 0 F/in                  ; short         ; -                   ; open           ; open             ; open   ; 0 in             ; 0 H/in                 ; 0 F/in                 ; short        ; open          ; open            ; open  ; 0 V                 ; -                  ; n/a           ; n/a             ; n/a         ;
+---------------+--------------+-------------------+-------------------------+-------------------------+---------------+---------------------+----------------+------------------+--------+------------------+------------------------+------------------------+--------------+---------------+-----------------+-------+---------------------+--------------------+---------------+-----------------+-------------+


+----------------------------------------------------------------------------+
; Input Transition Times                                                     ;
+-------------------------+--------------+-----------------+-----------------+
; Pin                     ; I/O Standard ; 10-90 Rise Time ; 90-10 Fall Time ;
+-------------------------+--------------+-----------------+-----------------+
; sda                     ; 2.5 V        ; 2000 ps         ; 2000 ps         ;
; clk                     ; 2.5 V        ; 2000 ps         ; 2000 ps         ;
; ~ALTERA_ASDO_DATA1~     ; 2.5 V        ; 2000 ps         ; 2000 ps         ;
; ~ALTERA_FLASH_nCE_nCSO~ ; 2.5 V        ; 2000 ps         ; 2000 ps         ;
; ~ALTERA_DATA0~          ; 2.5 V        ; 2000 ps         ; 2000 ps         ;
+-------------------------+--------------+-----------------+-----------------+


+--------------------------------------------------------------------------------------------------------------------------------------------------------------------------------------------------------------------------------------------------------------------------------------------------------------------------------------------------------------------------------------------------------------------------------------------------------------------------------------------------------------------------------------------------------------------------------------------------------------------------------------------------------------------------------------------+
; Signal Integrity Metrics (Slow 1200mv 0c Model)                                                                                                                                                                                                                                                                                                                                                                                                                                                                                                                                                                                                                                            ;
+---------------+--------------+---------------------+---------------------+------------------------------+------------------------------+---------------------+---------------------+--------------------------------------+--------------------------------------+-----------------------------+-----------------------------+----------------------------+----------------------------+-----------------------------+-----------------------------+--------------------+--------------------+-------------------------------------+-------------------------------------+----------------------------+----------------------------+---------------------------+---------------------------+
; Pin           ; I/O Standard ; Board Delay on Rise ; Board Delay on Fall ; Steady State Voh at FPGA Pin ; Steady State Vol at FPGA Pin ; Voh Max at FPGA Pin ; Vol Min at FPGA Pin ; Ringback Voltage on Rise at FPGA Pin ; Ringback Voltage on Fall at FPGA Pin ; 10-90 Rise Time at FPGA Pin ; 90-10 Fall Time at FPGA Pin ; Monotonic Rise at FPGA Pin ; Monotonic Fall at FPGA Pin ; Steady State Voh at Far-end ; Steady State Vol at Far-end ; Voh Max at Far-end ; Vol Min at Far-end ; Ringback Voltage on Rise at Far-end ; Ringback Voltage on Fall at Far-end ; 10-90 Rise Time at Far-end ; 90-10 Fall Time at Far-end ; Monotonic Rise at Far-end ; Monotonic Fall at Far-end ;
+---------------+--------------+---------------------+---------------------+------------------------------+------------------------------+---------------------+---------------------+--------------------------------------+--------------------------------------+-----------------------------+-----------------------------+----------------------------+----------------------------+-----------------------------+-----------------------------+--------------------+--------------------+-------------------------------------+-------------------------------------+----------------------------+----------------------------+---------------------------+---------------------------+
; scl           ; 2.5 V        ; 0 s                 ; 0 s                 ; 2.32 V                       ; 2.07e-09 V                   ; 2.36 V              ; -0.00737 V          ; 0.209 V                              ; 0.012 V                              ; 5.22e-10 s                  ; 5.33e-10 s                  ; Yes                        ; Yes                        ; 2.32 V                      ; 2.07e-09 V                  ; 2.36 V             ; -0.00737 V         ; 0.209 V                             ; 0.012 V                             ; 5.22e-10 s                 ; 5.33e-10 s                 ; Yes                       ; Yes                       ;
; data[0]       ; 2.5 V        ; 0 s                 ; 0 s                 ; 2.32 V                       ; 2.07e-09 V                   ; 2.36 V              ; -0.00737 V          ; 0.209 V                              ; 0.012 V                              ; 5.22e-10 s                  ; 5.33e-10 s                  ; Yes                        ; Yes                        ; 2.32 V                      ; 2.07e-09 V                  ; 2.36 V             ; -0.00737 V         ; 0.209 V                             ; 0.012 V                             ; 5.22e-10 s                 ; 5.33e-10 s                 ; Yes                       ; Yes                       ;
; data[1]       ; 2.5 V        ; 0 s                 ; 0 s                 ; 2.32 V                       ; 2.07e-09 V                   ; 2.36 V              ; -0.00737 V          ; 0.209 V                              ; 0.012 V                              ; 5.22e-10 s                  ; 5.33e-10 s                  ; Yes                        ; Yes                        ; 2.32 V                      ; 2.07e-09 V                  ; 2.36 V             ; -0.00737 V         ; 0.209 V                             ; 0.012 V                             ; 5.22e-10 s                 ; 5.33e-10 s                 ; Yes                       ; Yes                       ;
; data[2]       ; 2.5 V        ; 0 s                 ; 0 s                 ; 2.32 V                       ; 2.07e-09 V                   ; 2.38 V              ; -0.0073 V           ; 0.097 V                              ; 0.018 V                              ; 4.24e-10 s                  ; 3.65e-10 s                  ; No                         ; Yes                        ; 2.32 V                      ; 2.07e-09 V                  ; 2.38 V             ; -0.0073 V          ; 0.097 V                             ; 0.018 V                             ; 4.24e-10 s                 ; 3.65e-10 s                 ; No                        ; Yes                       ;
; data[3]       ; 2.5 V        ; 0 s                 ; 0 s                 ; 2.32 V                       ; 2.07e-09 V                   ; 2.33 V              ; -0.00421 V          ; 0.165 V                              ; 0.078 V                              ; 3.11e-09 s                  ; 2.85e-09 s                  ; Yes                        ; Yes                        ; 2.32 V                      ; 2.07e-09 V                  ; 2.33 V             ; -0.00421 V         ; 0.165 V                             ; 0.078 V                             ; 3.11e-09 s                 ; 2.85e-09 s                 ; Yes                       ; Yes                       ;
; data[4]       ; 2.5 V        ; 0 s                 ; 0 s                 ; 2.32 V                       ; 2.07e-09 V                   ; 2.36 V              ; -0.00737 V          ; 0.209 V                              ; 0.012 V                              ; 5.22e-10 s                  ; 5.33e-10 s                  ; Yes                        ; Yes                        ; 2.32 V                      ; 2.07e-09 V                  ; 2.36 V             ; -0.00737 V         ; 0.209 V                             ; 0.012 V                             ; 5.22e-10 s                 ; 5.33e-10 s                 ; Yes                       ; Yes                       ;
; data[5]       ; 2.5 V        ; 0 s                 ; 0 s                 ; 2.32 V                       ; 2.8e-09 V                    ; 2.37 V              ; -0.00373 V          ; 0.104 V                              ; 0.011 V                              ; 4.34e-10 s                  ; 3.82e-10 s                  ; Yes                        ; Yes                        ; 2.32 V                      ; 2.8e-09 V                   ; 2.37 V             ; -0.00373 V         ; 0.104 V                             ; 0.011 V                             ; 4.34e-10 s                 ; 3.82e-10 s                 ; Yes                       ; Yes                       ;
; data[6]       ; 2.5 V        ; 0 s                 ; 0 s                 ; 2.32 V                       ; 2.8e-09 V                    ; 2.37 V              ; -0.00373 V          ; 0.104 V                              ; 0.011 V                              ; 4.34e-10 s                  ; 3.82e-10 s                  ; Yes                        ; Yes                        ; 2.32 V                      ; 2.8e-09 V                   ; 2.37 V             ; -0.00373 V         ; 0.104 V                             ; 0.011 V                             ; 4.34e-10 s                 ; 3.82e-10 s                 ; Yes                       ; Yes                       ;
; data[7]       ; 2.5 V        ; 0 s                 ; 0 s                 ; 2.32 V                       ; 2.8e-09 V                    ; 2.37 V              ; -0.00373 V          ; 0.104 V                              ; 0.011 V                              ; 4.34e-10 s                  ; 3.82e-10 s                  ; Yes                        ; Yes                        ; 2.32 V                      ; 2.8e-09 V                   ; 2.37 V             ; -0.00373 V         ; 0.104 V                             ; 0.011 V                             ; 4.34e-10 s                 ; 3.82e-10 s                 ; Yes                       ; Yes                       ;
; rs            ; 2.5 V        ; 0 s                 ; 0 s                 ; 2.32 V                       ; 2.07e-09 V                   ; 2.36 V              ; -0.00737 V          ; 0.209 V                              ; 0.012 V                              ; 5.22e-10 s                  ; 5.33e-10 s                  ; Yes                        ; Yes                        ; 2.32 V                      ; 2.07e-09 V                  ; 2.36 V             ; -0.00737 V         ; 0.209 V                             ; 0.012 V                             ; 5.22e-10 s                 ; 5.33e-10 s                 ; Yes                       ; Yes                       ;
; rw            ; 2.5 V        ; 0 s                 ; 0 s                 ; 2.32 V                       ; 2.07e-09 V                   ; 2.36 V              ; -0.00737 V          ; 0.209 V                              ; 0.012 V                              ; 5.22e-10 s                  ; 5.33e-10 s                  ; Yes                        ; Yes                        ; 2.32 V                      ; 2.07e-09 V                  ; 2.36 V             ; -0.00737 V         ; 0.209 V                             ; 0.012 V                             ; 5.22e-10 s                 ; 5.33e-10 s                 ; Yes                       ; Yes                       ;
; enable        ; 2.5 V        ; 0 s                 ; 0 s                 ; 2.32 V                       ; 2.07e-09 V                   ; 2.38 V              ; -0.0073 V           ; 0.097 V                              ; 0.018 V                              ; 4.24e-10 s                  ; 3.65e-10 s                  ; No                         ; Yes                        ; 2.32 V                      ; 2.07e-09 V                  ; 2.38 V             ; -0.0073 V          ; 0.097 V                             ; 0.018 V                             ; 4.24e-10 s                 ; 3.65e-10 s                 ; No                        ; Yes                       ;
; leds[0]       ; 2.5 V        ; 0 s                 ; 0 s                 ; 2.32 V                       ; 2.8e-09 V                    ; 2.37 V              ; -0.00373 V          ; 0.104 V                              ; 0.011 V                              ; 4.34e-10 s                  ; 3.82e-10 s                  ; Yes                        ; Yes                        ; 2.32 V                      ; 2.8e-09 V                   ; 2.37 V             ; -0.00373 V         ; 0.104 V                             ; 0.011 V                             ; 4.34e-10 s                 ; 3.82e-10 s                 ; Yes                       ; Yes                       ;
; leds[1]       ; 2.5 V        ; 0 s                 ; 0 s                 ; 2.32 V                       ; 2.07e-09 V                   ; 2.38 V              ; -0.0073 V           ; 0.097 V                              ; 0.018 V                              ; 4.24e-10 s                  ; 3.65e-10 s                  ; No                         ; Yes                        ; 2.32 V                      ; 2.07e-09 V                  ; 2.38 V             ; -0.0073 V          ; 0.097 V                             ; 0.018 V                             ; 4.24e-10 s                 ; 3.65e-10 s                 ; No                        ; Yes                       ;
; leds[2]       ; 2.5 V        ; 0 s                 ; 0 s                 ; 2.32 V                       ; 2.07e-09 V                   ; 2.38 V              ; -0.0073 V           ; 0.097 V                              ; 0.018 V                              ; 4.24e-10 s                  ; 3.65e-10 s                  ; No                         ; Yes                        ; 2.32 V                      ; 2.07e-09 V                  ; 2.38 V             ; -0.0073 V          ; 0.097 V                             ; 0.018 V                             ; 4.24e-10 s                 ; 3.65e-10 s                 ; No                        ; Yes                       ;
; leds[3]       ; 2.5 V        ; 0 s                 ; 0 s                 ; 2.32 V                       ; 2.07e-09 V                   ; 2.33 V              ; -0.00421 V          ; 0.165 V                              ; 0.078 V                              ; 3.11e-09 s                  ; 2.85e-09 s                  ; Yes                        ; Yes                        ; 2.32 V                      ; 2.07e-09 V                  ; 2.33 V             ; -0.00421 V         ; 0.165 V                             ; 0.078 V                             ; 3.11e-09 s                 ; 2.85e-09 s                 ; Yes                       ; Yes                       ;
; leds[4]       ; 2.5 V        ; 0 s                 ; 0 s                 ; 2.32 V                       ; 2.07e-09 V                   ; 2.38 V              ; -0.0073 V           ; 0.097 V                              ; 0.018 V                              ; 4.24e-10 s                  ; 3.65e-10 s                  ; No                         ; Yes                        ; 2.32 V                      ; 2.07e-09 V                  ; 2.38 V             ; -0.0073 V          ; 0.097 V                             ; 0.018 V                             ; 4.24e-10 s                 ; 3.65e-10 s                 ; No                        ; Yes                       ;
; leds[5]       ; 2.5 V        ; 0 s                 ; 0 s                 ; 2.32 V                       ; 2.07e-09 V                   ; 2.36 V              ; -0.00737 V          ; 0.209 V                              ; 0.012 V                              ; 5.22e-10 s                  ; 5.33e-10 s                  ; Yes                        ; Yes                        ; 2.32 V                      ; 2.07e-09 V                  ; 2.36 V             ; -0.00737 V         ; 0.209 V                             ; 0.012 V                             ; 5.22e-10 s                 ; 5.33e-10 s                 ; Yes                       ; Yes                       ;
; leds[6]       ; 2.5 V        ; 0 s                 ; 0 s                 ; 2.32 V                       ; 2.07e-09 V                   ; 2.38 V              ; -0.0073 V           ; 0.097 V                              ; 0.018 V                              ; 4.24e-10 s                  ; 3.65e-10 s                  ; No                         ; Yes                        ; 2.32 V                      ; 2.07e-09 V                  ; 2.38 V             ; -0.0073 V          ; 0.097 V                             ; 0.018 V                             ; 4.24e-10 s                 ; 3.65e-10 s                 ; No                        ; Yes                       ;
; buzzer        ; 2.5 V        ; 0 s                 ; 0 s                 ; 2.32 V                       ; 2.8e-09 V                    ; 2.37 V              ; -0.00373 V          ; 0.104 V                              ; 0.011 V                              ; 4.34e-10 s                  ; 3.82e-10 s                  ; Yes                        ; Yes                        ; 2.32 V                      ; 2.8e-09 V                   ; 2.37 V             ; -0.00373 V         ; 0.104 V                             ; 0.011 V                             ; 4.34e-10 s                 ; 3.82e-10 s                 ; Yes                       ; Yes                       ;
; sda           ; 2.5 V        ; 0 s                 ; 0 s                 ; 2.32 V                       ; 2.07e-09 V                   ; 2.38 V              ; -0.0073 V           ; 0.097 V                              ; 0.018 V                              ; 4.24e-10 s                  ; 3.65e-10 s                  ; No                         ; Yes                        ; 2.32 V                      ; 2.07e-09 V                  ; 2.38 V             ; -0.0073 V          ; 0.097 V                             ; 0.018 V                             ; 4.24e-10 s                 ; 3.65e-10 s                 ; No                        ; Yes                       ;
; ~ALTERA_DCLK~ ; 2.5 V        ; 0 s                 ; 0 s                 ; 2.32 V                       ; 1.74e-09 V                   ; 2.37 V              ; -0.0346 V           ; 0.198 V                              ; 0.094 V                              ; 3.14e-10 s                  ; 2.92e-10 s                  ; Yes                        ; Yes                        ; 2.32 V                      ; 1.74e-09 V                  ; 2.37 V             ; -0.0346 V          ; 0.198 V                             ; 0.094 V                             ; 3.14e-10 s                 ; 2.92e-10 s                 ; Yes                       ; Yes                       ;
+---------------+--------------+---------------------+---------------------+------------------------------+------------------------------+---------------------+---------------------+--------------------------------------+--------------------------------------+-----------------------------+-----------------------------+----------------------------+----------------------------+-----------------------------+-----------------------------+--------------------+--------------------+-------------------------------------+-------------------------------------+----------------------------+----------------------------+---------------------------+---------------------------+


+--------------------------------------------------------------------------------------------------------------------------------------------------------------------------------------------------------------------------------------------------------------------------------------------------------------------------------------------------------------------------------------------------------------------------------------------------------------------------------------------------------------------------------------------------------------------------------------------------------------------------------------------------------------------------------------------+
; Signal Integrity Metrics (Slow 1200mv 85c Model)                                                                                                                                                                                                                                                                                                                                                                                                                                                                                                                                                                                                                                           ;
+---------------+--------------+---------------------+---------------------+------------------------------+------------------------------+---------------------+---------------------+--------------------------------------+--------------------------------------+-----------------------------+-----------------------------+----------------------------+----------------------------+-----------------------------+-----------------------------+--------------------+--------------------+-------------------------------------+-------------------------------------+----------------------------+----------------------------+---------------------------+---------------------------+
; Pin           ; I/O Standard ; Board Delay on Rise ; Board Delay on Fall ; Steady State Voh at FPGA Pin ; Steady State Vol at FPGA Pin ; Voh Max at FPGA Pin ; Vol Min at FPGA Pin ; Ringback Voltage on Rise at FPGA Pin ; Ringback Voltage on Fall at FPGA Pin ; 10-90 Rise Time at FPGA Pin ; 90-10 Fall Time at FPGA Pin ; Monotonic Rise at FPGA Pin ; Monotonic Fall at FPGA Pin ; Steady State Voh at Far-end ; Steady State Vol at Far-end ; Voh Max at Far-end ; Vol Min at Far-end ; Ringback Voltage on Rise at Far-end ; Ringback Voltage on Fall at Far-end ; 10-90 Rise Time at Far-end ; 90-10 Fall Time at Far-end ; Monotonic Rise at Far-end ; Monotonic Fall at Far-end ;
+---------------+--------------+---------------------+---------------------+------------------------------+------------------------------+---------------------+---------------------+--------------------------------------+--------------------------------------+-----------------------------+-----------------------------+----------------------------+----------------------------+-----------------------------+-----------------------------+--------------------+--------------------+-------------------------------------+-------------------------------------+----------------------------+----------------------------+---------------------------+---------------------------+
; scl           ; 2.5 V        ; 0 s                 ; 0 s                 ; 2.32 V                       ; 1.93e-07 V                   ; 2.34 V              ; -0.00869 V          ; 0.14 V                               ; 0.046 V                              ; 6.89e-10 s                  ; 6.56e-10 s                  ; Yes                        ; Yes                        ; 2.32 V                      ; 1.93e-07 V                  ; 2.34 V             ; -0.00869 V         ; 0.14 V                              ; 0.046 V                             ; 6.89e-10 s                 ; 6.56e-10 s                 ; Yes                       ; Yes                       ;
; data[0]       ; 2.5 V        ; 0 s                 ; 0 s                 ; 2.32 V                       ; 1.93e-07 V                   ; 2.34 V              ; -0.00869 V          ; 0.14 V                               ; 0.046 V                              ; 6.89e-10 s                  ; 6.56e-10 s                  ; Yes                        ; Yes                        ; 2.32 V                      ; 1.93e-07 V                  ; 2.34 V             ; -0.00869 V         ; 0.14 V                              ; 0.046 V                             ; 6.89e-10 s                 ; 6.56e-10 s                 ; Yes                       ; Yes                       ;
; data[1]       ; 2.5 V        ; 0 s                 ; 0 s                 ; 2.32 V                       ; 1.93e-07 V                   ; 2.34 V              ; -0.00869 V          ; 0.14 V                               ; 0.046 V                              ; 6.89e-10 s                  ; 6.56e-10 s                  ; Yes                        ; Yes                        ; 2.32 V                      ; 1.93e-07 V                  ; 2.34 V             ; -0.00869 V         ; 0.14 V                              ; 0.046 V                             ; 6.89e-10 s                 ; 6.56e-10 s                 ; Yes                       ; Yes                       ;
; data[2]       ; 2.5 V        ; 0 s                 ; 0 s                 ; 2.32 V                       ; 1.93e-07 V                   ; 2.35 V              ; -0.00834 V          ; 0.127 V                              ; 0.035 V                              ; 4.7e-10 s                   ; 4.64e-10 s                  ; Yes                        ; Yes                        ; 2.32 V                      ; 1.93e-07 V                  ; 2.35 V             ; -0.00834 V         ; 0.127 V                             ; 0.035 V                             ; 4.7e-10 s                  ; 4.64e-10 s                 ; Yes                       ; Yes                       ;
; data[3]       ; 2.5 V        ; 0 s                 ; 0 s                 ; 2.32 V                       ; 1.93e-07 V                   ; 2.33 V              ; -0.0022 V           ; 0.088 V                              ; 0.056 V                              ; 3.76e-09 s                  ; 3.48e-09 s                  ; Yes                        ; Yes                        ; 2.32 V                      ; 1.93e-07 V                  ; 2.33 V             ; -0.0022 V          ; 0.088 V                             ; 0.056 V                             ; 3.76e-09 s                 ; 3.48e-09 s                 ; Yes                       ; Yes                       ;
; data[4]       ; 2.5 V        ; 0 s                 ; 0 s                 ; 2.32 V                       ; 1.93e-07 V                   ; 2.34 V              ; -0.00869 V          ; 0.14 V                               ; 0.046 V                              ; 6.89e-10 s                  ; 6.56e-10 s                  ; Yes                        ; Yes                        ; 2.32 V                      ; 1.93e-07 V                  ; 2.34 V             ; -0.00869 V         ; 0.14 V                              ; 0.046 V                             ; 6.89e-10 s                 ; 6.56e-10 s                 ; Yes                       ; Yes                       ;
; data[5]       ; 2.5 V        ; 0 s                 ; 0 s                 ; 2.32 V                       ; 2.85e-07 V                   ; 2.35 V              ; -0.0123 V           ; 0.144 V                              ; 0.042 V                              ; 4.81e-10 s                  ; 4.81e-10 s                  ; Yes                        ; Yes                        ; 2.32 V                      ; 2.85e-07 V                  ; 2.35 V             ; -0.0123 V          ; 0.144 V                             ; 0.042 V                             ; 4.81e-10 s                 ; 4.81e-10 s                 ; Yes                       ; Yes                       ;
; data[6]       ; 2.5 V        ; 0 s                 ; 0 s                 ; 2.32 V                       ; 2.85e-07 V                   ; 2.35 V              ; -0.0123 V           ; 0.144 V                              ; 0.042 V                              ; 4.81e-10 s                  ; 4.81e-10 s                  ; Yes                        ; Yes                        ; 2.32 V                      ; 2.85e-07 V                  ; 2.35 V             ; -0.0123 V          ; 0.144 V                             ; 0.042 V                             ; 4.81e-10 s                 ; 4.81e-10 s                 ; Yes                       ; Yes                       ;
; data[7]       ; 2.5 V        ; 0 s                 ; 0 s                 ; 2.32 V                       ; 2.85e-07 V                   ; 2.35 V              ; -0.0123 V           ; 0.144 V                              ; 0.042 V                              ; 4.81e-10 s                  ; 4.81e-10 s                  ; Yes                        ; Yes                        ; 2.32 V                      ; 2.85e-07 V                  ; 2.35 V             ; -0.0123 V          ; 0.144 V                             ; 0.042 V                             ; 4.81e-10 s                 ; 4.81e-10 s                 ; Yes                       ; Yes                       ;
; rs            ; 2.5 V        ; 0 s                 ; 0 s                 ; 2.32 V                       ; 1.93e-07 V                   ; 2.34 V              ; -0.00869 V          ; 0.14 V                               ; 0.046 V                              ; 6.89e-10 s                  ; 6.56e-10 s                  ; Yes                        ; Yes                        ; 2.32 V                      ; 1.93e-07 V                  ; 2.34 V             ; -0.00869 V         ; 0.14 V                              ; 0.046 V                             ; 6.89e-10 s                 ; 6.56e-10 s                 ; Yes                       ; Yes                       ;
; rw            ; 2.5 V        ; 0 s                 ; 0 s                 ; 2.32 V                       ; 1.93e-07 V                   ; 2.34 V              ; -0.00869 V          ; 0.14 V                               ; 0.046 V                              ; 6.89e-10 s                  ; 6.56e-10 s                  ; Yes                        ; Yes                        ; 2.32 V                      ; 1.93e-07 V                  ; 2.34 V             ; -0.00869 V         ; 0.14 V                              ; 0.046 V                             ; 6.89e-10 s                 ; 6.56e-10 s                 ; Yes                       ; Yes                       ;
; enable        ; 2.5 V        ; 0 s                 ; 0 s                 ; 2.32 V                       ; 1.93e-07 V                   ; 2.35 V              ; -0.00834 V          ; 0.127 V                              ; 0.035 V                              ; 4.7e-10 s                   ; 4.64e-10 s                  ; Yes                        ; Yes                        ; 2.32 V                      ; 1.93e-07 V                  ; 2.35 V             ; -0.00834 V         ; 0.127 V                             ; 0.035 V                             ; 4.7e-10 s                  ; 4.64e-10 s                 ; Yes                       ; Yes                       ;
; leds[0]       ; 2.5 V        ; 0 s                 ; 0 s                 ; 2.32 V                       ; 2.85e-07 V                   ; 2.35 V              ; -0.0123 V           ; 0.144 V                              ; 0.042 V                              ; 4.81e-10 s                  ; 4.81e-10 s                  ; Yes                        ; Yes                        ; 2.32 V                      ; 2.85e-07 V                  ; 2.35 V             ; -0.0123 V          ; 0.144 V                             ; 0.042 V                             ; 4.81e-10 s                 ; 4.81e-10 s                 ; Yes                       ; Yes                       ;
; leds[1]       ; 2.5 V        ; 0 s                 ; 0 s                 ; 2.32 V                       ; 1.93e-07 V                   ; 2.35 V              ; -0.00834 V          ; 0.127 V                              ; 0.035 V                              ; 4.7e-10 s                   ; 4.64e-10 s                  ; Yes                        ; Yes                        ; 2.32 V                      ; 1.93e-07 V                  ; 2.35 V             ; -0.00834 V         ; 0.127 V                             ; 0.035 V                             ; 4.7e-10 s                  ; 4.64e-10 s                 ; Yes                       ; Yes                       ;
; leds[2]       ; 2.5 V        ; 0 s                 ; 0 s                 ; 2.32 V                       ; 1.93e-07 V                   ; 2.35 V              ; -0.00834 V          ; 0.127 V                              ; 0.035 V                              ; 4.7e-10 s                   ; 4.64e-10 s                  ; Yes                        ; Yes                        ; 2.32 V                      ; 1.93e-07 V                  ; 2.35 V             ; -0.00834 V         ; 0.127 V                             ; 0.035 V                             ; 4.7e-10 s                  ; 4.64e-10 s                 ; Yes                       ; Yes                       ;
; leds[3]       ; 2.5 V        ; 0 s                 ; 0 s                 ; 2.32 V                       ; 1.93e-07 V                   ; 2.33 V              ; -0.0022 V           ; 0.088 V                              ; 0.056 V                              ; 3.76e-09 s                  ; 3.48e-09 s                  ; Yes                        ; Yes                        ; 2.32 V                      ; 1.93e-07 V                  ; 2.33 V             ; -0.0022 V          ; 0.088 V                             ; 0.056 V                             ; 3.76e-09 s                 ; 3.48e-09 s                 ; Yes                       ; Yes                       ;
; leds[4]       ; 2.5 V        ; 0 s                 ; 0 s                 ; 2.32 V                       ; 1.93e-07 V                   ; 2.35 V              ; -0.00834 V          ; 0.127 V                              ; 0.035 V                              ; 4.7e-10 s                   ; 4.64e-10 s                  ; Yes                        ; Yes                        ; 2.32 V                      ; 1.93e-07 V                  ; 2.35 V             ; -0.00834 V         ; 0.127 V                             ; 0.035 V                             ; 4.7e-10 s                  ; 4.64e-10 s                 ; Yes                       ; Yes                       ;
; leds[5]       ; 2.5 V        ; 0 s                 ; 0 s                 ; 2.32 V                       ; 1.93e-07 V                   ; 2.34 V              ; -0.00869 V          ; 0.14 V                               ; 0.046 V                              ; 6.89e-10 s                  ; 6.56e-10 s                  ; Yes                        ; Yes                        ; 2.32 V                      ; 1.93e-07 V                  ; 2.34 V             ; -0.00869 V         ; 0.14 V                              ; 0.046 V                             ; 6.89e-10 s                 ; 6.56e-10 s                 ; Yes                       ; Yes                       ;
; leds[6]       ; 2.5 V        ; 0 s                 ; 0 s                 ; 2.32 V                       ; 1.93e-07 V                   ; 2.35 V              ; -0.00834 V          ; 0.127 V                              ; 0.035 V                              ; 4.7e-10 s                   ; 4.64e-10 s                  ; Yes                        ; Yes                        ; 2.32 V                      ; 1.93e-07 V                  ; 2.35 V             ; -0.00834 V         ; 0.127 V                             ; 0.035 V                             ; 4.7e-10 s                  ; 4.64e-10 s                 ; Yes                       ; Yes                       ;
; buzzer        ; 2.5 V        ; 0 s                 ; 0 s                 ; 2.32 V                       ; 2.85e-07 V                   ; 2.35 V              ; -0.0123 V           ; 0.144 V                              ; 0.042 V                              ; 4.81e-10 s                  ; 4.81e-10 s                  ; Yes                        ; Yes                        ; 2.32 V                      ; 2.85e-07 V                  ; 2.35 V             ; -0.0123 V          ; 0.144 V                             ; 0.042 V                             ; 4.81e-10 s                 ; 4.81e-10 s                 ; Yes                       ; Yes                       ;
; sda           ; 2.5 V        ; 0 s                 ; 0 s                 ; 2.32 V                       ; 1.93e-07 V                   ; 2.35 V              ; -0.00834 V          ; 0.127 V                              ; 0.035 V                              ; 4.7e-10 s                   ; 4.64e-10 s                  ; Yes                        ; Yes                        ; 2.32 V                      ; 1.93e-07 V                  ; 2.35 V             ; -0.00834 V         ; 0.127 V                             ; 0.035 V                             ; 4.7e-10 s                  ; 4.64e-10 s                 ; Yes                       ; Yes                       ;
; ~ALTERA_DCLK~ ; 2.5 V        ; 0 s                 ; 0 s                 ; 2.32 V                       ; 1.55e-07 V                   ; 2.35 V              ; -0.00221 V          ; 0.097 V                              ; 0.005 V                              ; 4.49e-10 s                  ; 3.85e-10 s                  ; Yes                        ; Yes                        ; 2.32 V                      ; 1.55e-07 V                  ; 2.35 V             ; -0.00221 V         ; 0.097 V                             ; 0.005 V                             ; 4.49e-10 s                 ; 3.85e-10 s                 ; Yes                       ; Yes                       ;
+---------------+--------------+---------------------+---------------------+------------------------------+------------------------------+---------------------+---------------------+--------------------------------------+--------------------------------------+-----------------------------+-----------------------------+----------------------------+----------------------------+-----------------------------+-----------------------------+--------------------+--------------------+-------------------------------------+-------------------------------------+----------------------------+----------------------------+---------------------------+---------------------------+


+--------------------------------------------------------------------------------------------------------------------------------------------------------------------------------------------------------------------------------------------------------------------------------------------------------------------------------------------------------------------------------------------------------------------------------------------------------------------------------------------------------------------------------------------------------------------------------------------------------------------------------------------------------------------------------------------+
; Signal Integrity Metrics (Fast 1200mv 0c Model)                                                                                                                                                                                                                                                                                                                                                                                                                                                                                                                                                                                                                                            ;
+---------------+--------------+---------------------+---------------------+------------------------------+------------------------------+---------------------+---------------------+--------------------------------------+--------------------------------------+-----------------------------+-----------------------------+----------------------------+----------------------------+-----------------------------+-----------------------------+--------------------+--------------------+-------------------------------------+-------------------------------------+----------------------------+----------------------------+---------------------------+---------------------------+
; Pin           ; I/O Standard ; Board Delay on Rise ; Board Delay on Fall ; Steady State Voh at FPGA Pin ; Steady State Vol at FPGA Pin ; Voh Max at FPGA Pin ; Vol Min at FPGA Pin ; Ringback Voltage on Rise at FPGA Pin ; Ringback Voltage on Fall at FPGA Pin ; 10-90 Rise Time at FPGA Pin ; 90-10 Fall Time at FPGA Pin ; Monotonic Rise at FPGA Pin ; Monotonic Fall at FPGA Pin ; Steady State Voh at Far-end ; Steady State Vol at Far-end ; Voh Max at Far-end ; Vol Min at Far-end ; Ringback Voltage on Rise at Far-end ; Ringback Voltage on Fall at Far-end ; 10-90 Rise Time at Far-end ; 90-10 Fall Time at Far-end ; Monotonic Rise at Far-end ; Monotonic Fall at Far-end ;
+---------------+--------------+---------------------+---------------------+------------------------------+------------------------------+---------------------+---------------------+--------------------------------------+--------------------------------------+-----------------------------+-----------------------------+----------------------------+----------------------------+-----------------------------+-----------------------------+--------------------+--------------------+-------------------------------------+-------------------------------------+----------------------------+----------------------------+---------------------------+---------------------------+
; scl           ; 2.5 V        ; 0 s                 ; 0 s                 ; 2.62 V                       ; 2.74e-08 V                   ; 2.71 V              ; -0.0317 V           ; 0.148 V                              ; 0.064 V                              ; 4.51e-10 s                  ; 4.15e-10 s                  ; No                         ; Yes                        ; 2.62 V                      ; 2.74e-08 V                  ; 2.71 V             ; -0.0317 V          ; 0.148 V                             ; 0.064 V                             ; 4.51e-10 s                 ; 4.15e-10 s                 ; No                        ; Yes                       ;
; data[0]       ; 2.5 V        ; 0 s                 ; 0 s                 ; 2.62 V                       ; 2.74e-08 V                   ; 2.71 V              ; -0.0317 V           ; 0.148 V                              ; 0.064 V                              ; 4.51e-10 s                  ; 4.15e-10 s                  ; No                         ; Yes                        ; 2.62 V                      ; 2.74e-08 V                  ; 2.71 V             ; -0.0317 V          ; 0.148 V                             ; 0.064 V                             ; 4.51e-10 s                 ; 4.15e-10 s                 ; No                        ; Yes                       ;
; data[1]       ; 2.5 V        ; 0 s                 ; 0 s                 ; 2.62 V                       ; 2.74e-08 V                   ; 2.71 V              ; -0.0317 V           ; 0.148 V                              ; 0.064 V                              ; 4.51e-10 s                  ; 4.15e-10 s                  ; No                         ; Yes                        ; 2.62 V                      ; 2.74e-08 V                  ; 2.71 V             ; -0.0317 V          ; 0.148 V                             ; 0.064 V                             ; 4.51e-10 s                 ; 4.15e-10 s                 ; No                        ; Yes                       ;
; data[2]       ; 2.5 V        ; 0 s                 ; 0 s                 ; 2.62 V                       ; 2.74e-08 V                   ; 2.73 V              ; -0.0384 V           ; 0.169 V                              ; 0.089 V                              ; 2.7e-10 s                   ; 2.62e-10 s                  ; Yes                        ; Yes                        ; 2.62 V                      ; 2.74e-08 V                  ; 2.73 V             ; -0.0384 V          ; 0.169 V                             ; 0.089 V                             ; 2.7e-10 s                  ; 2.62e-10 s                 ; Yes                       ; Yes                       ;
; data[3]       ; 2.5 V        ; 0 s                 ; 0 s                 ; 2.62 V                       ; 2.74e-08 V                   ; 2.64 V              ; -0.0117 V           ; 0.202 V                              ; 0.176 V                              ; 2.38e-09 s                  ; 2.22e-09 s                  ; No                         ; Yes                        ; 2.62 V                      ; 2.74e-08 V                  ; 2.64 V             ; -0.0117 V          ; 0.202 V                             ; 0.176 V                             ; 2.38e-09 s                 ; 2.22e-09 s                 ; No                        ; Yes                       ;
; data[4]       ; 2.5 V        ; 0 s                 ; 0 s                 ; 2.62 V                       ; 2.74e-08 V                   ; 2.71 V              ; -0.0317 V           ; 0.148 V                              ; 0.064 V                              ; 4.51e-10 s                  ; 4.15e-10 s                  ; No                         ; Yes                        ; 2.62 V                      ; 2.74e-08 V                  ; 2.71 V             ; -0.0317 V          ; 0.148 V                             ; 0.064 V                             ; 4.51e-10 s                 ; 4.15e-10 s                 ; No                        ; Yes                       ;
; data[5]       ; 2.5 V        ; 0 s                 ; 0 s                 ; 2.62 V                       ; 4.05e-08 V                   ; 2.72 V              ; -0.0349 V           ; 0.173 V                              ; 0.1 V                                ; 2.72e-10 s                  ; 2.69e-10 s                  ; Yes                        ; Yes                        ; 2.62 V                      ; 4.05e-08 V                  ; 2.72 V             ; -0.0349 V          ; 0.173 V                             ; 0.1 V                               ; 2.72e-10 s                 ; 2.69e-10 s                 ; Yes                       ; Yes                       ;
; data[6]       ; 2.5 V        ; 0 s                 ; 0 s                 ; 2.62 V                       ; 4.05e-08 V                   ; 2.72 V              ; -0.0349 V           ; 0.173 V                              ; 0.1 V                                ; 2.72e-10 s                  ; 2.69e-10 s                  ; Yes                        ; Yes                        ; 2.62 V                      ; 4.05e-08 V                  ; 2.72 V             ; -0.0349 V          ; 0.173 V                             ; 0.1 V                               ; 2.72e-10 s                 ; 2.69e-10 s                 ; Yes                       ; Yes                       ;
; data[7]       ; 2.5 V        ; 0 s                 ; 0 s                 ; 2.62 V                       ; 4.05e-08 V                   ; 2.72 V              ; -0.0349 V           ; 0.173 V                              ; 0.1 V                                ; 2.72e-10 s                  ; 2.69e-10 s                  ; Yes                        ; Yes                        ; 2.62 V                      ; 4.05e-08 V                  ; 2.72 V             ; -0.0349 V          ; 0.173 V                             ; 0.1 V                               ; 2.72e-10 s                 ; 2.69e-10 s                 ; Yes                       ; Yes                       ;
; rs            ; 2.5 V        ; 0 s                 ; 0 s                 ; 2.62 V                       ; 2.74e-08 V                   ; 2.71 V              ; -0.0317 V           ; 0.148 V                              ; 0.064 V                              ; 4.51e-10 s                  ; 4.15e-10 s                  ; No                         ; Yes                        ; 2.62 V                      ; 2.74e-08 V                  ; 2.71 V             ; -0.0317 V          ; 0.148 V                             ; 0.064 V                             ; 4.51e-10 s                 ; 4.15e-10 s                 ; No                        ; Yes                       ;
; rw            ; 2.5 V        ; 0 s                 ; 0 s                 ; 2.62 V                       ; 2.74e-08 V                   ; 2.71 V              ; -0.0317 V           ; 0.148 V                              ; 0.064 V                              ; 4.51e-10 s                  ; 4.15e-10 s                  ; No                         ; Yes                        ; 2.62 V                      ; 2.74e-08 V                  ; 2.71 V             ; -0.0317 V          ; 0.148 V                             ; 0.064 V                             ; 4.51e-10 s                 ; 4.15e-10 s                 ; No                        ; Yes                       ;
; enable        ; 2.5 V        ; 0 s                 ; 0 s                 ; 2.62 V                       ; 2.74e-08 V                   ; 2.73 V              ; -0.0384 V           ; 0.169 V                              ; 0.089 V                              ; 2.7e-10 s                   ; 2.62e-10 s                  ; Yes                        ; Yes                        ; 2.62 V                      ; 2.74e-08 V                  ; 2.73 V             ; -0.0384 V          ; 0.169 V                             ; 0.089 V                             ; 2.7e-10 s                  ; 2.62e-10 s                 ; Yes                       ; Yes                       ;
; leds[0]       ; 2.5 V        ; 0 s                 ; 0 s                 ; 2.62 V                       ; 4.05e-08 V                   ; 2.72 V              ; -0.0349 V           ; 0.173 V                              ; 0.1 V                                ; 2.72e-10 s                  ; 2.69e-10 s                  ; Yes                        ; Yes                        ; 2.62 V                      ; 4.05e-08 V                  ; 2.72 V             ; -0.0349 V          ; 0.173 V                             ; 0.1 V                               ; 2.72e-10 s                 ; 2.69e-10 s                 ; Yes                       ; Yes                       ;
; leds[1]       ; 2.5 V        ; 0 s                 ; 0 s                 ; 2.62 V                       ; 2.74e-08 V                   ; 2.73 V              ; -0.0384 V           ; 0.169 V                              ; 0.089 V                              ; 2.7e-10 s                   ; 2.62e-10 s                  ; Yes                        ; Yes                        ; 2.62 V                      ; 2.74e-08 V                  ; 2.73 V             ; -0.0384 V          ; 0.169 V                             ; 0.089 V                             ; 2.7e-10 s                  ; 2.62e-10 s                 ; Yes                       ; Yes                       ;
; leds[2]       ; 2.5 V        ; 0 s                 ; 0 s                 ; 2.62 V                       ; 2.74e-08 V                   ; 2.73 V              ; -0.0384 V           ; 0.169 V                              ; 0.089 V                              ; 2.7e-10 s                   ; 2.62e-10 s                  ; Yes                        ; Yes                        ; 2.62 V                      ; 2.74e-08 V                  ; 2.73 V             ; -0.0384 V          ; 0.169 V                             ; 0.089 V                             ; 2.7e-10 s                  ; 2.62e-10 s                 ; Yes                       ; Yes                       ;
; leds[3]       ; 2.5 V        ; 0 s                 ; 0 s                 ; 2.62 V                       ; 2.74e-08 V                   ; 2.64 V              ; -0.0117 V           ; 0.202 V                              ; 0.176 V                              ; 2.38e-09 s                  ; 2.22e-09 s                  ; No                         ; Yes                        ; 2.62 V                      ; 2.74e-08 V                  ; 2.64 V             ; -0.0117 V          ; 0.202 V                             ; 0.176 V                             ; 2.38e-09 s                 ; 2.22e-09 s                 ; No                        ; Yes                       ;
; leds[4]       ; 2.5 V        ; 0 s                 ; 0 s                 ; 2.62 V                       ; 2.74e-08 V                   ; 2.73 V              ; -0.0384 V           ; 0.169 V                              ; 0.089 V                              ; 2.7e-10 s                   ; 2.62e-10 s                  ; Yes                        ; Yes                        ; 2.62 V                      ; 2.74e-08 V                  ; 2.73 V             ; -0.0384 V          ; 0.169 V                             ; 0.089 V                             ; 2.7e-10 s                  ; 2.62e-10 s                 ; Yes                       ; Yes                       ;
; leds[5]       ; 2.5 V        ; 0 s                 ; 0 s                 ; 2.62 V                       ; 2.74e-08 V                   ; 2.71 V              ; -0.0317 V           ; 0.148 V                              ; 0.064 V                              ; 4.51e-10 s                  ; 4.15e-10 s                  ; No                         ; Yes                        ; 2.62 V                      ; 2.74e-08 V                  ; 2.71 V             ; -0.0317 V          ; 0.148 V                             ; 0.064 V                             ; 4.51e-10 s                 ; 4.15e-10 s                 ; No                        ; Yes                       ;
; leds[6]       ; 2.5 V        ; 0 s                 ; 0 s                 ; 2.62 V                       ; 2.74e-08 V                   ; 2.73 V              ; -0.0384 V           ; 0.169 V                              ; 0.089 V                              ; 2.7e-10 s                   ; 2.62e-10 s                  ; Yes                        ; Yes                        ; 2.62 V                      ; 2.74e-08 V                  ; 2.73 V             ; -0.0384 V          ; 0.169 V                             ; 0.089 V                             ; 2.7e-10 s                  ; 2.62e-10 s                 ; Yes                       ; Yes                       ;
; buzzer        ; 2.5 V        ; 0 s                 ; 0 s                 ; 2.62 V                       ; 4.05e-08 V                   ; 2.72 V              ; -0.0349 V           ; 0.173 V                              ; 0.1 V                                ; 2.72e-10 s                  ; 2.69e-10 s                  ; Yes                        ; Yes                        ; 2.62 V                      ; 4.05e-08 V                  ; 2.72 V             ; -0.0349 V          ; 0.173 V                             ; 0.1 V                               ; 2.72e-10 s                 ; 2.69e-10 s                 ; Yes                       ; Yes                       ;
; sda           ; 2.5 V        ; 0 s                 ; 0 s                 ; 2.62 V                       ; 2.74e-08 V                   ; 2.73 V              ; -0.0384 V           ; 0.169 V                              ; 0.089 V                              ; 2.7e-10 s                   ; 2.62e-10 s                  ; Yes                        ; Yes                        ; 2.62 V                      ; 2.74e-08 V                  ; 2.73 V             ; -0.0384 V          ; 0.169 V                             ; 0.089 V                             ; 2.7e-10 s                  ; 2.62e-10 s                 ; Yes                       ; Yes                       ;
; ~ALTERA_DCLK~ ; 2.5 V        ; 0 s                 ; 0 s                 ; 2.62 V                       ; 2.22e-08 V                   ; 2.74 V              ; -0.06 V             ; 0.158 V                              ; 0.08 V                               ; 2.68e-10 s                  ; 2.19e-10 s                  ; Yes                        ; Yes                        ; 2.62 V                      ; 2.22e-08 V                  ; 2.74 V             ; -0.06 V            ; 0.158 V                             ; 0.08 V                              ; 2.68e-10 s                 ; 2.19e-10 s                 ; Yes                       ; Yes                       ;
+---------------+--------------+---------------------+---------------------+------------------------------+------------------------------+---------------------+---------------------+--------------------------------------+--------------------------------------+-----------------------------+-----------------------------+----------------------------+----------------------------+-----------------------------+-----------------------------+--------------------+--------------------+-------------------------------------+-------------------------------------+----------------------------+----------------------------+---------------------------+---------------------------+


+--------------------------------------------------------------------------------------------------------------------+
; Setup Transfers                                                                                                    ;
+---------------------------------+---------------------------------+--------------+-----------+----------+----------+
; From Clock                      ; To Clock                        ; RR Paths     ; FR Paths  ; RF Paths ; FF Paths ;
+---------------------------------+---------------------------------+--------------+-----------+----------+----------+
; master:master|scl               ; beg_com:beg_com|beg             ; 0            ; 0         ; 24       ; 0        ;
; beg_com:beg_com|beg             ; clk                             ; 23           ; 545852566 ; 0        ; 0        ;
; clk                             ; clk                             ; > 2147483647 ; 0         ; 0        ; 0        ;
; lcddin_mod:lcd_display|clk_16ms ; clk                             ; 1            ; 1         ; 0        ; 0        ;
; master:master|scl               ; clk                             ; 3            ; 3         ; 0        ; 0        ;
; clk                             ; lcddin_mod:lcd_display|clk_16ms ; 26           ; 0         ; 0        ; 0        ;
; lcddin_mod:lcd_display|clk_16ms ; lcddin_mod:lcd_display|clk_16ms ; 183          ; 0         ; 0        ; 0        ;
; clk                             ; master:master|scl               ; 31           ; 0         ; 0        ; 0        ;
; master:master|scl               ; master:master|scl               ; 269          ; 0         ; 0        ; 0        ;
+---------------------------------+---------------------------------+--------------+-----------+----------+----------+
Entries labeled "false path" only account for clock-to-clock false paths and not path-based false paths. As a result, actual path counts may be lower than reported.


+--------------------------------------------------------------------------------------------------------------------+
; Hold Transfers                                                                                                     ;
+---------------------------------+---------------------------------+--------------+-----------+----------+----------+
; From Clock                      ; To Clock                        ; RR Paths     ; FR Paths  ; RF Paths ; FF Paths ;
+---------------------------------+---------------------------------+--------------+-----------+----------+----------+
; master:master|scl               ; beg_com:beg_com|beg             ; 0            ; 0         ; 24       ; 0        ;
; beg_com:beg_com|beg             ; clk                             ; 23           ; 545852566 ; 0        ; 0        ;
; clk                             ; clk                             ; > 2147483647 ; 0         ; 0        ; 0        ;
; lcddin_mod:lcd_display|clk_16ms ; clk                             ; 1            ; 1         ; 0        ; 0        ;
; master:master|scl               ; clk                             ; 3            ; 3         ; 0        ; 0        ;
; clk                             ; lcddin_mod:lcd_display|clk_16ms ; 26           ; 0         ; 0        ; 0        ;
; lcddin_mod:lcd_display|clk_16ms ; lcddin_mod:lcd_display|clk_16ms ; 183          ; 0         ; 0        ; 0        ;
; clk                             ; master:master|scl               ; 31           ; 0         ; 0        ; 0        ;
; master:master|scl               ; master:master|scl               ; 269          ; 0         ; 0        ; 0        ;
+---------------------------------+---------------------------------+--------------+-----------+----------+----------+
Entries labeled "false path" only account for clock-to-clock false paths and not path-based false paths. As a result, actual path counts may be lower than reported.


---------------
; Report TCCS ;
---------------
No dedicated SERDES Transmitter circuitry present in device or used in design


---------------
; Report RSKM ;
---------------
No non-DPA dedicated SERDES Receiver circuitry present in device or used in design


+------------------------------------------------+
; Unconstrained Paths Summary                    ;
+---------------------------------+-------+------+
; Property                        ; Setup ; Hold ;
+---------------------------------+-------+------+
; Illegal Clocks                  ; 0     ; 0    ;
; Unconstrained Clocks            ; 0     ; 0    ;
; Unconstrained Input Ports       ; 1     ; 1    ;
; Unconstrained Input Port Paths  ; 24    ; 24   ;
; Unconstrained Output Ports      ; 20    ; 20   ;
; Unconstrained Output Port Paths ; 21    ; 21   ;
+---------------------------------+-------+------+


+----------------------------------------------------------------------------------------+
; Clock Status Summary                                                                   ;
+---------------------------------+---------------------------------+------+-------------+
; Target                          ; Clock                           ; Type ; Status      ;
+---------------------------------+---------------------------------+------+-------------+
; beg_com:beg_com|beg             ; beg_com:beg_com|beg             ; Base ; Constrained ;
; clk                             ; clk                             ; Base ; Constrained ;
; lcddin_mod:lcd_display|clk_16ms ; lcddin_mod:lcd_display|clk_16ms ; Base ; Constrained ;
; master:master|scl               ; master:master|scl               ; Base ; Constrained ;
+---------------------------------+---------------------------------+------+-------------+


+---------------------------------------------------------------------------------------------------+
; Unconstrained Input Ports                                                                         ;
+------------+--------------------------------------------------------------------------------------+
; Input Port ; Comment                                                                              ;
+------------+--------------------------------------------------------------------------------------+
; sda        ; No input delay, min/max delays, false-path exceptions, or max skew assignments found ;
+------------+--------------------------------------------------------------------------------------+


+-----------------------------------------------------------------------------------------------------+
; Unconstrained Output Ports                                                                          ;
+-------------+---------------------------------------------------------------------------------------+
; Output Port ; Comment                                                                               ;
+-------------+---------------------------------------------------------------------------------------+
; buzzer      ; No output delay, min/max delays, false-path exceptions, or max skew assignments found ;
; data[0]     ; No output delay, min/max delays, false-path exceptions, or max skew assignments found ;
; data[1]     ; No output delay, min/max delays, false-path exceptions, or max skew assignments found ;
; data[2]     ; No output delay, min/max delays, false-path exceptions, or max skew assignments found ;
; data[3]     ; No output delay, min/max delays, false-path exceptions, or max skew assignments found ;
; data[4]     ; No output delay, min/max delays, false-path exceptions, or max skew assignments found ;
; data[5]     ; No output delay, min/max delays, false-path exceptions, or max skew assignments found ;
; data[6]     ; No output delay, min/max delays, false-path exceptions, or max skew assignments found ;
; data[7]     ; No output delay, min/max delays, false-path exceptions, or max skew assignments found ;
; enable      ; No output delay, min/max delays, false-path exceptions, or max skew assignments found ;
; leds[0]     ; No output delay, min/max delays, false-path exceptions, or max skew assignments found ;
; leds[1]     ; No output delay, min/max delays, false-path exceptions, or max skew assignments found ;
; leds[2]     ; No output delay, min/max delays, false-path exceptions, or max skew assignments found ;
; leds[3]     ; No output delay, min/max delays, false-path exceptions, or max skew assignments found ;
; leds[4]     ; No output delay, min/max delays, false-path exceptions, or max skew assignments found ;
; leds[5]     ; No output delay, min/max delays, false-path exceptions, or max skew assignments found ;
; leds[6]     ; No output delay, min/max delays, false-path exceptions, or max skew assignments found ;
; rs          ; No output delay, min/max delays, false-path exceptions, or max skew assignments found ;
; scl         ; No output delay, min/max delays, false-path exceptions, or max skew assignments found ;
; sda         ; No output delay, min/max delays, false-path exceptions, or max skew assignments found ;
+-------------+---------------------------------------------------------------------------------------+


+---------------------------------------------------------------------------------------------------+
; Unconstrained Input Ports                                                                         ;
+------------+--------------------------------------------------------------------------------------+
; Input Port ; Comment                                                                              ;
+------------+--------------------------------------------------------------------------------------+
; sda        ; No input delay, min/max delays, false-path exceptions, or max skew assignments found ;
+------------+--------------------------------------------------------------------------------------+


+-----------------------------------------------------------------------------------------------------+
; Unconstrained Output Ports                                                                          ;
+-------------+---------------------------------------------------------------------------------------+
; Output Port ; Comment                                                                               ;
+-------------+---------------------------------------------------------------------------------------+
; buzzer      ; No output delay, min/max delays, false-path exceptions, or max skew assignments found ;
; data[0]     ; No output delay, min/max delays, false-path exceptions, or max skew assignments found ;
; data[1]     ; No output delay, min/max delays, false-path exceptions, or max skew assignments found ;
; data[2]     ; No output delay, min/max delays, false-path exceptions, or max skew assignments found ;
; data[3]     ; No output delay, min/max delays, false-path exceptions, or max skew assignments found ;
; data[4]     ; No output delay, min/max delays, false-path exceptions, or max skew assignments found ;
; data[5]     ; No output delay, min/max delays, false-path exceptions, or max skew assignments found ;
; data[6]     ; No output delay, min/max delays, false-path exceptions, or max skew assignments found ;
; data[7]     ; No output delay, min/max delays, false-path exceptions, or max skew assignments found ;
; enable      ; No output delay, min/max delays, false-path exceptions, or max skew assignments found ;
; leds[0]     ; No output delay, min/max delays, false-path exceptions, or max skew assignments found ;
; leds[1]     ; No output delay, min/max delays, false-path exceptions, or max skew assignments found ;
; leds[2]     ; No output delay, min/max delays, false-path exceptions, or max skew assignments found ;
; leds[3]     ; No output delay, min/max delays, false-path exceptions, or max skew assignments found ;
; leds[4]     ; No output delay, min/max delays, false-path exceptions, or max skew assignments found ;
; leds[5]     ; No output delay, min/max delays, false-path exceptions, or max skew assignments found ;
; leds[6]     ; No output delay, min/max delays, false-path exceptions, or max skew assignments found ;
; rs          ; No output delay, min/max delays, false-path exceptions, or max skew assignments found ;
; scl         ; No output delay, min/max delays, false-path exceptions, or max skew assignments found ;
; sda         ; No output delay, min/max delays, false-path exceptions, or max skew assignments found ;
+-------------+---------------------------------------------------------------------------------------+


+--------------------------+
; Timing Analyzer Messages ;
+--------------------------+
Info: *******************************************************************
Info: Running Quartus Prime Timing Analyzer
    Info: Version 24.1std.0 Build 1077 03/04/2025 SC Lite Edition
    Info: Processing started: Sun Jul 20 19:52:10 2025
Info: Command: quartus_sta Quartus2 -c top
Info: qsta_default_script.tcl version: #1
Warning (18236): Number of processors has not been specified which may cause overloading on shared machines.  Set the global assignment NUM_PARALLEL_PROCESSORS in your QSF to an appropriate value for best performance.
Info (20030): Parallel compilation is enabled and will use 2 of the 2 processors detected
Info (21077): Low junction temperature is 0 degrees C
Info (21077): High junction temperature is 85 degrees C
Critical Warning (332012): Synopsys Design Constraints File file not found: 'top.sdc'. A Synopsys Design Constraints File is required by the Timing Analyzer to get proper timing constraints. Without it, the Compiler will not properly optimize the design.
Info (332142): No user constrained base clocks found in the design. Calling "derive_clocks -period 1.0"
Info (332105): Deriving Clocks
    Info (332105): create_clock -period 1.000 -name clk clk
    Info (332105): create_clock -period 1.000 -name lcddin_mod:lcd_display|clk_16ms lcddin_mod:lcd_display|clk_16ms
    Info (332105): create_clock -period 1.000 -name beg_com:beg_com|beg beg_com:beg_com|beg
    Info (332105): create_clock -period 1.000 -name master:master|scl master:master|scl
Info (332143): No user constrained clock uncertainty found in the design. Calling "derive_clock_uncertainty"
Info (332123): Deriving Clock Uncertainty. Please refer to report_sdc in the Timing Analyzer to see clock uncertainties.
Info: Found TIMING_ANALYZER_REPORT_SCRIPT_INCLUDE_DEFAULT_ANALYSIS = ON
Info: Analyzing Slow 1200mV 85C Model
Critical Warning (332148): Timing requirements not met
    Info (11105): For recommendations on closing timing, run Report Timing Closure Recommendations in the Timing Analyzer.
Info (332146): Worst-case setup slack is -28.244
    Info (332119):     Slack       End Point TNS Clock 
    Info (332119): ========= =================== =====================
    Info (332119):   -28.244           -1258.131 clk 
    Info (332119):    -2.801             -69.508 master:master|scl 
    Info (332119):    -2.800             -31.421 lcddin_mod:lcd_display|clk_16ms 
    Info (332119):    -0.948              -7.489 beg_com:beg_com|beg 
Info (332146): Worst-case hold slack is 0.277
    Info (332119):     Slack       End Point TNS Clock 
    Info (332119): ========= =================== =====================
    Info (332119):     0.277               0.000 beg_com:beg_com|beg 
    Info (332119):     0.432               0.000 clk 
    Info (332119):     0.452               0.000 lcddin_mod:lcd_display|clk_16ms 
    Info (332119):     0.727               0.000 master:master|scl 
Info (332140): No Recovery paths to report
Info (332140): No Removal paths to report
Info (332146): Worst-case minimum pulse width slack is -3.000
    Info (332119):     Slack       End Point TNS Clock 
    Info (332119): ========= =================== =====================
    Info (332119):    -3.000            -184.414 clk 
    Info (332119):    -1.487             -46.097 master:master|scl 
    Info (332119):    -1.487             -35.688 beg_com:beg_com|beg 
    Info (332119):    -1.487             -32.714 lcddin_mod:lcd_display|clk_16ms 
Info: Analyzing Slow 1200mV 0C Model
Info (334003): Started post-fitting delay annotation
Info (334004): Delay annotation completed successfully
Info (332123): Deriving Clock Uncertainty. Please refer to report_sdc in the Timing Analyzer to see clock uncertainties.
Critical Warning (332148): Timing requirements not met
    Info (11105): For recommendations on closing timing, run Report Timing Closure Recommendations in the Timing Analyzer.
Info (332146): Worst-case setup slack is -25.895
    Info (332119):     Slack       End Point TNS Clock 
    Info (332119): ========= =================== =====================
    Info (332119):   -25.895           -1143.142 clk 
    Info (332119):    -2.588             -27.802 lcddin_mod:lcd_display|clk_16ms 
    Info (332119):    -2.587             -62.956 master:master|scl 
    Info (332119):    -1.012              -8.626 beg_com:beg_com|beg 
Info (332146): Worst-case hold slack is 0.382
    Info (332119):     Slack       End Point TNS Clock 
    Info (332119): ========= =================== =====================
    Info (332119):     0.382               0.000 clk 
    Info (332119):     0.401               0.000 lcddin_mod:lcd_display|clk_16ms 
    Info (332119):     0.424               0.000 beg_com:beg_com|beg 
    Info (332119):     0.573               0.000 master:master|scl 
Info (332140): No Recovery paths to report
Info (332140): No Removal paths to report
Info (332146): Worst-case minimum pulse width slack is -3.000
    Info (332119):     Slack       End Point TNS Clock 
    Info (332119): ========= =================== =====================
    Info (332119):    -3.000            -184.414 clk 
    Info (332119):    -1.487             -46.097 master:master|scl 
    Info (332119):    -1.487             -35.688 beg_com:beg_com|beg 
    Info (332119):    -1.487             -32.714 lcddin_mod:lcd_display|clk_16ms 
Info: Analyzing Fast 1200mV 0C Model
Info (332123): Deriving Clock Uncertainty. Please refer to report_sdc in the Timing Analyzer to see clock uncertainties.
Critical Warning (332148): Timing requirements not met
    Info (11105): For recommendations on closing timing, run Report Timing Closure Recommendations in the Timing Analyzer.
Info (332146): Worst-case setup slack is -11.869
    Info (332119):     Slack       End Point TNS Clock 
    Info (332119): ========= =================== =====================
    Info (332119):   -11.869            -498.295 clk 
    Info (332119):    -0.664              -2.962 lcddin_mod:lcd_display|clk_16ms 
    Info (332119):    -0.571             -11.470 master:master|scl 
    Info (332119):     0.091               0.000 beg_com:beg_com|beg 
Info (332146): Worst-case hold slack is 0.152
    Info (332119):     Slack       End Point TNS Clock 
    Info (332119): ========= =================== =====================
    Info (332119):     0.152               0.000 beg_com:beg_com|beg 
    Info (332119):     0.178               0.000 clk 
    Info (332119):     0.186               0.000 lcddin_mod:lcd_display|clk_16ms 
    Info (332119):     0.321               0.000 master:master|scl 
Info (332140): No Recovery paths to report
Info (332140): No Removal paths to report
Info (332146): Worst-case minimum pulse width slack is -3.000
    Info (332119):     Slack       End Point TNS Clock 
    Info (332119): ========= =================== =====================
    Info (332119):    -3.000            -133.364 clk 
    Info (332119):    -1.000             -31.000 master:master|scl 
    Info (332119):    -1.000             -24.000 beg_com:beg_com|beg 
    Info (332119):    -1.000             -22.000 lcddin_mod:lcd_display|clk_16ms 
Info (332102): Design is not fully constrained for setup requirements
Info (332102): Design is not fully constrained for hold requirements
Info: Quartus Prime Timing Analyzer was successful. 0 errors, 5 warnings
    Info: Peak virtual memory: 438 megabytes
    Info: Processing ended: Sun Jul 20 19:52:21 2025
    Info: Elapsed time: 00:00:11
    Info: Total CPU time (on all processors): 00:00:12


