Timing Analyzer report for top
Wed Jul 23 17:41:30 2025
Quartus Prime Version 24.1std.0 Build 1077 03/04/2025 SC Lite Edition


---------------------
; Table of Contents ;
---------------------
  1. Legal Notice
  2. Timing Analyzer Summary
  3. Parallel Compilation
  4. Clocks
  5. Slow 1200mV 85C Model Fmax Summary
  6. Timing Closure Recommendations
  7. Slow 1200mV 85C Model Setup Summary
  8. Slow 1200mV 85C Model Hold Summary
  9. Slow 1200mV 85C Model Recovery Summary
 10. Slow 1200mV 85C Model Removal Summary
 11. Slow 1200mV 85C Model Minimum Pulse Width Summary
 12. Slow 1200mV 85C Model Setup: 'clk'
 13. Slow 1200mV 85C Model Setup: 'lcddin_mod:lcd_display|clk_16ms'
 14. Slow 1200mV 85C Model Setup: 'master:master|scl'
 15. Slow 1200mV 85C Model Setup: 'beg_com:beg_com|beg'
 16. Slow 1200mV 85C Model Hold: 'clk'
 17. Slow 1200mV 85C Model Hold: 'lcddin_mod:lcd_display|clk_16ms'
 18. Slow 1200mV 85C Model Hold: 'master:master|scl'
 19. Slow 1200mV 85C Model Hold: 'beg_com:beg_com|beg'
 20. Slow 1200mV 85C Model Metastability Summary
 21. Slow 1200mV 0C Model Fmax Summary
 22. Slow 1200mV 0C Model Setup Summary
 23. Slow 1200mV 0C Model Hold Summary
 24. Slow 1200mV 0C Model Recovery Summary
 25. Slow 1200mV 0C Model Removal Summary
 26. Slow 1200mV 0C Model Minimum Pulse Width Summary
 27. Slow 1200mV 0C Model Setup: 'clk'
 28. Slow 1200mV 0C Model Setup: 'lcddin_mod:lcd_display|clk_16ms'
 29. Slow 1200mV 0C Model Setup: 'master:master|scl'
 30. Slow 1200mV 0C Model Setup: 'beg_com:beg_com|beg'
 31. Slow 1200mV 0C Model Hold: 'clk'
 32. Slow 1200mV 0C Model Hold: 'lcddin_mod:lcd_display|clk_16ms'
 33. Slow 1200mV 0C Model Hold: 'master:master|scl'
 34. Slow 1200mV 0C Model Hold: 'beg_com:beg_com|beg'
 35. Slow 1200mV 0C Model Metastability Summary
 36. Fast 1200mV 0C Model Setup Summary
 37. Fast 1200mV 0C Model Hold Summary
 38. Fast 1200mV 0C Model Recovery Summary
 39. Fast 1200mV 0C Model Removal Summary
 40. Fast 1200mV 0C Model Minimum Pulse Width Summary
 41. Fast 1200mV 0C Model Setup: 'clk'
 42. Fast 1200mV 0C Model Setup: 'lcddin_mod:lcd_display|clk_16ms'
 43. Fast 1200mV 0C Model Setup: 'master:master|scl'
 44. Fast 1200mV 0C Model Setup: 'beg_com:beg_com|beg'
 45. Fast 1200mV 0C Model Hold: 'clk'
 46. Fast 1200mV 0C Model Hold: 'lcddin_mod:lcd_display|clk_16ms'
 47. Fast 1200mV 0C Model Hold: 'master:master|scl'
 48. Fast 1200mV 0C Model Hold: 'beg_com:beg_com|beg'
 49. Fast 1200mV 0C Model Metastability Summary
 50. Multicorner Timing Analysis Summary
 51. Board Trace Model Assignments
 52. Input Transition Times
 53. Signal Integrity Metrics (Slow 1200mv 0c Model)
 54. Signal Integrity Metrics (Slow 1200mv 85c Model)
 55. Signal Integrity Metrics (Fast 1200mv 0c Model)
 56. Setup Transfers
 57. Hold Transfers
 58. Report TCCS
 59. Report RSKM
 60. Unconstrained Paths Summary
 61. Clock Status Summary
 62. Unconstrained Input Ports
 63. Unconstrained Output Ports
 64. Unconstrained Input Ports
 65. Unconstrained Output Ports
 66. Timing Analyzer Messages



----------------
; Legal Notice ;
----------------
Copyright (C) 2025  Altera Corporation. All rights reserved.
Your use of Altera Corporation's design tools, logic functions 
and other software and tools, and any partner logic 
functions, and any output files from any of the foregoing 
(including device programming or simulation files), and any 
associated documentation or information are expressly subject 
to the terms and conditions of the Altera Program License 
Subscription Agreement, the Altera Quartus Prime License Agreement,
the Altera IP License Agreement, or other applicable license
agreement, including, without limitation, that your use is for
the sole purpose of programming logic devices manufactured by
Altera and sold by Altera or its authorized distributors.  Please
refer to the Altera Software License Subscription Agreements 
on the Quartus Prime software download page.



+---------------------------------------------------------------------------------+
; Timing Analyzer Summary                                                         ;
+-----------------------+---------------------------------------------------------+
; Quartus Prime Version ; Version 24.1std.0 Build 1077 03/04/2025 SC Lite Edition ;
; Timing Analyzer       ; Legacy Timing Analyzer                                  ;
; Revision Name         ; top                                                     ;
; Device Family         ; Cyclone IV E                                            ;
; Device Name           ; EP4CE10E22C8                                            ;
; Timing Models         ; Final                                                   ;
; Delay Model           ; Combined                                                ;
; Rise/Fall Delays      ; Enabled                                                 ;
+-----------------------+---------------------------------------------------------+


+------------------------------------------+
; Parallel Compilation                     ;
+----------------------------+-------------+
; Processors                 ; Number      ;
+----------------------------+-------------+
; Number detected on machine ; 4           ;
; Maximum allowed            ; 2           ;
;                            ;             ;
; Average used               ; 1.18        ;
; Maximum used               ; 2           ;
;                            ;             ;
; Usage by Processor         ; % Time Used ;
;     Processor 1            ; 100.0%      ;
;     Processor 2            ;  17.7%      ;
+----------------------------+-------------+


+----------------------------------------------------------------------------------------------------------------------------------------------------------------------------------------------------------------------------------+
; Clocks                                                                                                                                                                                                                           ;
+---------------------------------+------+--------+------------+-------+-------+------------+-----------+-------------+-------+--------+-----------+------------+----------+--------+--------+-------------------------------------+
; Clock Name                      ; Type ; Period ; Frequency  ; Rise  ; Fall  ; Duty Cycle ; Divide by ; Multiply by ; Phase ; Offset ; Edge List ; Edge Shift ; Inverted ; Master ; Source ; Targets                             ;
+---------------------------------+------+--------+------------+-------+-------+------------+-----------+-------------+-------+--------+-----------+------------+----------+--------+--------+-------------------------------------+
; beg_com:beg_com|beg             ; Base ; 1.000  ; 1000.0 MHz ; 0.000 ; 0.500 ;            ;           ;             ;       ;        ;           ;            ;          ;        ;        ; { beg_com:beg_com|beg }             ;
; clk                             ; Base ; 1.000  ; 1000.0 MHz ; 0.000 ; 0.500 ;            ;           ;             ;       ;        ;           ;            ;          ;        ;        ; { clk }                             ;
; lcddin_mod:lcd_display|clk_16ms ; Base ; 1.000  ; 1000.0 MHz ; 0.000 ; 0.500 ;            ;           ;             ;       ;        ;           ;            ;          ;        ;        ; { lcddin_mod:lcd_display|clk_16ms } ;
; master:master|scl               ; Base ; 1.000  ; 1000.0 MHz ; 0.000 ; 0.500 ;            ;           ;             ;       ;        ;           ;            ;          ;        ;        ; { master:master|scl }               ;
+---------------------------------+------+--------+------------+-------+-------+------------+-----------+-------------+-------+--------+-----------+------------+----------+--------+--------+-------------------------------------+


+-----------------------------------------------------------------------+
; Slow 1200mV 85C Model Fmax Summary                                    ;
+------------+-----------------+---------------------------------+------+
; Fmax       ; Restricted Fmax ; Clock Name                      ; Note ;
+------------+-----------------+---------------------------------+------+
; 34.91 MHz  ; 34.91 MHz       ; clk                             ;      ;
; 213.9 MHz  ; 213.9 MHz       ; lcddin_mod:lcd_display|clk_16ms ;      ;
; 252.65 MHz ; 252.65 MHz      ; master:master|scl               ;      ;
+------------+-----------------+---------------------------------+------+
This panel reports FMAX for every clock in the design, regardless of the user-specified clock periods.  FMAX is only computed for paths where the source and destination registers or ports are driven by the same clock.  Paths of different clocks, including generated clocks, are ignored.  For paths between a clock and its inversion, FMAX is computed as if the rising and falling edges are scaled along with FMAX, such that the duty cycle (in terms of a percentage) is maintained. Altera recommends that you always use clock constraints and other slack reports for sign-off analysis.


----------------------------------
; Timing Closure Recommendations ;
----------------------------------
HTML report is unavailable in plain text report export.


+-----------------------------------------------------------+
; Slow 1200mV 85C Model Setup Summary                       ;
+---------------------------------+---------+---------------+
; Clock                           ; Slack   ; End Point TNS ;
+---------------------------------+---------+---------------+
; clk                             ; -27.642 ; -1230.052     ;
; lcddin_mod:lcd_display|clk_16ms ; -3.675  ; -36.934       ;
; master:master|scl               ; -2.958  ; -72.941       ;
; beg_com:beg_com|beg             ; -1.556  ; -27.518       ;
+---------------------------------+---------+---------------+


+---------------------------------------------------------+
; Slow 1200mV 85C Model Hold Summary                      ;
+---------------------------------+-------+---------------+
; Clock                           ; Slack ; End Point TNS ;
+---------------------------------+-------+---------------+
; clk                             ; 0.434 ; 0.000         ;
; lcddin_mod:lcd_display|clk_16ms ; 0.434 ; 0.000         ;
; master:master|scl               ; 0.506 ; 0.000         ;
; beg_com:beg_com|beg             ; 1.186 ; 0.000         ;
+---------------------------------+-------+---------------+


------------------------------------------
; Slow 1200mV 85C Model Recovery Summary ;
------------------------------------------
No paths to report.


-----------------------------------------
; Slow 1200mV 85C Model Removal Summary ;
-----------------------------------------
No paths to report.


+----------------------------------------------------------+
; Slow 1200mV 85C Model Minimum Pulse Width Summary        ;
+---------------------------------+--------+---------------+
; Clock                           ; Slack  ; End Point TNS ;
+---------------------------------+--------+---------------+
; clk                             ; -3.000 ; -179.953      ;
; master:master|scl               ; -1.487 ; -46.097       ;
; beg_com:beg_com|beg             ; -1.487 ; -35.688       ;
; lcddin_mod:lcd_display|clk_16ms ; -1.487 ; -32.714       ;
+---------------------------------+--------+---------------+


+---------------------------------------------------------------------------------------------------------------------------------------+
; Slow 1200mV 85C Model Setup: 'clk'                                                                                                    ;
+---------+---------------------------+---------------------------+--------------+-------------+--------------+------------+------------+
; Slack   ; From Node                 ; To Node                   ; Launch Clock ; Latch Clock ; Relationship ; Clock Skew ; Data Delay ;
+---------+---------------------------+---------------------------+--------------+-------------+--------------+------------+------------+
; -27.642 ; master:master|counter[8]  ; master:master|counter[13] ; clk          ; clk         ; 1.000        ; -0.080     ; 28.563     ;
; -27.642 ; master:master|counter[8]  ; master:master|counter[7]  ; clk          ; clk         ; 1.000        ; -0.080     ; 28.563     ;
; -27.642 ; master:master|counter[8]  ; master:master|counter[8]  ; clk          ; clk         ; 1.000        ; -0.080     ; 28.563     ;
; -27.642 ; master:master|counter[8]  ; master:master|counter[9]  ; clk          ; clk         ; 1.000        ; -0.080     ; 28.563     ;
; -27.642 ; master:master|counter[8]  ; master:master|counter[10] ; clk          ; clk         ; 1.000        ; -0.080     ; 28.563     ;
; -27.642 ; master:master|counter[8]  ; master:master|counter[11] ; clk          ; clk         ; 1.000        ; -0.080     ; 28.563     ;
; -27.642 ; master:master|counter[8]  ; master:master|counter[12] ; clk          ; clk         ; 1.000        ; -0.080     ; 28.563     ;
; -27.620 ; master:master|counter[7]  ; master:master|counter[13] ; clk          ; clk         ; 1.000        ; -0.080     ; 28.541     ;
; -27.620 ; master:master|counter[7]  ; master:master|counter[7]  ; clk          ; clk         ; 1.000        ; -0.080     ; 28.541     ;
; -27.620 ; master:master|counter[7]  ; master:master|counter[8]  ; clk          ; clk         ; 1.000        ; -0.080     ; 28.541     ;
; -27.620 ; master:master|counter[7]  ; master:master|counter[9]  ; clk          ; clk         ; 1.000        ; -0.080     ; 28.541     ;
; -27.620 ; master:master|counter[7]  ; master:master|counter[10] ; clk          ; clk         ; 1.000        ; -0.080     ; 28.541     ;
; -27.620 ; master:master|counter[7]  ; master:master|counter[11] ; clk          ; clk         ; 1.000        ; -0.080     ; 28.541     ;
; -27.620 ; master:master|counter[7]  ; master:master|counter[12] ; clk          ; clk         ; 1.000        ; -0.080     ; 28.541     ;
; -27.497 ; master:master|counter[10] ; master:master|counter[13] ; clk          ; clk         ; 1.000        ; -0.080     ; 28.418     ;
; -27.497 ; master:master|counter[10] ; master:master|counter[7]  ; clk          ; clk         ; 1.000        ; -0.080     ; 28.418     ;
; -27.497 ; master:master|counter[10] ; master:master|counter[8]  ; clk          ; clk         ; 1.000        ; -0.080     ; 28.418     ;
; -27.497 ; master:master|counter[10] ; master:master|counter[9]  ; clk          ; clk         ; 1.000        ; -0.080     ; 28.418     ;
; -27.497 ; master:master|counter[10] ; master:master|counter[10] ; clk          ; clk         ; 1.000        ; -0.080     ; 28.418     ;
; -27.497 ; master:master|counter[10] ; master:master|counter[11] ; clk          ; clk         ; 1.000        ; -0.080     ; 28.418     ;
; -27.497 ; master:master|counter[10] ; master:master|counter[12] ; clk          ; clk         ; 1.000        ; -0.080     ; 28.418     ;
; -27.478 ; master:master|counter[9]  ; master:master|counter[13] ; clk          ; clk         ; 1.000        ; -0.080     ; 28.399     ;
; -27.478 ; master:master|counter[9]  ; master:master|counter[7]  ; clk          ; clk         ; 1.000        ; -0.080     ; 28.399     ;
; -27.478 ; master:master|counter[9]  ; master:master|counter[8]  ; clk          ; clk         ; 1.000        ; -0.080     ; 28.399     ;
; -27.478 ; master:master|counter[9]  ; master:master|counter[9]  ; clk          ; clk         ; 1.000        ; -0.080     ; 28.399     ;
; -27.478 ; master:master|counter[9]  ; master:master|counter[10] ; clk          ; clk         ; 1.000        ; -0.080     ; 28.399     ;
; -27.478 ; master:master|counter[9]  ; master:master|counter[11] ; clk          ; clk         ; 1.000        ; -0.080     ; 28.399     ;
; -27.478 ; master:master|counter[9]  ; master:master|counter[12] ; clk          ; clk         ; 1.000        ; -0.080     ; 28.399     ;
; -27.447 ; master:master|counter[8]  ; master:master|scl         ; clk          ; clk         ; 1.000        ; -0.082     ; 28.366     ;
; -27.425 ; master:master|counter[7]  ; master:master|scl         ; clk          ; clk         ; 1.000        ; -0.082     ; 28.344     ;
; -27.352 ; master:master|counter[12] ; master:master|counter[13] ; clk          ; clk         ; 1.000        ; -0.080     ; 28.273     ;
; -27.352 ; master:master|counter[12] ; master:master|counter[7]  ; clk          ; clk         ; 1.000        ; -0.080     ; 28.273     ;
; -27.352 ; master:master|counter[12] ; master:master|counter[8]  ; clk          ; clk         ; 1.000        ; -0.080     ; 28.273     ;
; -27.352 ; master:master|counter[12] ; master:master|counter[9]  ; clk          ; clk         ; 1.000        ; -0.080     ; 28.273     ;
; -27.352 ; master:master|counter[12] ; master:master|counter[10] ; clk          ; clk         ; 1.000        ; -0.080     ; 28.273     ;
; -27.352 ; master:master|counter[12] ; master:master|counter[11] ; clk          ; clk         ; 1.000        ; -0.080     ; 28.273     ;
; -27.352 ; master:master|counter[12] ; master:master|counter[12] ; clk          ; clk         ; 1.000        ; -0.080     ; 28.273     ;
; -27.332 ; master:master|counter[11] ; master:master|counter[13] ; clk          ; clk         ; 1.000        ; -0.080     ; 28.253     ;
; -27.332 ; master:master|counter[11] ; master:master|counter[7]  ; clk          ; clk         ; 1.000        ; -0.080     ; 28.253     ;
; -27.332 ; master:master|counter[11] ; master:master|counter[8]  ; clk          ; clk         ; 1.000        ; -0.080     ; 28.253     ;
; -27.332 ; master:master|counter[11] ; master:master|counter[9]  ; clk          ; clk         ; 1.000        ; -0.080     ; 28.253     ;
; -27.332 ; master:master|counter[11] ; master:master|counter[10] ; clk          ; clk         ; 1.000        ; -0.080     ; 28.253     ;
; -27.332 ; master:master|counter[11] ; master:master|counter[11] ; clk          ; clk         ; 1.000        ; -0.080     ; 28.253     ;
; -27.332 ; master:master|counter[11] ; master:master|counter[12] ; clk          ; clk         ; 1.000        ; -0.080     ; 28.253     ;
; -27.302 ; master:master|counter[10] ; master:master|scl         ; clk          ; clk         ; 1.000        ; -0.082     ; 28.221     ;
; -27.283 ; master:master|counter[9]  ; master:master|scl         ; clk          ; clk         ; 1.000        ; -0.082     ; 28.202     ;
; -27.197 ; master:master|counter[13] ; master:master|counter[13] ; clk          ; clk         ; 1.000        ; -0.080     ; 28.118     ;
; -27.197 ; master:master|counter[13] ; master:master|counter[7]  ; clk          ; clk         ; 1.000        ; -0.080     ; 28.118     ;
; -27.197 ; master:master|counter[13] ; master:master|counter[8]  ; clk          ; clk         ; 1.000        ; -0.080     ; 28.118     ;
; -27.197 ; master:master|counter[13] ; master:master|counter[9]  ; clk          ; clk         ; 1.000        ; -0.080     ; 28.118     ;
; -27.197 ; master:master|counter[13] ; master:master|counter[10] ; clk          ; clk         ; 1.000        ; -0.080     ; 28.118     ;
; -27.197 ; master:master|counter[13] ; master:master|counter[11] ; clk          ; clk         ; 1.000        ; -0.080     ; 28.118     ;
; -27.197 ; master:master|counter[13] ; master:master|counter[12] ; clk          ; clk         ; 1.000        ; -0.080     ; 28.118     ;
; -27.157 ; master:master|counter[12] ; master:master|scl         ; clk          ; clk         ; 1.000        ; -0.082     ; 28.076     ;
; -27.137 ; master:master|counter[11] ; master:master|scl         ; clk          ; clk         ; 1.000        ; -0.082     ; 28.056     ;
; -27.037 ; master:master|counter[8]  ; master:master|counter[6]  ; clk          ; clk         ; 1.000        ; -0.079     ; 27.959     ;
; -27.037 ; master:master|counter[8]  ; master:master|counter[0]  ; clk          ; clk         ; 1.000        ; -0.079     ; 27.959     ;
; -27.037 ; master:master|counter[8]  ; master:master|counter[1]  ; clk          ; clk         ; 1.000        ; -0.079     ; 27.959     ;
; -27.037 ; master:master|counter[8]  ; master:master|counter[2]  ; clk          ; clk         ; 1.000        ; -0.079     ; 27.959     ;
; -27.037 ; master:master|counter[8]  ; master:master|counter[3]  ; clk          ; clk         ; 1.000        ; -0.079     ; 27.959     ;
; -27.037 ; master:master|counter[8]  ; master:master|counter[4]  ; clk          ; clk         ; 1.000        ; -0.079     ; 27.959     ;
; -27.037 ; master:master|counter[8]  ; master:master|counter[5]  ; clk          ; clk         ; 1.000        ; -0.079     ; 27.959     ;
; -27.015 ; master:master|counter[7]  ; master:master|counter[6]  ; clk          ; clk         ; 1.000        ; -0.079     ; 27.937     ;
; -27.015 ; master:master|counter[7]  ; master:master|counter[0]  ; clk          ; clk         ; 1.000        ; -0.079     ; 27.937     ;
; -27.015 ; master:master|counter[7]  ; master:master|counter[1]  ; clk          ; clk         ; 1.000        ; -0.079     ; 27.937     ;
; -27.015 ; master:master|counter[7]  ; master:master|counter[2]  ; clk          ; clk         ; 1.000        ; -0.079     ; 27.937     ;
; -27.015 ; master:master|counter[7]  ; master:master|counter[3]  ; clk          ; clk         ; 1.000        ; -0.079     ; 27.937     ;
; -27.015 ; master:master|counter[7]  ; master:master|counter[4]  ; clk          ; clk         ; 1.000        ; -0.079     ; 27.937     ;
; -27.015 ; master:master|counter[7]  ; master:master|counter[5]  ; clk          ; clk         ; 1.000        ; -0.079     ; 27.937     ;
; -27.002 ; master:master|counter[13] ; master:master|scl         ; clk          ; clk         ; 1.000        ; -0.082     ; 27.921     ;
; -26.892 ; master:master|counter[10] ; master:master|counter[6]  ; clk          ; clk         ; 1.000        ; -0.079     ; 27.814     ;
; -26.892 ; master:master|counter[10] ; master:master|counter[0]  ; clk          ; clk         ; 1.000        ; -0.079     ; 27.814     ;
; -26.892 ; master:master|counter[10] ; master:master|counter[1]  ; clk          ; clk         ; 1.000        ; -0.079     ; 27.814     ;
; -26.892 ; master:master|counter[10] ; master:master|counter[2]  ; clk          ; clk         ; 1.000        ; -0.079     ; 27.814     ;
; -26.892 ; master:master|counter[10] ; master:master|counter[3]  ; clk          ; clk         ; 1.000        ; -0.079     ; 27.814     ;
; -26.892 ; master:master|counter[10] ; master:master|counter[4]  ; clk          ; clk         ; 1.000        ; -0.079     ; 27.814     ;
; -26.892 ; master:master|counter[10] ; master:master|counter[5]  ; clk          ; clk         ; 1.000        ; -0.079     ; 27.814     ;
; -26.873 ; master:master|counter[9]  ; master:master|counter[6]  ; clk          ; clk         ; 1.000        ; -0.079     ; 27.795     ;
; -26.873 ; master:master|counter[9]  ; master:master|counter[0]  ; clk          ; clk         ; 1.000        ; -0.079     ; 27.795     ;
; -26.873 ; master:master|counter[9]  ; master:master|counter[1]  ; clk          ; clk         ; 1.000        ; -0.079     ; 27.795     ;
; -26.873 ; master:master|counter[9]  ; master:master|counter[2]  ; clk          ; clk         ; 1.000        ; -0.079     ; 27.795     ;
; -26.873 ; master:master|counter[9]  ; master:master|counter[3]  ; clk          ; clk         ; 1.000        ; -0.079     ; 27.795     ;
; -26.873 ; master:master|counter[9]  ; master:master|counter[4]  ; clk          ; clk         ; 1.000        ; -0.079     ; 27.795     ;
; -26.873 ; master:master|counter[9]  ; master:master|counter[5]  ; clk          ; clk         ; 1.000        ; -0.079     ; 27.795     ;
; -26.747 ; master:master|counter[12] ; master:master|counter[6]  ; clk          ; clk         ; 1.000        ; -0.079     ; 27.669     ;
; -26.747 ; master:master|counter[12] ; master:master|counter[0]  ; clk          ; clk         ; 1.000        ; -0.079     ; 27.669     ;
; -26.747 ; master:master|counter[12] ; master:master|counter[1]  ; clk          ; clk         ; 1.000        ; -0.079     ; 27.669     ;
; -26.747 ; master:master|counter[12] ; master:master|counter[2]  ; clk          ; clk         ; 1.000        ; -0.079     ; 27.669     ;
; -26.747 ; master:master|counter[12] ; master:master|counter[3]  ; clk          ; clk         ; 1.000        ; -0.079     ; 27.669     ;
; -26.747 ; master:master|counter[12] ; master:master|counter[4]  ; clk          ; clk         ; 1.000        ; -0.079     ; 27.669     ;
; -26.747 ; master:master|counter[12] ; master:master|counter[5]  ; clk          ; clk         ; 1.000        ; -0.079     ; 27.669     ;
; -26.727 ; master:master|counter[11] ; master:master|counter[6]  ; clk          ; clk         ; 1.000        ; -0.079     ; 27.649     ;
; -26.727 ; master:master|counter[11] ; master:master|counter[0]  ; clk          ; clk         ; 1.000        ; -0.079     ; 27.649     ;
; -26.727 ; master:master|counter[11] ; master:master|counter[1]  ; clk          ; clk         ; 1.000        ; -0.079     ; 27.649     ;
; -26.727 ; master:master|counter[11] ; master:master|counter[2]  ; clk          ; clk         ; 1.000        ; -0.079     ; 27.649     ;
; -26.727 ; master:master|counter[11] ; master:master|counter[3]  ; clk          ; clk         ; 1.000        ; -0.079     ; 27.649     ;
; -26.727 ; master:master|counter[11] ; master:master|counter[4]  ; clk          ; clk         ; 1.000        ; -0.079     ; 27.649     ;
; -26.727 ; master:master|counter[11] ; master:master|counter[5]  ; clk          ; clk         ; 1.000        ; -0.079     ; 27.649     ;
; -26.592 ; master:master|counter[13] ; master:master|counter[6]  ; clk          ; clk         ; 1.000        ; -0.079     ; 27.514     ;
; -26.592 ; master:master|counter[13] ; master:master|counter[0]  ; clk          ; clk         ; 1.000        ; -0.079     ; 27.514     ;
+---------+---------------------------+---------------------------+--------------+-------------+--------------+------------+------------+


+-------------------------------------------------------------------------------------------------------------------------------------------------------------------------------------------------------------------------------+
; Slow 1200mV 85C Model Setup: 'lcddin_mod:lcd_display|clk_16ms'                                                                                                                                                                ;
+--------+----------------------------------------------------+----------------------------------------------------+---------------------------------+---------------------------------+--------------+------------+------------+
; Slack  ; From Node                                          ; To Node                                            ; Launch Clock                    ; Latch Clock                     ; Relationship ; Clock Skew ; Data Delay ;
+--------+----------------------------------------------------+----------------------------------------------------+---------------------------------+---------------------------------+--------------+------------+------------+
; -3.675 ; lcddin_mod:lcd_display|data_counter[1]             ; lcddin_mod:lcd_display|data[0]                     ; lcddin_mod:lcd_display|clk_16ms ; lcddin_mod:lcd_display|clk_16ms ; 1.000        ; -0.081     ; 4.595      ;
; -3.344 ; lcddin_mod:lcd_display|data_counter[0]             ; lcddin_mod:lcd_display|data[0]                     ; lcddin_mod:lcd_display|clk_16ms ; lcddin_mod:lcd_display|clk_16ms ; 1.000        ; -0.081     ; 4.264      ;
; -3.298 ; lcddin_mod:lcd_display|data_counter[1]             ; lcddin_mod:lcd_display|data[1]                     ; lcddin_mod:lcd_display|clk_16ms ; lcddin_mod:lcd_display|clk_16ms ; 1.000        ; -0.081     ; 4.218      ;
; -3.133 ; lcddin_mod:lcd_display|data_counter[2]             ; lcddin_mod:lcd_display|data[1]                     ; lcddin_mod:lcd_display|clk_16ms ; lcddin_mod:lcd_display|clk_16ms ; 1.000        ; -0.081     ; 4.053      ;
; -3.125 ; lcddin_mod:lcd_display|data_counter[0]             ; lcddin_mod:lcd_display|data[1]                     ; lcddin_mod:lcd_display|clk_16ms ; lcddin_mod:lcd_display|clk_16ms ; 1.000        ; -0.081     ; 4.045      ;
; -3.062 ; lcddin_mod:lcd_display|data_counter[2]             ; lcddin_mod:lcd_display|data[0]                     ; lcddin_mod:lcd_display|clk_16ms ; lcddin_mod:lcd_display|clk_16ms ; 1.000        ; -0.081     ; 3.982      ;
; -2.949 ; lcddin_mod:lcd_display|data_counter[0]             ; lcddin_mod:lcd_display|data[2]                     ; lcddin_mod:lcd_display|clk_16ms ; lcddin_mod:lcd_display|clk_16ms ; 1.000        ; -0.080     ; 3.870      ;
; -2.921 ; lcddin_mod:lcd_display|data_counter[1]             ; lcddin_mod:lcd_display|data[2]                     ; lcddin_mod:lcd_display|clk_16ms ; lcddin_mod:lcd_display|clk_16ms ; 1.000        ; -0.080     ; 3.842      ;
; -2.860 ; lcddin_mod:lcd_display|data_counter[2]             ; lcddin_mod:lcd_display|data[2]                     ; lcddin_mod:lcd_display|clk_16ms ; lcddin_mod:lcd_display|clk_16ms ; 1.000        ; -0.080     ; 3.781      ;
; -2.810 ; lcddin_mod:lcd_display|data_counter[0]             ; lcddin_mod:lcd_display|data[3]                     ; lcddin_mod:lcd_display|clk_16ms ; lcddin_mod:lcd_display|clk_16ms ; 1.000        ; -0.080     ; 3.731      ;
; -2.537 ; lcddin_mod:lcd_display|data_counter[1]             ; lcddin_mod:lcd_display|data[3]                     ; lcddin_mod:lcd_display|clk_16ms ; lcddin_mod:lcd_display|clk_16ms ; 1.000        ; -0.080     ; 3.458      ;
; -2.428 ; lcddin_mod:lcd_display|fsm_state.WR_STATIC_TEXT_1L ; lcddin_mod:lcd_display|data[3]                     ; lcddin_mod:lcd_display|clk_16ms ; lcddin_mod:lcd_display|clk_16ms ; 1.000        ; -0.579     ; 2.850      ;
; -2.357 ; lcddin_mod:lcd_display|fsm_state.WR_STATIC_TEXT_1L ; lcddin_mod:lcd_display|data[0]                     ; lcddin_mod:lcd_display|clk_16ms ; lcddin_mod:lcd_display|clk_16ms ; 1.000        ; -0.580     ; 2.778      ;
; -2.357 ; lcddin_mod:lcd_display|fsm_state.WR_STATIC_TEXT_1L ; lcddin_mod:lcd_display|data[1]                     ; lcddin_mod:lcd_display|clk_16ms ; lcddin_mod:lcd_display|clk_16ms ; 1.000        ; -0.580     ; 2.778      ;
; -2.275 ; lcddin_mod:lcd_display|fsm_state.IDLE              ; lcddin_mod:lcd_display|data[0]                     ; lcddin_mod:lcd_display|clk_16ms ; lcddin_mod:lcd_display|clk_16ms ; 1.000        ; -0.085     ; 3.191      ;
; -2.258 ; lcddin_mod:lcd_display|fsm_state.IDLE              ; lcddin_mod:lcd_display|data[1]                     ; lcddin_mod:lcd_display|clk_16ms ; lcddin_mod:lcd_display|clk_16ms ; 1.000        ; -0.085     ; 3.174      ;
; -2.185 ; lcddin_mod:lcd_display|data_counter[1]             ; lcddin_mod:lcd_display|data[5]                     ; lcddin_mod:lcd_display|clk_16ms ; lcddin_mod:lcd_display|clk_16ms ; 1.000        ; -0.072     ; 3.114      ;
; -2.172 ; lcddin_mod:lcd_display|command_counter[1]          ; lcddin_mod:lcd_display|data[0]                     ; lcddin_mod:lcd_display|clk_16ms ; lcddin_mod:lcd_display|clk_16ms ; 1.000        ; -0.085     ; 3.088      ;
; -2.161 ; lcddin_mod:lcd_display|data_counter[0]             ; lcddin_mod:lcd_display|data[5]                     ; lcddin_mod:lcd_display|clk_16ms ; lcddin_mod:lcd_display|clk_16ms ; 1.000        ; -0.072     ; 3.090      ;
; -2.158 ; lcddin_mod:lcd_display|fsm_state.WR_STATIC_TEXT_1L ; lcddin_mod:lcd_display|data[6]                     ; lcddin_mod:lcd_display|clk_16ms ; lcddin_mod:lcd_display|clk_16ms ; 1.000        ; -0.579     ; 2.580      ;
; -2.157 ; lcddin_mod:lcd_display|fsm_state.WR_STATIC_TEXT_1L ; lcddin_mod:lcd_display|data[2]                     ; lcddin_mod:lcd_display|clk_16ms ; lcddin_mod:lcd_display|clk_16ms ; 1.000        ; -0.579     ; 2.579      ;
; -2.084 ; lcddin_mod:lcd_display|fsm_state.CONFIG_CMD2       ; lcddin_mod:lcd_display|data[1]                     ; lcddin_mod:lcd_display|clk_16ms ; lcddin_mod:lcd_display|clk_16ms ; 1.000        ; -0.085     ; 3.000      ;
; -2.074 ; lcddin_mod:lcd_display|fsm_state.CONFIG_CMD2       ; lcddin_mod:lcd_display|data[0]                     ; lcddin_mod:lcd_display|clk_16ms ; lcddin_mod:lcd_display|clk_16ms ; 1.000        ; -0.085     ; 2.990      ;
; -2.049 ; lcddin_mod:lcd_display|fsm_state.CONFIG_CMD1       ; lcddin_mod:lcd_display|data[1]                     ; lcddin_mod:lcd_display|clk_16ms ; lcddin_mod:lcd_display|clk_16ms ; 1.000        ; -0.085     ; 2.965      ;
; -2.039 ; lcddin_mod:lcd_display|fsm_state.CONFIG_CMD1       ; lcddin_mod:lcd_display|data[0]                     ; lcddin_mod:lcd_display|clk_16ms ; lcddin_mod:lcd_display|clk_16ms ; 1.000        ; -0.085     ; 2.955      ;
; -1.981 ; lcddin_mod:lcd_display|command_counter[1]          ; lcddin_mod:lcd_display|data[5]                     ; lcddin_mod:lcd_display|clk_16ms ; lcddin_mod:lcd_display|clk_16ms ; 1.000        ; -0.076     ; 2.906      ;
; -1.969 ; lcddin_mod:lcd_display|data_counter[2]             ; lcddin_mod:lcd_display|data[5]                     ; lcddin_mod:lcd_display|clk_16ms ; lcddin_mod:lcd_display|clk_16ms ; 1.000        ; -0.072     ; 2.898      ;
; -1.959 ; lcddin_mod:lcd_display|fsm_state.CONFIG_CMD1       ; lcddin_mod:lcd_display|data[5]                     ; lcddin_mod:lcd_display|clk_16ms ; lcddin_mod:lcd_display|clk_16ms ; 1.000        ; -0.076     ; 2.884      ;
; -1.938 ; lcddin_mod:lcd_display|command_counter[0]          ; lcddin_mod:lcd_display|data[0]                     ; lcddin_mod:lcd_display|clk_16ms ; lcddin_mod:lcd_display|clk_16ms ; 1.000        ; -0.085     ; 2.854      ;
; -1.861 ; lcddin_mod:lcd_display|text[10][0]                 ; lcddin_mod:lcd_display|data[0]                     ; clk                             ; lcddin_mod:lcd_display|clk_16ms ; 1.000        ; 0.843      ; 3.695      ;
; -1.852 ; lcddin_mod:lcd_display|text[9][0]                  ; lcddin_mod:lcd_display|data[0]                     ; clk                             ; lcddin_mod:lcd_display|clk_16ms ; 1.000        ; 0.843      ; 3.686      ;
; -1.837 ; lcddin_mod:lcd_display|data_counter[3]             ; lcddin_mod:lcd_display|data[5]                     ; lcddin_mod:lcd_display|clk_16ms ; lcddin_mod:lcd_display|clk_16ms ; 1.000        ; -0.072     ; 2.766      ;
; -1.799 ; lcddin_mod:lcd_display|fsm_state.WR_STATIC_TEXT_2L ; lcddin_mod:lcd_display|data[3]                     ; lcddin_mod:lcd_display|clk_16ms ; lcddin_mod:lcd_display|clk_16ms ; 1.000        ; -0.089     ; 2.711      ;
; -1.793 ; lcddin_mod:lcd_display|data_counter[0]             ; lcddin_mod:lcd_display|data[4]                     ; lcddin_mod:lcd_display|clk_16ms ; lcddin_mod:lcd_display|clk_16ms ; 1.000        ; -0.072     ; 2.722      ;
; -1.790 ; lcddin_mod:lcd_display|data_counter[1]             ; lcddin_mod:lcd_display|fsm_state.WR_STATIC_TEXT_2L ; lcddin_mod:lcd_display|clk_16ms ; lcddin_mod:lcd_display|clk_16ms ; 1.000        ; -0.072     ; 2.719      ;
; -1.785 ; lcddin_mod:lcd_display|fsm_state.CONFIG_CMD1       ; lcddin_mod:lcd_display|data[2]                     ; lcddin_mod:lcd_display|clk_16ms ; lcddin_mod:lcd_display|clk_16ms ; 1.000        ; -0.084     ; 2.702      ;
; -1.766 ; lcddin_mod:lcd_display|data_counter[0]             ; lcddin_mod:lcd_display|fsm_state.WR_STATIC_TEXT_2L ; lcddin_mod:lcd_display|clk_16ms ; lcddin_mod:lcd_display|clk_16ms ; 1.000        ; -0.072     ; 2.695      ;
; -1.765 ; lcddin_mod:lcd_display|data_counter[1]             ; lcddin_mod:lcd_display|data[4]                     ; lcddin_mod:lcd_display|clk_16ms ; lcddin_mod:lcd_display|clk_16ms ; 1.000        ; -0.072     ; 2.694      ;
; -1.755 ; lcddin_mod:lcd_display|command_counter[1]          ; lcddin_mod:lcd_display|data[1]                     ; lcddin_mod:lcd_display|clk_16ms ; lcddin_mod:lcd_display|clk_16ms ; 1.000        ; -0.085     ; 2.671      ;
; -1.715 ; lcddin_mod:lcd_display|data_counter[1]             ; lcddin_mod:lcd_display|fsm_state.WR_STATIC_TEXT_1L ; lcddin_mod:lcd_display|clk_16ms ; lcddin_mod:lcd_display|clk_16ms ; 1.000        ; 0.399      ; 3.115      ;
; -1.708 ; lcddin_mod:lcd_display|command_counter[1]          ; lcddin_mod:lcd_display|data[2]                     ; lcddin_mod:lcd_display|clk_16ms ; lcddin_mod:lcd_display|clk_16ms ; 1.000        ; -0.084     ; 2.625      ;
; -1.691 ; lcddin_mod:lcd_display|data_counter[0]             ; lcddin_mod:lcd_display|fsm_state.WR_STATIC_TEXT_1L ; lcddin_mod:lcd_display|clk_16ms ; lcddin_mod:lcd_display|clk_16ms ; 1.000        ; 0.399      ; 3.091      ;
; -1.682 ; lcddin_mod:lcd_display|data_counter[4]             ; lcddin_mod:lcd_display|data[4]                     ; lcddin_mod:lcd_display|clk_16ms ; lcddin_mod:lcd_display|clk_16ms ; 1.000        ; -0.072     ; 2.611      ;
; -1.663 ; lcddin_mod:lcd_display|text[9][1]                  ; lcddin_mod:lcd_display|data[1]                     ; clk                             ; lcddin_mod:lcd_display|clk_16ms ; 1.000        ; 0.842      ; 3.496      ;
; -1.659 ; lcddin_mod:lcd_display|data_counter[4]             ; lcddin_mod:lcd_display|data[5]                     ; lcddin_mod:lcd_display|clk_16ms ; lcddin_mod:lcd_display|clk_16ms ; 1.000        ; -0.072     ; 2.588      ;
; -1.638 ; lcddin_mod:lcd_display|command_counter[0]          ; lcddin_mod:lcd_display|data[5]                     ; lcddin_mod:lcd_display|clk_16ms ; lcddin_mod:lcd_display|clk_16ms ; 1.000        ; -0.076     ; 2.563      ;
; -1.576 ; lcddin_mod:lcd_display|data_counter[1]             ; lcddin_mod:lcd_display|fsm_state.CONFIG_CMD2       ; lcddin_mod:lcd_display|clk_16ms ; lcddin_mod:lcd_display|clk_16ms ; 1.000        ; -0.076     ; 2.501      ;
; -1.575 ; lcddin_mod:lcd_display|data_counter[1]             ; lcddin_mod:lcd_display|fsm_state.IDLE              ; lcddin_mod:lcd_display|clk_16ms ; lcddin_mod:lcd_display|clk_16ms ; 1.000        ; -0.076     ; 2.500      ;
; -1.574 ; lcddin_mod:lcd_display|data_counter[2]             ; lcddin_mod:lcd_display|fsm_state.WR_STATIC_TEXT_2L ; lcddin_mod:lcd_display|clk_16ms ; lcddin_mod:lcd_display|clk_16ms ; 1.000        ; -0.072     ; 2.503      ;
; -1.572 ; lcddin_mod:lcd_display|data_counter[2]             ; lcddin_mod:lcd_display|data[4]                     ; lcddin_mod:lcd_display|clk_16ms ; lcddin_mod:lcd_display|clk_16ms ; 1.000        ; -0.072     ; 2.501      ;
; -1.565 ; lcddin_mod:lcd_display|command_counter[1]          ; lcddin_mod:lcd_display|data[4]                     ; lcddin_mod:lcd_display|clk_16ms ; lcddin_mod:lcd_display|clk_16ms ; 1.000        ; -0.076     ; 2.490      ;
; -1.564 ; lcddin_mod:lcd_display|fsm_state.CONFIG_CMD1       ; lcddin_mod:lcd_display|data[4]                     ; lcddin_mod:lcd_display|clk_16ms ; lcddin_mod:lcd_display|clk_16ms ; 1.000        ; -0.076     ; 2.489      ;
; -1.552 ; lcddin_mod:lcd_display|data_counter[0]             ; lcddin_mod:lcd_display|fsm_state.CONFIG_CMD2       ; lcddin_mod:lcd_display|clk_16ms ; lcddin_mod:lcd_display|clk_16ms ; 1.000        ; -0.076     ; 2.477      ;
; -1.551 ; lcddin_mod:lcd_display|data_counter[0]             ; lcddin_mod:lcd_display|fsm_state.IDLE              ; lcddin_mod:lcd_display|clk_16ms ; lcddin_mod:lcd_display|clk_16ms ; 1.000        ; -0.076     ; 2.476      ;
; -1.550 ; lcddin_mod:lcd_display|fsm_state.WR_STATIC_TEXT_2L ; lcddin_mod:lcd_display|data[0]                     ; lcddin_mod:lcd_display|clk_16ms ; lcddin_mod:lcd_display|clk_16ms ; 1.000        ; -0.090     ; 2.461      ;
; -1.550 ; lcddin_mod:lcd_display|fsm_state.WR_STATIC_TEXT_2L ; lcddin_mod:lcd_display|data[1]                     ; lcddin_mod:lcd_display|clk_16ms ; lcddin_mod:lcd_display|clk_16ms ; 1.000        ; -0.090     ; 2.461      ;
; -1.532 ; lcddin_mod:lcd_display|data_counter[3]             ; lcddin_mod:lcd_display|data[2]                     ; lcddin_mod:lcd_display|clk_16ms ; lcddin_mod:lcd_display|clk_16ms ; 1.000        ; -0.080     ; 2.453      ;
; -1.529 ; lcddin_mod:lcd_display|text[6][0]                  ; lcddin_mod:lcd_display|data[0]                     ; clk                             ; lcddin_mod:lcd_display|clk_16ms ; 1.000        ; 0.842      ; 3.362      ;
; -1.529 ; lcddin_mod:lcd_display|fsm_state.WR_STATIC_TEXT_2L ; lcddin_mod:lcd_display|data[6]                     ; lcddin_mod:lcd_display|clk_16ms ; lcddin_mod:lcd_display|clk_16ms ; 1.000        ; -0.089     ; 2.441      ;
; -1.528 ; lcddin_mod:lcd_display|fsm_state.WR_STATIC_TEXT_2L ; lcddin_mod:lcd_display|data[2]                     ; lcddin_mod:lcd_display|clk_16ms ; lcddin_mod:lcd_display|clk_16ms ; 1.000        ; -0.089     ; 2.440      ;
; -1.507 ; lcddin_mod:lcd_display|fsm_state.CONFIG_CMD2       ; lcddin_mod:lcd_display|data_counter[4]             ; lcddin_mod:lcd_display|clk_16ms ; lcddin_mod:lcd_display|clk_16ms ; 1.000        ; -0.084     ; 2.424      ;
; -1.507 ; lcddin_mod:lcd_display|fsm_state.CONFIG_CMD2       ; lcddin_mod:lcd_display|data_counter[3]             ; lcddin_mod:lcd_display|clk_16ms ; lcddin_mod:lcd_display|clk_16ms ; 1.000        ; -0.084     ; 2.424      ;
; -1.507 ; lcddin_mod:lcd_display|fsm_state.CONFIG_CMD2       ; lcddin_mod:lcd_display|data_counter[2]             ; lcddin_mod:lcd_display|clk_16ms ; lcddin_mod:lcd_display|clk_16ms ; 1.000        ; -0.084     ; 2.424      ;
; -1.507 ; lcddin_mod:lcd_display|fsm_state.CONFIG_CMD2       ; lcddin_mod:lcd_display|data_counter[1]             ; lcddin_mod:lcd_display|clk_16ms ; lcddin_mod:lcd_display|clk_16ms ; 1.000        ; -0.084     ; 2.424      ;
; -1.507 ; lcddin_mod:lcd_display|fsm_state.CONFIG_CMD2       ; lcddin_mod:lcd_display|data_counter[0]             ; lcddin_mod:lcd_display|clk_16ms ; lcddin_mod:lcd_display|clk_16ms ; 1.000        ; -0.084     ; 2.424      ;
; -1.499 ; lcddin_mod:lcd_display|data_counter[2]             ; lcddin_mod:lcd_display|fsm_state.WR_STATIC_TEXT_1L ; lcddin_mod:lcd_display|clk_16ms ; lcddin_mod:lcd_display|clk_16ms ; 1.000        ; 0.399      ; 2.899      ;
; -1.444 ; lcddin_mod:lcd_display|fsm_state.WR_STATIC_TEXT_1L ; lcddin_mod:lcd_display|data[4]                     ; lcddin_mod:lcd_display|clk_16ms ; lcddin_mod:lcd_display|clk_16ms ; 1.000        ; -0.571     ; 1.874      ;
; -1.442 ; lcddin_mod:lcd_display|data_counter[3]             ; lcddin_mod:lcd_display|data[4]                     ; lcddin_mod:lcd_display|clk_16ms ; lcddin_mod:lcd_display|clk_16ms ; 1.000        ; -0.072     ; 2.371      ;
; -1.442 ; lcddin_mod:lcd_display|data_counter[3]             ; lcddin_mod:lcd_display|fsm_state.WR_STATIC_TEXT_2L ; lcddin_mod:lcd_display|clk_16ms ; lcddin_mod:lcd_display|clk_16ms ; 1.000        ; -0.072     ; 2.371      ;
; -1.435 ; lcddin_mod:lcd_display|data_counter[4]             ; lcddin_mod:lcd_display|data[3]                     ; lcddin_mod:lcd_display|clk_16ms ; lcddin_mod:lcd_display|clk_16ms ; 1.000        ; -0.080     ; 2.356      ;
; -1.432 ; lcddin_mod:lcd_display|data_counter[3]             ; lcddin_mod:lcd_display|data[1]                     ; lcddin_mod:lcd_display|clk_16ms ; lcddin_mod:lcd_display|clk_16ms ; 1.000        ; -0.081     ; 2.352      ;
; -1.427 ; lcddin_mod:lcd_display|data_counter[3]             ; lcddin_mod:lcd_display|data[0]                     ; lcddin_mod:lcd_display|clk_16ms ; lcddin_mod:lcd_display|clk_16ms ; 1.000        ; -0.081     ; 2.347      ;
; -1.425 ; lcddin_mod:lcd_display|command_counter[0]          ; lcddin_mod:lcd_display|data[2]                     ; lcddin_mod:lcd_display|clk_16ms ; lcddin_mod:lcd_display|clk_16ms ; 1.000        ; -0.084     ; 2.342      ;
; -1.402 ; lcddin_mod:lcd_display|data_counter[4]             ; lcddin_mod:lcd_display|data[0]                     ; lcddin_mod:lcd_display|clk_16ms ; lcddin_mod:lcd_display|clk_16ms ; 1.000        ; -0.081     ; 2.322      ;
; -1.402 ; lcddin_mod:lcd_display|data_counter[4]             ; lcddin_mod:lcd_display|data[1]                     ; lcddin_mod:lcd_display|clk_16ms ; lcddin_mod:lcd_display|clk_16ms ; 1.000        ; -0.081     ; 2.322      ;
; -1.390 ; lcddin_mod:lcd_display|command_counter[0]          ; lcddin_mod:lcd_display|data[1]                     ; lcddin_mod:lcd_display|clk_16ms ; lcddin_mod:lcd_display|clk_16ms ; 1.000        ; -0.085     ; 2.306      ;
; -1.367 ; lcddin_mod:lcd_display|data_counter[3]             ; lcddin_mod:lcd_display|fsm_state.WR_STATIC_TEXT_1L ; lcddin_mod:lcd_display|clk_16ms ; lcddin_mod:lcd_display|clk_16ms ; 1.000        ; 0.399      ; 2.767      ;
; -1.361 ; lcddin_mod:lcd_display|data_counter[3]             ; lcddin_mod:lcd_display|data[3]                     ; lcddin_mod:lcd_display|clk_16ms ; lcddin_mod:lcd_display|clk_16ms ; 1.000        ; -0.080     ; 2.282      ;
; -1.360 ; lcddin_mod:lcd_display|data_counter[2]             ; lcddin_mod:lcd_display|fsm_state.CONFIG_CMD2       ; lcddin_mod:lcd_display|clk_16ms ; lcddin_mod:lcd_display|clk_16ms ; 1.000        ; -0.076     ; 2.285      ;
; -1.359 ; lcddin_mod:lcd_display|data_counter[2]             ; lcddin_mod:lcd_display|fsm_state.IDLE              ; lcddin_mod:lcd_display|clk_16ms ; lcddin_mod:lcd_display|clk_16ms ; 1.000        ; -0.076     ; 2.284      ;
; -1.304 ; lcddin_mod:lcd_display|fsm_state.IDLE              ; lcddin_mod:lcd_display|data_counter[4]             ; lcddin_mod:lcd_display|clk_16ms ; lcddin_mod:lcd_display|clk_16ms ; 1.000        ; -0.084     ; 2.221      ;
; -1.304 ; lcddin_mod:lcd_display|fsm_state.IDLE              ; lcddin_mod:lcd_display|data_counter[3]             ; lcddin_mod:lcd_display|clk_16ms ; lcddin_mod:lcd_display|clk_16ms ; 1.000        ; -0.084     ; 2.221      ;
; -1.304 ; lcddin_mod:lcd_display|fsm_state.IDLE              ; lcddin_mod:lcd_display|data_counter[2]             ; lcddin_mod:lcd_display|clk_16ms ; lcddin_mod:lcd_display|clk_16ms ; 1.000        ; -0.084     ; 2.221      ;
; -1.304 ; lcddin_mod:lcd_display|fsm_state.IDLE              ; lcddin_mod:lcd_display|data_counter[1]             ; lcddin_mod:lcd_display|clk_16ms ; lcddin_mod:lcd_display|clk_16ms ; 1.000        ; -0.084     ; 2.221      ;
; -1.304 ; lcddin_mod:lcd_display|fsm_state.IDLE              ; lcddin_mod:lcd_display|data_counter[0]             ; lcddin_mod:lcd_display|clk_16ms ; lcddin_mod:lcd_display|clk_16ms ; 1.000        ; -0.084     ; 2.221      ;
; -1.295 ; lcddin_mod:lcd_display|fsm_state.CONFIG_CMD1       ; lcddin_mod:lcd_display|fsm_state.WR_STATIC_TEXT_1L ; lcddin_mod:lcd_display|clk_16ms ; lcddin_mod:lcd_display|clk_16ms ; 1.000        ; 0.395      ; 2.691      ;
; -1.288 ; lcddin_mod:lcd_display|fsm_state.WR_STATIC_TEXT_1L ; lcddin_mod:lcd_display|data[5]                     ; lcddin_mod:lcd_display|clk_16ms ; lcddin_mod:lcd_display|clk_16ms ; 1.000        ; -0.571     ; 1.718      ;
; -1.279 ; lcddin_mod:lcd_display|data_counter[4]             ; lcddin_mod:lcd_display|fsm_state.WR_STATIC_TEXT_2L ; lcddin_mod:lcd_display|clk_16ms ; lcddin_mod:lcd_display|clk_16ms ; 1.000        ; -0.072     ; 2.208      ;
; -1.277 ; lcddin_mod:lcd_display|data_counter[1]             ; lcddin_mod:lcd_display|data_counter[4]             ; lcddin_mod:lcd_display|clk_16ms ; lcddin_mod:lcd_display|clk_16ms ; 1.000        ; -0.080     ; 2.198      ;
; -1.258 ; lcddin_mod:lcd_display|command_counter[1]          ; lcddin_mod:lcd_display|fsm_state.WR_STATIC_TEXT_1L ; lcddin_mod:lcd_display|clk_16ms ; lcddin_mod:lcd_display|clk_16ms ; 1.000        ; 0.395      ; 2.654      ;
; -1.248 ; lcddin_mod:lcd_display|text[10][1]                 ; lcddin_mod:lcd_display|data[1]                     ; clk                             ; lcddin_mod:lcd_display|clk_16ms ; 1.000        ; 0.842      ; 3.081      ;
; -1.228 ; lcddin_mod:lcd_display|data_counter[3]             ; lcddin_mod:lcd_display|fsm_state.CONFIG_CMD2       ; lcddin_mod:lcd_display|clk_16ms ; lcddin_mod:lcd_display|clk_16ms ; 1.000        ; -0.076     ; 2.153      ;
; -1.227 ; lcddin_mod:lcd_display|data_counter[3]             ; lcddin_mod:lcd_display|fsm_state.IDLE              ; lcddin_mod:lcd_display|clk_16ms ; lcddin_mod:lcd_display|clk_16ms ; 1.000        ; -0.076     ; 2.152      ;
; -1.222 ; lcddin_mod:lcd_display|data_counter[4]             ; lcddin_mod:lcd_display|fsm_state.WR_STATIC_TEXT_1L ; lcddin_mod:lcd_display|clk_16ms ; lcddin_mod:lcd_display|clk_16ms ; 1.000        ; 0.399      ; 2.622      ;
; -1.222 ; lcddin_mod:lcd_display|command_counter[0]          ; lcddin_mod:lcd_display|data[4]                     ; lcddin_mod:lcd_display|clk_16ms ; lcddin_mod:lcd_display|clk_16ms ; 1.000        ; -0.076     ; 2.147      ;
; -1.169 ; lcddin_mod:lcd_display|text[6][1]                  ; lcddin_mod:lcd_display|data[1]                     ; clk                             ; lcddin_mod:lcd_display|clk_16ms ; 1.000        ; 0.842      ; 3.002      ;
; -1.168 ; lcddin_mod:lcd_display|text[13][0]                 ; lcddin_mod:lcd_display|data[0]                     ; clk                             ; lcddin_mod:lcd_display|clk_16ms ; 1.000        ; 0.842      ; 3.001      ;
; -1.166 ; lcddin_mod:lcd_display|fsm_state.WR_STATIC_TEXT_2L ; lcddin_mod:lcd_display|data[4]                     ; lcddin_mod:lcd_display|clk_16ms ; lcddin_mod:lcd_display|clk_16ms ; 1.000        ; -0.081     ; 2.086      ;
; -1.165 ; lcddin_mod:lcd_display|data_counter[4]             ; lcddin_mod:lcd_display|data[6]                     ; lcddin_mod:lcd_display|clk_16ms ; lcddin_mod:lcd_display|clk_16ms ; 1.000        ; -0.080     ; 2.086      ;
; -1.164 ; lcddin_mod:lcd_display|data_counter[4]             ; lcddin_mod:lcd_display|data[2]                     ; lcddin_mod:lcd_display|clk_16ms ; lcddin_mod:lcd_display|clk_16ms ; 1.000        ; -0.080     ; 2.085      ;
+--------+----------------------------------------------------+----------------------------------------------------+---------------------------------+---------------------------------+--------------+------------+------------+


+-------------------------------------------------------------------------------------------------------------------------------------------+
; Slow 1200mV 85C Model Setup: 'master:master|scl'                                                                                          ;
+--------+------------------------+------------------------+-------------------+-------------------+--------------+------------+------------+
; Slack  ; From Node              ; To Node                ; Launch Clock      ; Latch Clock       ; Relationship ; Clock Skew ; Data Delay ;
+--------+------------------------+------------------------+-------------------+-------------------+--------------+------------+------------+
; -2.958 ; listen:listen|count[5] ; listen:listen|data[16] ; master:master|scl ; master:master|scl ; 1.000        ; -0.080     ; 3.879      ;
; -2.933 ; listen:listen|count[6] ; listen:listen|data[16] ; master:master|scl ; master:master|scl ; 1.000        ; -0.080     ; 3.854      ;
; -2.798 ; listen:listen|count[3] ; listen:listen|data[16] ; master:master|scl ; master:master|scl ; 1.000        ; -0.080     ; 3.719      ;
; -2.783 ; listen:listen|count[5] ; listen:listen|data[7]  ; master:master|scl ; master:master|scl ; 1.000        ; -0.078     ; 3.706      ;
; -2.758 ; listen:listen|count[6] ; listen:listen|data[7]  ; master:master|scl ; master:master|scl ; 1.000        ; -0.078     ; 3.681      ;
; -2.663 ; listen:listen|count[1] ; listen:listen|data[16] ; master:master|scl ; master:master|scl ; 1.000        ; -0.080     ; 3.584      ;
; -2.642 ; listen:listen|count[0] ; listen:listen|data[16] ; master:master|scl ; master:master|scl ; 1.000        ; -0.080     ; 3.563      ;
; -2.623 ; listen:listen|count[3] ; listen:listen|data[7]  ; master:master|scl ; master:master|scl ; 1.000        ; -0.078     ; 3.546      ;
; -2.611 ; listen:listen|count[6] ; listen:listen|data[8]  ; master:master|scl ; master:master|scl ; 1.000        ; -0.077     ; 3.535      ;
; -2.599 ; listen:listen|count[6] ; listen:listen|data[9]  ; master:master|scl ; master:master|scl ; 1.000        ; -0.078     ; 3.522      ;
; -2.549 ; listen:listen|count[5] ; listen:listen|data[3]  ; master:master|scl ; master:master|scl ; 1.000        ; -0.078     ; 3.472      ;
; -2.535 ; listen:listen|count[5] ; listen:listen|data[6]  ; master:master|scl ; master:master|scl ; 1.000        ; -0.078     ; 3.458      ;
; -2.533 ; listen:listen|count[5] ; listen:listen|data[4]  ; master:master|scl ; master:master|scl ; 1.000        ; -0.078     ; 3.456      ;
; -2.530 ; listen:listen|count[3] ; listen:listen|data[9]  ; master:master|scl ; master:master|scl ; 1.000        ; -0.078     ; 3.453      ;
; -2.524 ; listen:listen|count[5] ; listen:listen|data[20] ; master:master|scl ; master:master|scl ; 1.000        ; -0.079     ; 3.446      ;
; -2.524 ; listen:listen|count[6] ; listen:listen|data[3]  ; master:master|scl ; master:master|scl ; 1.000        ; -0.078     ; 3.447      ;
; -2.510 ; listen:listen|count[6] ; listen:listen|data[6]  ; master:master|scl ; master:master|scl ; 1.000        ; -0.078     ; 3.433      ;
; -2.508 ; listen:listen|count[6] ; listen:listen|data[4]  ; master:master|scl ; master:master|scl ; 1.000        ; -0.078     ; 3.431      ;
; -2.505 ; listen:listen|count[3] ; listen:listen|data[8]  ; master:master|scl ; master:master|scl ; 1.000        ; -0.077     ; 3.429      ;
; -2.502 ; listen:listen|count[4] ; listen:listen|data[16] ; master:master|scl ; master:master|scl ; 1.000        ; -0.080     ; 3.423      ;
; -2.499 ; listen:listen|count[6] ; listen:listen|data[20] ; master:master|scl ; master:master|scl ; 1.000        ; -0.079     ; 3.421      ;
; -2.489 ; listen:listen|count[0] ; listen:listen|data[9]  ; master:master|scl ; master:master|scl ; 1.000        ; -0.078     ; 3.412      ;
; -2.485 ; listen:listen|count[6] ; listen:listen|data[13] ; master:master|scl ; master:master|scl ; 1.000        ; -0.079     ; 3.407      ;
; -2.485 ; listen:listen|count[2] ; listen:listen|data[16] ; master:master|scl ; master:master|scl ; 1.000        ; -0.080     ; 3.406      ;
; -2.474 ; listen:listen|count[6] ; listen:listen|data[12] ; master:master|scl ; master:master|scl ; 1.000        ; -0.079     ; 3.396      ;
; -2.451 ; listen:listen|data[16] ; listen:listen|data[16] ; master:master|scl ; master:master|scl ; 1.000        ; -0.080     ; 3.372      ;
; -2.450 ; listen:listen|count[5] ; listen:listen|data[8]  ; master:master|scl ; master:master|scl ; 1.000        ; -0.077     ; 3.374      ;
; -2.438 ; listen:listen|count[5] ; listen:listen|data[9]  ; master:master|scl ; master:master|scl ; 1.000        ; -0.078     ; 3.361      ;
; -2.437 ; listen:listen|count[2] ; listen:listen|data[13] ; master:master|scl ; master:master|scl ; 1.000        ; -0.079     ; 3.359      ;
; -2.405 ; listen:listen|count[5] ; listen:listen|data[19] ; master:master|scl ; master:master|scl ; 1.000        ; -0.078     ; 3.328      ;
; -2.389 ; listen:listen|count[3] ; listen:listen|data[3]  ; master:master|scl ; master:master|scl ; 1.000        ; -0.078     ; 3.312      ;
; -2.387 ; master:master|sda_en   ; listen:listen|data[16] ; clk               ; master:master|scl ; 1.000        ; 0.741      ; 4.119      ;
; -2.380 ; listen:listen|count[6] ; listen:listen|data[19] ; master:master|scl ; master:master|scl ; 1.000        ; -0.078     ; 3.303      ;
; -2.379 ; listen:listen|count[3] ; listen:listen|data[13] ; master:master|scl ; master:master|scl ; 1.000        ; -0.079     ; 3.301      ;
; -2.375 ; listen:listen|count[3] ; listen:listen|data[6]  ; master:master|scl ; master:master|scl ; 1.000        ; -0.078     ; 3.298      ;
; -2.374 ; listen:listen|count[5] ; listen:listen|data[21] ; master:master|scl ; master:master|scl ; 1.000        ; -0.078     ; 3.297      ;
; -2.373 ; listen:listen|count[3] ; listen:listen|data[4]  ; master:master|scl ; master:master|scl ; 1.000        ; -0.078     ; 3.296      ;
; -2.372 ; listen:listen|count[0] ; listen:listen|data[11] ; master:master|scl ; master:master|scl ; 1.000        ; -0.078     ; 3.295      ;
; -2.369 ; listen:listen|count[3] ; listen:listen|data[12] ; master:master|scl ; master:master|scl ; 1.000        ; -0.079     ; 3.291      ;
; -2.367 ; listen:listen|count[0] ; listen:listen|data[3]  ; master:master|scl ; master:master|scl ; 1.000        ; -0.078     ; 3.290      ;
; -2.364 ; listen:listen|count[3] ; listen:listen|data[20] ; master:master|scl ; master:master|scl ; 1.000        ; -0.079     ; 3.286      ;
; -2.349 ; listen:listen|count[6] ; listen:listen|data[21] ; master:master|scl ; master:master|scl ; 1.000        ; -0.078     ; 3.272      ;
; -2.340 ; listen:listen|count[1] ; listen:listen|data[11] ; master:master|scl ; master:master|scl ; 1.000        ; -0.078     ; 3.263      ;
; -2.336 ; listen:listen|count[0] ; listen:listen|data[13] ; master:master|scl ; master:master|scl ; 1.000        ; -0.079     ; 3.258      ;
; -2.335 ; listen:listen|count[1] ; listen:listen|data[3]  ; master:master|scl ; master:master|scl ; 1.000        ; -0.078     ; 3.258      ;
; -2.324 ; listen:listen|count[5] ; listen:listen|data[13] ; master:master|scl ; master:master|scl ; 1.000        ; -0.079     ; 3.246      ;
; -2.313 ; listen:listen|count[5] ; listen:listen|data[12] ; master:master|scl ; master:master|scl ; 1.000        ; -0.079     ; 3.235      ;
; -2.308 ; listen:listen|count[5] ; listen:listen|data[23] ; master:master|scl ; master:master|scl ; 1.000        ; -0.082     ; 3.227      ;
; -2.307 ; listen:listen|count[5] ; listen:listen|data[18] ; master:master|scl ; master:master|scl ; 1.000        ; -0.082     ; 3.226      ;
; -2.306 ; listen:listen|count[0] ; listen:listen|count[5] ; master:master|scl ; master:master|scl ; 1.000        ; -0.080     ; 3.227      ;
; -2.306 ; listen:listen|count[0] ; listen:listen|count[6] ; master:master|scl ; master:master|scl ; 1.000        ; -0.080     ; 3.227      ;
; -2.306 ; listen:listen|count[0] ; listen:listen|count[0] ; master:master|scl ; master:master|scl ; 1.000        ; -0.080     ; 3.227      ;
; -2.306 ; listen:listen|count[0] ; listen:listen|count[1] ; master:master|scl ; master:master|scl ; 1.000        ; -0.080     ; 3.227      ;
; -2.306 ; listen:listen|count[0] ; listen:listen|count[2] ; master:master|scl ; master:master|scl ; 1.000        ; -0.080     ; 3.227      ;
; -2.306 ; listen:listen|count[0] ; listen:listen|count[3] ; master:master|scl ; master:master|scl ; 1.000        ; -0.080     ; 3.227      ;
; -2.306 ; listen:listen|count[0] ; listen:listen|count[4] ; master:master|scl ; master:master|scl ; 1.000        ; -0.080     ; 3.227      ;
; -2.303 ; listen:listen|count[0] ; listen:listen|data[21] ; master:master|scl ; master:master|scl ; 1.000        ; -0.078     ; 3.226      ;
; -2.292 ; listen:listen|count[1] ; listen:listen|data[8]  ; master:master|scl ; master:master|scl ; 1.000        ; -0.077     ; 3.216      ;
; -2.283 ; listen:listen|count[6] ; listen:listen|data[23] ; master:master|scl ; master:master|scl ; 1.000        ; -0.082     ; 3.202      ;
; -2.282 ; listen:listen|count[6] ; listen:listen|data[18] ; master:master|scl ; master:master|scl ; 1.000        ; -0.082     ; 3.201      ;
; -2.245 ; listen:listen|count[3] ; listen:listen|data[19] ; master:master|scl ; master:master|scl ; 1.000        ; -0.078     ; 3.168      ;
; -2.240 ; listen:listen|count[1] ; listen:listen|data[20] ; master:master|scl ; master:master|scl ; 1.000        ; -0.079     ; 3.162      ;
; -2.225 ; listen:listen|count[0] ; listen:listen|data[19] ; master:master|scl ; master:master|scl ; 1.000        ; -0.078     ; 3.148      ;
; -2.214 ; listen:listen|count[4] ; listen:listen|data[7]  ; master:master|scl ; master:master|scl ; 1.000        ; -0.078     ; 3.137      ;
; -2.214 ; listen:listen|count[4] ; listen:listen|data[9]  ; master:master|scl ; master:master|scl ; 1.000        ; -0.078     ; 3.137      ;
; -2.214 ; listen:listen|count[3] ; listen:listen|data[21] ; master:master|scl ; master:master|scl ; 1.000        ; -0.078     ; 3.137      ;
; -2.212 ; master:master|sda_en   ; listen:listen|data[7]  ; clk               ; master:master|scl ; 1.000        ; 0.743      ; 3.946      ;
; -2.199 ; listen:listen|count[5] ; listen:listen|data[22] ; master:master|scl ; master:master|scl ; 1.000        ; -0.081     ; 3.119      ;
; -2.193 ; listen:listen|count[1] ; listen:listen|data[9]  ; master:master|scl ; master:master|scl ; 1.000        ; -0.078     ; 3.116      ;
; -2.193 ; listen:listen|count[1] ; listen:listen|data[19] ; master:master|scl ; master:master|scl ; 1.000        ; -0.078     ; 3.116      ;
; -2.190 ; listen:listen|count[4] ; listen:listen|data[8]  ; master:master|scl ; master:master|scl ; 1.000        ; -0.077     ; 3.114      ;
; -2.188 ; listen:listen|count[1] ; listen:listen|data[12] ; master:master|scl ; master:master|scl ; 1.000        ; -0.079     ; 3.110      ;
; -2.176 ; listen:listen|count[6] ; listen:listen|data[25] ; master:master|scl ; master:master|scl ; 1.000        ; -0.081     ; 3.096      ;
; -2.174 ; listen:listen|count[4] ; listen:listen|data[13] ; master:master|scl ; master:master|scl ; 1.000        ; -0.079     ; 3.096      ;
; -2.174 ; listen:listen|count[6] ; listen:listen|data[22] ; master:master|scl ; master:master|scl ; 1.000        ; -0.081     ; 3.094      ;
; -2.148 ; listen:listen|count[3] ; listen:listen|data[23] ; master:master|scl ; master:master|scl ; 1.000        ; -0.082     ; 3.067      ;
; -2.147 ; listen:listen|count[6] ; listen:listen|data[11] ; master:master|scl ; master:master|scl ; 1.000        ; -0.078     ; 3.070      ;
; -2.147 ; listen:listen|count[3] ; listen:listen|data[18] ; master:master|scl ; master:master|scl ; 1.000        ; -0.082     ; 3.066      ;
; -2.128 ; listen:listen|count[5] ; listen:listen|data[5]  ; master:master|scl ; master:master|scl ; 1.000        ; -0.081     ; 3.048      ;
; -2.124 ; listen:listen|count[6] ; listen:listen|data[15] ; master:master|scl ; master:master|scl ; 1.000        ; -0.082     ; 3.043      ;
; -2.124 ; listen:listen|count[6] ; listen:listen|data[14] ; master:master|scl ; master:master|scl ; 1.000        ; -0.082     ; 3.043      ;
; -2.121 ; listen:listen|count[6] ; listen:listen|data[10] ; master:master|scl ; master:master|scl ; 1.000        ; -0.082     ; 3.040      ;
; -2.118 ; listen:listen|data[9]  ; listen:listen|data[9]  ; master:master|scl ; master:master|scl ; 1.000        ; -0.080     ; 3.039      ;
; -2.111 ; listen:listen|count[2] ; listen:listen|data[11] ; master:master|scl ; master:master|scl ; 1.000        ; -0.078     ; 3.034      ;
; -2.106 ; listen:listen|count[2] ; listen:listen|data[3]  ; master:master|scl ; master:master|scl ; 1.000        ; -0.078     ; 3.029      ;
; -2.103 ; listen:listen|count[6] ; listen:listen|data[5]  ; master:master|scl ; master:master|scl ; 1.000        ; -0.081     ; 3.023      ;
; -2.098 ; listen:listen|count[3] ; listen:listen|data[25] ; master:master|scl ; master:master|scl ; 1.000        ; -0.081     ; 3.018      ;
; -2.086 ; listen:listen|count[1] ; listen:listen|data[13] ; master:master|scl ; master:master|scl ; 1.000        ; -0.079     ; 3.008      ;
; -2.079 ; listen:listen|count[4] ; listen:listen|data[20] ; master:master|scl ; master:master|scl ; 1.000        ; -0.079     ; 3.001      ;
; -2.074 ; listen:listen|count[3] ; listen:listen|data[11] ; master:master|scl ; master:master|scl ; 1.000        ; -0.078     ; 2.997      ;
; -2.057 ; listen:listen|count[0] ; listen:listen|data[25] ; master:master|scl ; master:master|scl ; 1.000        ; -0.081     ; 2.977      ;
; -2.056 ; listen:listen|count[6] ; listen:listen|data[24] ; master:master|scl ; master:master|scl ; 1.000        ; -0.080     ; 2.977      ;
; -2.054 ; listen:listen|count[3] ; listen:listen|count[5] ; master:master|scl ; master:master|scl ; 1.000        ; -0.080     ; 2.975      ;
; -2.054 ; listen:listen|count[3] ; listen:listen|count[6] ; master:master|scl ; master:master|scl ; 1.000        ; -0.080     ; 2.975      ;
; -2.054 ; listen:listen|count[3] ; listen:listen|count[0] ; master:master|scl ; master:master|scl ; 1.000        ; -0.080     ; 2.975      ;
; -2.054 ; listen:listen|count[3] ; listen:listen|count[1] ; master:master|scl ; master:master|scl ; 1.000        ; -0.080     ; 2.975      ;
; -2.054 ; listen:listen|count[3] ; listen:listen|count[2] ; master:master|scl ; master:master|scl ; 1.000        ; -0.080     ; 2.975      ;
; -2.054 ; listen:listen|count[3] ; listen:listen|count[3] ; master:master|scl ; master:master|scl ; 1.000        ; -0.080     ; 2.975      ;
; -2.054 ; listen:listen|count[3] ; listen:listen|count[4] ; master:master|scl ; master:master|scl ; 1.000        ; -0.080     ; 2.975      ;
; -2.053 ; listen:listen|count[4] ; listen:listen|data[12] ; master:master|scl ; master:master|scl ; 1.000        ; -0.079     ; 2.975      ;
+--------+------------------------+------------------------+-------------------+-------------------+--------------+------------+------------+


+-----------------------------------------------------------------------------------------------------------------------------------------------+
; Slow 1200mV 85C Model Setup: 'beg_com:beg_com|beg'                                                                                            ;
+--------+------------------------+--------------------------+-------------------+---------------------+--------------+------------+------------+
; Slack  ; From Node              ; To Node                  ; Launch Clock      ; Latch Clock         ; Relationship ; Clock Skew ; Data Delay ;
+--------+------------------------+--------------------------+-------------------+---------------------+--------------+------------+------------+
; -1.556 ; listen:listen|data[11] ; listen:listen|Minutes[0] ; master:master|scl ; beg_com:beg_com|beg ; 0.500        ; -0.415     ; 1.642      ;
; -1.532 ; listen:listen|data[15] ; listen:listen|Minutes[4] ; master:master|scl ; beg_com:beg_com|beg ; 0.500        ; -0.411     ; 1.622      ;
; -1.530 ; listen:listen|data[4]  ; listen:listen|Seconds[1] ; master:master|scl ; beg_com:beg_com|beg ; 0.500        ; -0.412     ; 1.619      ;
; -1.526 ; listen:listen|data[14] ; listen:listen|Minutes[3] ; master:master|scl ; beg_com:beg_com|beg ; 0.500        ; -0.411     ; 1.616      ;
; -1.507 ; listen:listen|data[7]  ; listen:listen|Seconds[4] ; master:master|scl ; beg_com:beg_com|beg ; 0.500        ; -0.412     ; 1.596      ;
; -1.476 ; listen:listen|data[5]  ; listen:listen|Seconds[2] ; master:master|scl ; beg_com:beg_com|beg ; 0.500        ; -0.409     ; 1.568      ;
; -1.372 ; listen:listen|data[6]  ; listen:listen|Seconds[3] ; master:master|scl ; beg_com:beg_com|beg ; 0.500        ; -0.412     ; 1.461      ;
; -1.231 ; listen:listen|data[13] ; listen:listen|Minutes[2] ; master:master|scl ; beg_com:beg_com|beg ; 0.500        ; -0.414     ; 1.318      ;
; -1.229 ; listen:listen|data[8]  ; listen:listen|Seconds[5] ; master:master|scl ; beg_com:beg_com|beg ; 0.500        ; -0.413     ; 1.317      ;
; -1.216 ; listen:listen|data[3]  ; listen:listen|Seconds[0] ; master:master|scl ; beg_com:beg_com|beg ; 0.500        ; -0.412     ; 1.305      ;
; -1.198 ; listen:listen|data[12] ; listen:listen|Minutes[1] ; master:master|scl ; beg_com:beg_com|beg ; 0.500        ; -0.414     ; 1.285      ;
; -1.180 ; listen:listen|data[16] ; listen:listen|Minutes[5] ; master:master|scl ; beg_com:beg_com|beg ; 0.500        ; -0.413     ; 1.268      ;
; -1.032 ; listen:listen|data[18] ; listen:listen|Minutes[7] ; master:master|scl ; beg_com:beg_com|beg ; 0.500        ; -0.413     ; 1.120      ;
; -1.030 ; listen:listen|data[17] ; listen:listen|Minutes[6] ; master:master|scl ; beg_com:beg_com|beg ; 0.500        ; -0.413     ; 1.118      ;
; -1.006 ; listen:listen|data[21] ; listen:listen|Hours[5]   ; master:master|scl ; beg_com:beg_com|beg ; 0.500        ; -0.413     ; 1.094      ;
; -0.999 ; listen:listen|data[20] ; listen:listen|Hours[6]   ; master:master|scl ; beg_com:beg_com|beg ; 0.500        ; -0.412     ; 1.088      ;
; -0.990 ; listen:listen|data[9]  ; listen:listen|Seconds[6] ; master:master|scl ; beg_com:beg_com|beg ; 0.500        ; -0.412     ; 1.079      ;
; -0.986 ; listen:listen|data[24] ; listen:listen|Hours[2]   ; master:master|scl ; beg_com:beg_com|beg ; 0.500        ; -0.411     ; 1.076      ;
; -0.821 ; listen:listen|data[19] ; listen:listen|Hours[7]   ; master:master|scl ; beg_com:beg_com|beg ; 0.500        ; -0.413     ; 0.909      ;
; -0.821 ; listen:listen|data[25] ; listen:listen|Hours[1]   ; master:master|scl ; beg_com:beg_com|beg ; 0.500        ; -0.413     ; 0.909      ;
; -0.821 ; listen:listen|data[10] ; listen:listen|Seconds[7] ; master:master|scl ; beg_com:beg_com|beg ; 0.500        ; -0.413     ; 0.909      ;
; -0.821 ; listen:listen|data[26] ; listen:listen|Hours[0]   ; master:master|scl ; beg_com:beg_com|beg ; 0.500        ; -0.412     ; 0.910      ;
; -0.819 ; listen:listen|data[23] ; listen:listen|Hours[3]   ; master:master|scl ; beg_com:beg_com|beg ; 0.500        ; -0.413     ; 0.907      ;
; -0.819 ; listen:listen|data[22] ; listen:listen|Hours[4]   ; master:master|scl ; beg_com:beg_com|beg ; 0.500        ; -0.413     ; 0.907      ;
+--------+------------------------+--------------------------+-------------------+---------------------+--------------+------------+------------+


+----------------------------------------------------------------------------------------------------------------------------------------------------------------------------------+
; Slow 1200mV 85C Model Hold: 'clk'                                                                                                                                                ;
+-------+----------------------------------------+----------------------------------------+---------------------------------+-------------+--------------+------------+------------+
; Slack ; From Node                              ; To Node                                ; Launch Clock                    ; Latch Clock ; Relationship ; Clock Skew ; Data Delay ;
+-------+----------------------------------------+----------------------------------------+---------------------------------+-------------+--------------+------------+------------+
; 0.434 ; alarm_led:alarm_led|buzzer_minute      ; alarm_led:alarm_led|buzzer_minute      ; clk                             ; clk         ; 0.000        ; 0.100      ; 0.746      ;
; 0.435 ; alarm_led:alarm_led|led_index[2]       ; alarm_led:alarm_led|led_index[2]       ; clk                             ; clk         ; 0.000        ; 0.099      ; 0.746      ;
; 0.447 ; alarm_led:alarm_led|led_index[0]       ; alarm_led:alarm_led|led_index[0]       ; clk                             ; clk         ; 0.000        ; 0.099      ; 0.758      ;
; 0.454 ; master:master|listen_count[2]          ; master:master|listen_count[2]          ; clk                             ; clk         ; 0.000        ; 0.080      ; 0.746      ;
; 0.454 ; master:master|listen_count[1]          ; master:master|listen_count[1]          ; clk                             ; clk         ; 0.000        ; 0.080      ; 0.746      ;
; 0.454 ; master:master|listen_count[0]          ; master:master|listen_count[0]          ; clk                             ; clk         ; 0.000        ; 0.080      ; 0.746      ;
; 0.454 ; master:master|listen_count[3]          ; master:master|listen_count[3]          ; clk                             ; clk         ; 0.000        ; 0.080      ; 0.746      ;
; 0.454 ; master:master|state.Send_Add           ; master:master|state.Send_Add           ; clk                             ; clk         ; 0.000        ; 0.080      ; 0.746      ;
; 0.454 ; master:master|state.Stretch            ; master:master|state.Stretch            ; clk                             ; clk         ; 0.000        ; 0.080      ; 0.746      ;
; 0.454 ; master:master|st_prev.Send_Add         ; master:master|st_prev.Send_Add         ; clk                             ; clk         ; 0.000        ; 0.080      ; 0.746      ;
; 0.454 ; master:master|st_prev.Restart          ; master:master|st_prev.Restart          ; clk                             ; clk         ; 0.000        ; 0.080      ; 0.746      ;
; 0.454 ; master:master|st_prev.Send_Reg         ; master:master|st_prev.Send_Reg         ; clk                             ; clk         ; 0.000        ; 0.080      ; 0.746      ;
; 0.454 ; master:master|state.Default            ; master:master|state.Default            ; clk                             ; clk         ; 0.000        ; 0.080      ; 0.746      ;
; 0.454 ; master:master|state.Listen             ; master:master|state.Listen             ; clk                             ; clk         ; 0.000        ; 0.080      ; 0.746      ;
; 0.509 ; beg_com:beg_com|count[25]              ; beg_com:beg_com|count[25]              ; clk                             ; clk         ; 0.000        ; 0.081      ; 0.802      ;
; 0.548 ; alarm_led:alarm_led|led_index[2]       ; alarm_led:alarm_led|led_index[0]       ; clk                             ; clk         ; 0.000        ; 0.099      ; 0.859      ;
; 0.726 ; beg_com:beg_com|count[1]               ; beg_com:beg_com|count[1]               ; clk                             ; clk         ; 0.000        ; 0.100      ; 1.038      ;
; 0.741 ; lcddin_mod:lcd_display|clk_counter[1]  ; lcddin_mod:lcd_display|clk_counter[1]  ; clk                             ; clk         ; 0.000        ; 0.101      ; 1.054      ;
; 0.744 ; beg_com:beg_com|count[3]               ; beg_com:beg_com|count[3]               ; clk                             ; clk         ; 0.000        ; 0.081      ; 1.037      ;
; 0.746 ; beg_com:beg_com|count[2]               ; beg_com:beg_com|count[2]               ; clk                             ; clk         ; 0.000        ; 0.081      ; 1.039      ;
; 0.747 ; beg_com:beg_com|count[4]               ; beg_com:beg_com|count[4]               ; clk                             ; clk         ; 0.000        ; 0.081      ; 1.040      ;
; 0.761 ; lcddin_mod:lcd_display|clk_counter[3]  ; lcddin_mod:lcd_display|clk_counter[3]  ; clk                             ; clk         ; 0.000        ; 0.081      ; 1.054      ;
; 0.762 ; lcddin_mod:lcd_display|clk_counter[11] ; lcddin_mod:lcd_display|clk_counter[11] ; clk                             ; clk         ; 0.000        ; 0.081      ; 1.055      ;
; 0.762 ; master:master|counter[1]               ; master:master|counter[1]               ; clk                             ; clk         ; 0.000        ; 0.080      ; 1.054      ;
; 0.762 ; master:master|counter[5]               ; master:master|counter[5]               ; clk                             ; clk         ; 0.000        ; 0.080      ; 1.054      ;
; 0.762 ; beg_com:beg_com|count[15]              ; beg_com:beg_com|count[15]              ; clk                             ; clk         ; 0.000        ; 0.081      ; 1.055      ;
; 0.762 ; beg_com:beg_com|count[10]              ; beg_com:beg_com|count[10]              ; clk                             ; clk         ; 0.000        ; 0.081      ; 1.055      ;
; 0.762 ; beg_com:beg_com|count[9]               ; beg_com:beg_com|count[9]               ; clk                             ; clk         ; 0.000        ; 0.081      ; 1.055      ;
; 0.762 ; beg_com:beg_com|count[7]               ; beg_com:beg_com|count[7]               ; clk                             ; clk         ; 0.000        ; 0.081      ; 1.055      ;
; 0.763 ; lcddin_mod:lcd_display|clk_counter[9]  ; lcddin_mod:lcd_display|clk_counter[9]  ; clk                             ; clk         ; 0.000        ; 0.081      ; 1.056      ;
; 0.763 ; lcddin_mod:lcd_display|clk_counter[7]  ; lcddin_mod:lcd_display|clk_counter[7]  ; clk                             ; clk         ; 0.000        ; 0.081      ; 1.056      ;
; 0.763 ; lcddin_mod:lcd_display|clk_counter[6]  ; lcddin_mod:lcd_display|clk_counter[6]  ; clk                             ; clk         ; 0.000        ; 0.081      ; 1.056      ;
; 0.763 ; master:master|counter[2]               ; master:master|counter[2]               ; clk                             ; clk         ; 0.000        ; 0.080      ; 1.055      ;
; 0.763 ; master:master|counter[3]               ; master:master|counter[3]               ; clk                             ; clk         ; 0.000        ; 0.080      ; 1.055      ;
; 0.763 ; beg_com:beg_com|count[23]              ; beg_com:beg_com|count[23]              ; clk                             ; clk         ; 0.000        ; 0.081      ; 1.056      ;
; 0.763 ; beg_com:beg_com|count[17]              ; beg_com:beg_com|count[17]              ; clk                             ; clk         ; 0.000        ; 0.081      ; 1.056      ;
; 0.763 ; beg_com:beg_com|count[8]               ; beg_com:beg_com|count[8]               ; clk                             ; clk         ; 0.000        ; 0.081      ; 1.056      ;
; 0.763 ; beg_com:beg_com|count[5]               ; beg_com:beg_com|count[5]               ; clk                             ; clk         ; 0.000        ; 0.081      ; 1.056      ;
; 0.764 ; lcddin_mod:lcd_display|clk_counter[2]  ; lcddin_mod:lcd_display|clk_counter[2]  ; clk                             ; clk         ; 0.000        ; 0.081      ; 1.057      ;
; 0.764 ; master:master|counter[4]               ; master:master|counter[4]               ; clk                             ; clk         ; 0.000        ; 0.080      ; 1.056      ;
; 0.766 ; lcddin_mod:lcd_display|clk_counter[0]  ; lcddin_mod:lcd_display|clk_counter[0]  ; clk                             ; clk         ; 0.000        ; 0.101      ; 1.079      ;
; 0.787 ; master:master|counter[0]               ; master:master|counter[0]               ; clk                             ; clk         ; 0.000        ; 0.080      ; 1.079      ;
; 0.789 ; master:master|counter[6]               ; master:master|counter[6]               ; clk                             ; clk         ; 0.000        ; 0.080      ; 1.081      ;
; 0.791 ; master:master|listen_count[2]          ; master:master|listen_count[3]          ; clk                             ; clk         ; 0.000        ; 0.080      ; 1.083      ;
; 0.796 ; master:master|state.Send_Reg           ; master:master|st_prev.Send_Reg         ; clk                             ; clk         ; 0.000        ; 0.080      ; 1.088      ;
; 0.799 ; alarm_led:alarm_led|led_index[1]       ; alarm_led:alarm_led|led_index[2]       ; clk                             ; clk         ; 0.000        ; 0.099      ; 1.110      ;
; 0.803 ; beg_com:beg_com|beg                    ; master:master|sda_out                  ; beg_com:beg_com|beg             ; clk         ; 0.000        ; 2.585      ; 3.891      ;
; 0.808 ; alarm_led:alarm_led|led_index[0]       ; alarm_led:alarm_led|led_index[2]       ; clk                             ; clk         ; 0.000        ; 0.099      ; 1.119      ;
; 0.814 ; master:master|listen_count[0]          ; master:master|listen_count[1]          ; clk                             ; clk         ; 0.000        ; 0.080      ; 1.106      ;
; 0.824 ; master:master|state.Send_Reg           ; master:master|st_prev.Default          ; clk                             ; clk         ; 0.000        ; 0.080      ; 1.116      ;
; 0.837 ; alarm_led:alarm_led|led_index[1]       ; alarm_led:alarm_led|led_index[0]       ; clk                             ; clk         ; 0.000        ; 0.099      ; 1.148      ;
; 0.849 ; master:master|listen_count[3]          ; master:master|listen_count[2]          ; clk                             ; clk         ; 0.000        ; 0.080      ; 1.141      ;
; 0.853 ; master:master|listen_count[3]          ; master:master|listen_count[1]          ; clk                             ; clk         ; 0.000        ; 0.080      ; 1.145      ;
; 0.855 ; master:master|listen_count[3]          ; master:master|listen_count[0]          ; clk                             ; clk         ; 0.000        ; 0.080      ; 1.147      ;
; 0.919 ; alarm_led:alarm_led|led_index[2]       ; alarm_led:alarm_led|leds[6]            ; clk                             ; clk         ; 0.000        ; 0.194      ; 1.325      ;
; 0.928 ; alarm_led:alarm_led|led_index[1]       ; alarm_led:alarm_led|leds[6]            ; clk                             ; clk         ; 0.000        ; 0.194      ; 1.334      ;
; 0.950 ; lcddin_mod:lcd_display|clk_16ms        ; lcddin_mod:lcd_display|clk_16ms        ; lcddin_mod:lcd_display|clk_16ms ; clk         ; 0.000        ; 2.609      ; 4.062      ;
; 1.019 ; beg_com:beg_com|beg                    ; master:master|counter[6]               ; beg_com:beg_com|beg             ; clk         ; 0.000        ; 2.592      ; 4.114      ;
; 1.019 ; beg_com:beg_com|beg                    ; master:master|counter[0]               ; beg_com:beg_com|beg             ; clk         ; 0.000        ; 2.592      ; 4.114      ;
; 1.019 ; beg_com:beg_com|beg                    ; master:master|counter[1]               ; beg_com:beg_com|beg             ; clk         ; 0.000        ; 2.592      ; 4.114      ;
; 1.019 ; beg_com:beg_com|beg                    ; master:master|counter[2]               ; beg_com:beg_com|beg             ; clk         ; 0.000        ; 2.592      ; 4.114      ;
; 1.019 ; beg_com:beg_com|beg                    ; master:master|counter[3]               ; beg_com:beg_com|beg             ; clk         ; 0.000        ; 2.592      ; 4.114      ;
; 1.019 ; beg_com:beg_com|beg                    ; master:master|counter[4]               ; beg_com:beg_com|beg             ; clk         ; 0.000        ; 2.592      ; 4.114      ;
; 1.019 ; beg_com:beg_com|beg                    ; master:master|counter[5]               ; beg_com:beg_com|beg             ; clk         ; 0.000        ; 2.592      ; 4.114      ;
; 1.090 ; master:master|scl                      ; master:master|scl                      ; master:master|scl               ; clk         ; 0.000        ; 2.583      ; 4.176      ;
; 1.092 ; beg_com:beg_com|beg                    ; master:master|scl                      ; beg_com:beg_com|beg             ; clk         ; 0.000        ; 2.583      ; 4.178      ;
; 1.099 ; beg_com:beg_com|count[3]               ; beg_com:beg_com|count[4]               ; clk                             ; clk         ; 0.000        ; 0.081      ; 1.392      ;
; 1.104 ; lcddin_mod:lcd_display|clk_counter[0]  ; lcddin_mod:lcd_display|clk_counter[1]  ; clk                             ; clk         ; 0.000        ; 0.101      ; 1.417      ;
; 1.105 ; beg_com:beg_com|count[0]               ; beg_com:beg_com|count[1]               ; clk                             ; clk         ; 0.000        ; 0.100      ; 1.417      ;
; 1.107 ; beg_com:beg_com|count[2]               ; beg_com:beg_com|count[3]               ; clk                             ; clk         ; 0.000        ; 0.081      ; 1.400      ;
; 1.108 ; beg_com:beg_com|count[4]               ; beg_com:beg_com|count[5]               ; clk                             ; clk         ; 0.000        ; 0.081      ; 1.401      ;
; 1.116 ; beg_com:beg_com|count[9]               ; beg_com:beg_com|count[10]              ; clk                             ; clk         ; 0.000        ; 0.081      ; 1.409      ;
; 1.116 ; master:master|counter[1]               ; master:master|counter[2]               ; clk                             ; clk         ; 0.000        ; 0.080      ; 1.408      ;
; 1.116 ; beg_com:beg_com|count[7]               ; beg_com:beg_com|count[8]               ; clk                             ; clk         ; 0.000        ; 0.081      ; 1.409      ;
; 1.116 ; beg_com:beg_com|count[2]               ; beg_com:beg_com|count[4]               ; clk                             ; clk         ; 0.000        ; 0.081      ; 1.409      ;
; 1.117 ; master:master|counter[3]               ; master:master|counter[4]               ; clk                             ; clk         ; 0.000        ; 0.080      ; 1.409      ;
; 1.117 ; master:master|counter[5]               ; master:master|counter[6]               ; clk                             ; clk         ; 0.000        ; 0.080      ; 1.409      ;
; 1.124 ; beg_com:beg_com|count[8]               ; beg_com:beg_com|count[9]               ; clk                             ; clk         ; 0.000        ; 0.081      ; 1.417      ;
; 1.124 ; lcddin_mod:lcd_display|clk_counter[6]  ; lcddin_mod:lcd_display|clk_counter[7]  ; clk                             ; clk         ; 0.000        ; 0.081      ; 1.417      ;
; 1.124 ; master:master|counter[2]               ; master:master|counter[3]               ; clk                             ; clk         ; 0.000        ; 0.080      ; 1.416      ;
; 1.125 ; lcddin_mod:lcd_display|clk_counter[2]  ; lcddin_mod:lcd_display|clk_counter[3]  ; clk                             ; clk         ; 0.000        ; 0.081      ; 1.418      ;
; 1.125 ; master:master|counter[4]               ; master:master|counter[5]               ; clk                             ; clk         ; 0.000        ; 0.080      ; 1.417      ;
; 1.125 ; master:master|counter[0]               ; master:master|counter[1]               ; clk                             ; clk         ; 0.000        ; 0.080      ; 1.417      ;
; 1.126 ; beg_com:beg_com|count[6]               ; beg_com:beg_com|count[7]               ; clk                             ; clk         ; 0.000        ; 0.081      ; 1.419      ;
; 1.133 ; beg_com:beg_com|count[8]               ; beg_com:beg_com|count[10]              ; clk                             ; clk         ; 0.000        ; 0.081      ; 1.426      ;
; 1.133 ; master:master|counter[2]               ; master:master|counter[4]               ; clk                             ; clk         ; 0.000        ; 0.080      ; 1.425      ;
; 1.134 ; master:master|counter[0]               ; master:master|counter[2]               ; clk                             ; clk         ; 0.000        ; 0.080      ; 1.426      ;
; 1.134 ; master:master|counter[4]               ; master:master|counter[6]               ; clk                             ; clk         ; 0.000        ; 0.080      ; 1.426      ;
; 1.135 ; beg_com:beg_com|count[6]               ; beg_com:beg_com|count[8]               ; clk                             ; clk         ; 0.000        ; 0.081      ; 1.428      ;
; 1.136 ; alarm_led:alarm_led|led_index[0]       ; alarm_led:alarm_led|leds[0]            ; clk                             ; clk         ; 0.000        ; -0.352     ; 0.996      ;
; 1.138 ; alarm_led:alarm_led|led_index[0]       ; alarm_led:alarm_led|leds[2]            ; clk                             ; clk         ; 0.000        ; -0.352     ; 0.998      ;
; 1.141 ; alarm_led:alarm_led|led_index[0]       ; alarm_led:alarm_led|leds[4]            ; clk                             ; clk         ; 0.000        ; -0.352     ; 1.001      ;
; 1.146 ; beg_com:beg_com|count[0]               ; beg_com:beg_com|count[0]               ; clk                             ; clk         ; 0.000        ; 0.100      ; 1.458      ;
; 1.150 ; alarm_led:alarm_led|led_index[0]       ; alarm_led:alarm_led|leds[1]            ; clk                             ; clk         ; 0.000        ; -0.352     ; 1.010      ;
; 1.151 ; alarm_led:alarm_led|led_index[0]       ; alarm_led:alarm_led|leds[3]            ; clk                             ; clk         ; 0.000        ; -0.352     ; 1.011      ;
; 1.153 ; alarm_led:alarm_led|led_index[0]       ; alarm_led:alarm_led|leds[5]            ; clk                             ; clk         ; 0.000        ; -0.352     ; 1.013      ;
; 1.160 ; beg_com:beg_com|count[21]              ; beg_com:beg_com|count[21]              ; clk                             ; clk         ; 0.000        ; 0.081      ; 1.453      ;
; 1.161 ; lcddin_mod:lcd_display|clk_counter[12] ; lcddin_mod:lcd_display|clk_counter[12] ; clk                             ; clk         ; 0.000        ; 0.081      ; 1.454      ;
; 1.162 ; beg_com:beg_com|beg                    ; beg_com:beg_com|beg                    ; beg_com:beg_com|beg             ; clk         ; 0.000        ; 2.591      ; 4.256      ;
; 1.164 ; beg_com:beg_com|count[6]               ; beg_com:beg_com|count[6]               ; clk                             ; clk         ; 0.000        ; 0.081      ; 1.457      ;
+-------+----------------------------------------+----------------------------------------+---------------------------------+-------------+--------------+------------+------------+


+------------------------------------------------------------------------------------------------------------------------------------------------------------------------------------------------------------------------------+
; Slow 1200mV 85C Model Hold: 'lcddin_mod:lcd_display|clk_16ms'                                                                                                                                                                ;
+-------+----------------------------------------------------+----------------------------------------------------+---------------------------------+---------------------------------+--------------+------------+------------+
; Slack ; From Node                                          ; To Node                                            ; Launch Clock                    ; Latch Clock                     ; Relationship ; Clock Skew ; Data Delay ;
+-------+----------------------------------------------------+----------------------------------------------------+---------------------------------+---------------------------------+--------------+------------+------------+
; 0.434 ; lcddin_mod:lcd_display|fsm_state.WR_STATIC_TEXT_1L ; lcddin_mod:lcd_display|fsm_state.WR_STATIC_TEXT_1L ; lcddin_mod:lcd_display|clk_16ms ; lcddin_mod:lcd_display|clk_16ms ; 0.000        ; 0.100      ; 0.746      ;
; 0.453 ; lcddin_mod:lcd_display|fsm_state.WR_STATIC_TEXT_2L ; lcddin_mod:lcd_display|fsm_state.WR_STATIC_TEXT_2L ; lcddin_mod:lcd_display|clk_16ms ; lcddin_mod:lcd_display|clk_16ms ; 0.000        ; 0.081      ; 0.746      ;
; 0.454 ; lcddin_mod:lcd_display|command_counter[2]          ; lcddin_mod:lcd_display|command_counter[2]          ; lcddin_mod:lcd_display|clk_16ms ; lcddin_mod:lcd_display|clk_16ms ; 0.000        ; 0.080      ; 0.746      ;
; 0.454 ; lcddin_mod:lcd_display|command_counter[1]          ; lcddin_mod:lcd_display|command_counter[1]          ; lcddin_mod:lcd_display|clk_16ms ; lcddin_mod:lcd_display|clk_16ms ; 0.000        ; 0.080      ; 0.746      ;
; 0.454 ; lcddin_mod:lcd_display|command_counter[0]          ; lcddin_mod:lcd_display|command_counter[0]          ; lcddin_mod:lcd_display|clk_16ms ; lcddin_mod:lcd_display|clk_16ms ; 0.000        ; 0.080      ; 0.746      ;
; 0.542 ; lcddin_mod:lcd_display|fsm_state.IDLE              ; lcddin_mod:lcd_display|fsm_state.CONFIG_CMD1       ; lcddin_mod:lcd_display|clk_16ms ; lcddin_mod:lcd_display|clk_16ms ; 0.000        ; 0.080      ; 0.834      ;
; 0.553 ; lcddin_mod:lcd_display|command_counter[0]          ; lcddin_mod:lcd_display|command_counter[1]          ; lcddin_mod:lcd_display|clk_16ms ; lcddin_mod:lcd_display|clk_16ms ; 0.000        ; 0.080      ; 0.845      ;
; 0.567 ; lcddin_mod:lcd_display|fsm_state.CONFIG_CMD1       ; lcddin_mod:lcd_display|command_counter[0]          ; lcddin_mod:lcd_display|clk_16ms ; lcddin_mod:lcd_display|clk_16ms ; 0.000        ; 0.080      ; 0.859      ;
; 0.714 ; lcddin_mod:lcd_display|data_counter[4]             ; lcddin_mod:lcd_display|data_counter[4]             ; lcddin_mod:lcd_display|clk_16ms ; lcddin_mod:lcd_display|clk_16ms ; 0.000        ; 0.080      ; 1.006      ;
; 0.730 ; lcddin_mod:lcd_display|text[12][3]                 ; lcddin_mod:lcd_display|data[3]                     ; clk                             ; lcddin_mod:lcd_display|clk_16ms ; 0.000        ; 1.105      ; 2.077      ;
; 0.781 ; lcddin_mod:lcd_display|fsm_state.WR_STATIC_TEXT_2L ; lcddin_mod:lcd_display|rs                          ; lcddin_mod:lcd_display|clk_16ms ; lcddin_mod:lcd_display|clk_16ms ; 0.000        ; 0.081      ; 1.074      ;
; 0.802 ; lcddin_mod:lcd_display|data_counter[3]             ; lcddin_mod:lcd_display|data_counter[3]             ; lcddin_mod:lcd_display|clk_16ms ; lcddin_mod:lcd_display|clk_16ms ; 0.000        ; 0.080      ; 1.094      ;
; 0.803 ; lcddin_mod:lcd_display|data_counter[2]             ; lcddin_mod:lcd_display|data_counter[2]             ; lcddin_mod:lcd_display|clk_16ms ; lcddin_mod:lcd_display|clk_16ms ; 0.000        ; 0.080      ; 1.095      ;
; 0.818 ; lcddin_mod:lcd_display|data_counter[1]             ; lcddin_mod:lcd_display|data_counter[1]             ; lcddin_mod:lcd_display|clk_16ms ; lcddin_mod:lcd_display|clk_16ms ; 0.000        ; 0.080      ; 1.110      ;
; 0.821 ; lcddin_mod:lcd_display|data_counter[0]             ; lcddin_mod:lcd_display|data_counter[0]             ; lcddin_mod:lcd_display|clk_16ms ; lcddin_mod:lcd_display|clk_16ms ; 0.000        ; 0.080      ; 1.113      ;
; 0.821 ; lcddin_mod:lcd_display|fsm_state.CONFIG_CMD1       ; lcddin_mod:lcd_display|command_counter[2]          ; lcddin_mod:lcd_display|clk_16ms ; lcddin_mod:lcd_display|clk_16ms ; 0.000        ; 0.080      ; 1.113      ;
; 0.821 ; lcddin_mod:lcd_display|fsm_state.IDLE              ; lcddin_mod:lcd_display|command_counter[1]          ; lcddin_mod:lcd_display|clk_16ms ; lcddin_mod:lcd_display|clk_16ms ; 0.000        ; 0.080      ; 1.113      ;
; 0.822 ; lcddin_mod:lcd_display|fsm_state.IDLE              ; lcddin_mod:lcd_display|command_counter[2]          ; lcddin_mod:lcd_display|clk_16ms ; lcddin_mod:lcd_display|clk_16ms ; 0.000        ; 0.080      ; 1.114      ;
; 0.825 ; lcddin_mod:lcd_display|fsm_state.CONFIG_CMD1       ; lcddin_mod:lcd_display|command_counter[1]          ; lcddin_mod:lcd_display|clk_16ms ; lcddin_mod:lcd_display|clk_16ms ; 0.000        ; 0.080      ; 1.117      ;
; 0.829 ; lcddin_mod:lcd_display|fsm_state.WR_STATIC_TEXT_2L ; lcddin_mod:lcd_display|data[5]                     ; lcddin_mod:lcd_display|clk_16ms ; lcddin_mod:lcd_display|clk_16ms ; 0.000        ; 0.081      ; 1.122      ;
; 0.835 ; lcddin_mod:lcd_display|data_counter[2]             ; lcddin_mod:lcd_display|data[6]                     ; lcddin_mod:lcd_display|clk_16ms ; lcddin_mod:lcd_display|clk_16ms ; 0.000        ; 0.080      ; 1.127      ;
; 0.837 ; lcddin_mod:lcd_display|data_counter[3]             ; lcddin_mod:lcd_display|data[6]                     ; lcddin_mod:lcd_display|clk_16ms ; lcddin_mod:lcd_display|clk_16ms ; 0.000        ; 0.080      ; 1.129      ;
; 0.848 ; lcddin_mod:lcd_display|fsm_state.IDLE              ; lcddin_mod:lcd_display|command_counter[0]          ; lcddin_mod:lcd_display|clk_16ms ; lcddin_mod:lcd_display|clk_16ms ; 0.000        ; 0.080      ; 1.140      ;
; 0.877 ; lcddin_mod:lcd_display|text[10][2]                 ; lcddin_mod:lcd_display|data[2]                     ; clk                             ; lcddin_mod:lcd_display|clk_16ms ; 0.000        ; 1.105      ; 2.224      ;
; 0.906 ; lcddin_mod:lcd_display|command_counter[2]          ; lcddin_mod:lcd_display|fsm_state.WR_STATIC_TEXT_1L ; lcddin_mod:lcd_display|clk_16ms ; lcddin_mod:lcd_display|clk_16ms ; 0.000        ; 0.575      ; 1.693      ;
; 0.957 ; lcddin_mod:lcd_display|text[10][3]                 ; lcddin_mod:lcd_display|data[3]                     ; clk                             ; lcddin_mod:lcd_display|clk_16ms ; 0.000        ; 1.105      ; 2.304      ;
; 0.960 ; lcddin_mod:lcd_display|text[7][3]                  ; lcddin_mod:lcd_display|data[3]                     ; clk                             ; lcddin_mod:lcd_display|clk_16ms ; 0.000        ; 1.105      ; 2.307      ;
; 0.963 ; lcddin_mod:lcd_display|text[7][1]                  ; lcddin_mod:lcd_display|data[1]                     ; clk                             ; lcddin_mod:lcd_display|clk_16ms ; 0.000        ; 1.104      ; 2.309      ;
; 0.970 ; lcddin_mod:lcd_display|text[13][3]                 ; lcddin_mod:lcd_display|data[3]                     ; clk                             ; lcddin_mod:lcd_display|clk_16ms ; 0.000        ; 1.105      ; 2.317      ;
; 0.977 ; lcddin_mod:lcd_display|command_counter[0]          ; lcddin_mod:lcd_display|command_counter[2]          ; lcddin_mod:lcd_display|clk_16ms ; lcddin_mod:lcd_display|clk_16ms ; 0.000        ; 0.080      ; 1.269      ;
; 0.993 ; lcddin_mod:lcd_display|text[7][0]                  ; lcddin_mod:lcd_display|data[0]                     ; clk                             ; lcddin_mod:lcd_display|clk_16ms ; 0.000        ; 1.104      ; 2.339      ;
; 1.028 ; lcddin_mod:lcd_display|text[9][2]                  ; lcddin_mod:lcd_display|data[2]                     ; clk                             ; lcddin_mod:lcd_display|clk_16ms ; 0.000        ; 1.105      ; 2.375      ;
; 1.043 ; lcddin_mod:lcd_display|text[6][3]                  ; lcddin_mod:lcd_display|data[3]                     ; clk                             ; lcddin_mod:lcd_display|clk_16ms ; 0.000        ; 1.105      ; 2.390      ;
; 1.077 ; lcddin_mod:lcd_display|text[13][1]                 ; lcddin_mod:lcd_display|data[1]                     ; clk                             ; lcddin_mod:lcd_display|clk_16ms ; 0.000        ; 1.104      ; 2.423      ;
; 1.077 ; lcddin_mod:lcd_display|text[12][0]                 ; lcddin_mod:lcd_display|data[0]                     ; clk                             ; lcddin_mod:lcd_display|clk_16ms ; 0.000        ; 1.104      ; 2.423      ;
; 1.092 ; lcddin_mod:lcd_display|fsm_state.CONFIG_CMD2       ; lcddin_mod:lcd_display|data[7]                     ; lcddin_mod:lcd_display|clk_16ms ; lcddin_mod:lcd_display|clk_16ms ; 0.000        ; 0.085      ; 1.389      ;
; 1.109 ; lcddin_mod:lcd_display|command_counter[0]          ; lcddin_mod:lcd_display|fsm_state.CONFIG_CMD1       ; lcddin_mod:lcd_display|clk_16ms ; lcddin_mod:lcd_display|clk_16ms ; 0.000        ; 0.080      ; 1.401      ;
; 1.110 ; lcddin_mod:lcd_display|text[13][2]                 ; lcddin_mod:lcd_display|data[2]                     ; clk                             ; lcddin_mod:lcd_display|clk_16ms ; 0.000        ; 1.105      ; 2.457      ;
; 1.150 ; lcddin_mod:lcd_display|fsm_state.WR_STATIC_TEXT_1L ; lcddin_mod:lcd_display|rs                          ; lcddin_mod:lcd_display|clk_16ms ; lcddin_mod:lcd_display|clk_16ms ; 0.000        ; -0.390     ; 0.972      ;
; 1.156 ; lcddin_mod:lcd_display|data_counter[3]             ; lcddin_mod:lcd_display|data_counter[4]             ; lcddin_mod:lcd_display|clk_16ms ; lcddin_mod:lcd_display|clk_16ms ; 0.000        ; 0.080      ; 1.448      ;
; 1.164 ; lcddin_mod:lcd_display|data_counter[2]             ; lcddin_mod:lcd_display|data_counter[3]             ; lcddin_mod:lcd_display|clk_16ms ; lcddin_mod:lcd_display|clk_16ms ; 0.000        ; 0.080      ; 1.456      ;
; 1.165 ; lcddin_mod:lcd_display|data_counter[0]             ; lcddin_mod:lcd_display|data_counter[1]             ; lcddin_mod:lcd_display|clk_16ms ; lcddin_mod:lcd_display|clk_16ms ; 0.000        ; 0.080      ; 1.457      ;
; 1.172 ; lcddin_mod:lcd_display|data_counter[1]             ; lcddin_mod:lcd_display|data_counter[2]             ; lcddin_mod:lcd_display|clk_16ms ; lcddin_mod:lcd_display|clk_16ms ; 0.000        ; 0.080      ; 1.464      ;
; 1.173 ; lcddin_mod:lcd_display|data_counter[2]             ; lcddin_mod:lcd_display|data_counter[4]             ; lcddin_mod:lcd_display|clk_16ms ; lcddin_mod:lcd_display|clk_16ms ; 0.000        ; 0.080      ; 1.465      ;
; 1.174 ; lcddin_mod:lcd_display|data_counter[0]             ; lcddin_mod:lcd_display|data_counter[2]             ; lcddin_mod:lcd_display|clk_16ms ; lcddin_mod:lcd_display|clk_16ms ; 0.000        ; 0.080      ; 1.466      ;
; 1.180 ; lcddin_mod:lcd_display|command_counter[1]          ; lcddin_mod:lcd_display|command_counter[2]          ; lcddin_mod:lcd_display|clk_16ms ; lcddin_mod:lcd_display|clk_16ms ; 0.000        ; 0.080      ; 1.472      ;
; 1.191 ; lcddin_mod:lcd_display|text[9][3]                  ; lcddin_mod:lcd_display|data[3]                     ; clk                             ; lcddin_mod:lcd_display|clk_16ms ; 0.000        ; 1.105      ; 2.538      ;
; 1.210 ; lcddin_mod:lcd_display|command_counter[2]          ; lcddin_mod:lcd_display|fsm_state.CONFIG_CMD1       ; lcddin_mod:lcd_display|clk_16ms ; lcddin_mod:lcd_display|clk_16ms ; 0.000        ; 0.080      ; 1.502      ;
; 1.211 ; lcddin_mod:lcd_display|text[7][2]                  ; lcddin_mod:lcd_display|data[2]                     ; clk                             ; lcddin_mod:lcd_display|clk_16ms ; 0.000        ; 1.105      ; 2.558      ;
; 1.212 ; lcddin_mod:lcd_display|data_counter[3]             ; lcddin_mod:lcd_display|data[3]                     ; lcddin_mod:lcd_display|clk_16ms ; lcddin_mod:lcd_display|clk_16ms ; 0.000        ; 0.080      ; 1.504      ;
; 1.218 ; lcddin_mod:lcd_display|fsm_state.CONFIG_CMD1       ; lcddin_mod:lcd_display|data[3]                     ; lcddin_mod:lcd_display|clk_16ms ; lcddin_mod:lcd_display|clk_16ms ; 0.000        ; 0.076      ; 1.506      ;
; 1.226 ; lcddin_mod:lcd_display|text[12][2]                 ; lcddin_mod:lcd_display|data[2]                     ; clk                             ; lcddin_mod:lcd_display|clk_16ms ; 0.000        ; 1.105      ; 2.573      ;
; 1.235 ; lcddin_mod:lcd_display|fsm_state.CONFIG_CMD2       ; lcddin_mod:lcd_display|data[6]                     ; lcddin_mod:lcd_display|clk_16ms ; lcddin_mod:lcd_display|clk_16ms ; 0.000        ; 0.076      ; 1.523      ;
; 1.241 ; lcddin_mod:lcd_display|command_counter[0]          ; lcddin_mod:lcd_display|fsm_state.WR_STATIC_TEXT_1L ; lcddin_mod:lcd_display|clk_16ms ; lcddin_mod:lcd_display|clk_16ms ; 0.000        ; 0.575      ; 2.028      ;
; 1.293 ; lcddin_mod:lcd_display|text[6][2]                  ; lcddin_mod:lcd_display|data[2]                     ; clk                             ; lcddin_mod:lcd_display|clk_16ms ; 0.000        ; 1.105      ; 2.640      ;
; 1.303 ; lcddin_mod:lcd_display|data_counter[1]             ; lcddin_mod:lcd_display|data_counter[3]             ; lcddin_mod:lcd_display|clk_16ms ; lcddin_mod:lcd_display|clk_16ms ; 0.000        ; 0.080      ; 1.595      ;
; 1.305 ; lcddin_mod:lcd_display|data_counter[0]             ; lcddin_mod:lcd_display|data_counter[3]             ; lcddin_mod:lcd_display|clk_16ms ; lcddin_mod:lcd_display|clk_16ms ; 0.000        ; 0.080      ; 1.597      ;
; 1.306 ; lcddin_mod:lcd_display|data_counter[4]             ; lcddin_mod:lcd_display|fsm_state.CONFIG_CMD2       ; lcddin_mod:lcd_display|clk_16ms ; lcddin_mod:lcd_display|clk_16ms ; 0.000        ; 0.084      ; 1.602      ;
; 1.312 ; lcddin_mod:lcd_display|data_counter[1]             ; lcddin_mod:lcd_display|data_counter[4]             ; lcddin_mod:lcd_display|clk_16ms ; lcddin_mod:lcd_display|clk_16ms ; 0.000        ; 0.080      ; 1.604      ;
; 1.314 ; lcddin_mod:lcd_display|data_counter[0]             ; lcddin_mod:lcd_display|data_counter[4]             ; lcddin_mod:lcd_display|clk_16ms ; lcddin_mod:lcd_display|clk_16ms ; 0.000        ; 0.080      ; 1.606      ;
; 1.344 ; lcddin_mod:lcd_display|command_counter[0]          ; lcddin_mod:lcd_display|data[3]                     ; lcddin_mod:lcd_display|clk_16ms ; lcddin_mod:lcd_display|clk_16ms ; 0.000        ; 0.076      ; 1.632      ;
; 1.355 ; lcddin_mod:lcd_display|data_counter[4]             ; lcddin_mod:lcd_display|fsm_state.IDLE              ; lcddin_mod:lcd_display|clk_16ms ; lcddin_mod:lcd_display|clk_16ms ; 0.000        ; 0.084      ; 1.651      ;
; 1.356 ; lcddin_mod:lcd_display|text[6][1]                  ; lcddin_mod:lcd_display|data[1]                     ; clk                             ; lcddin_mod:lcd_display|clk_16ms ; 0.000        ; 1.104      ; 2.702      ;
; 1.360 ; lcddin_mod:lcd_display|command_counter[1]          ; lcddin_mod:lcd_display|fsm_state.CONFIG_CMD1       ; lcddin_mod:lcd_display|clk_16ms ; lcddin_mod:lcd_display|clk_16ms ; 0.000        ; 0.080      ; 1.652      ;
; 1.363 ; lcddin_mod:lcd_display|fsm_state.CONFIG_CMD2       ; lcddin_mod:lcd_display|fsm_state.WR_STATIC_TEXT_2L ; lcddin_mod:lcd_display|clk_16ms ; lcddin_mod:lcd_display|clk_16ms ; 0.000        ; 0.085      ; 1.660      ;
; 1.365 ; lcddin_mod:lcd_display|fsm_state.CONFIG_CMD1       ; lcddin_mod:lcd_display|fsm_state.CONFIG_CMD1       ; lcddin_mod:lcd_display|clk_16ms ; lcddin_mod:lcd_display|clk_16ms ; 0.000        ; 0.080      ; 1.657      ;
; 1.393 ; lcddin_mod:lcd_display|data_counter[3]             ; lcddin_mod:lcd_display|data[2]                     ; lcddin_mod:lcd_display|clk_16ms ; lcddin_mod:lcd_display|clk_16ms ; 0.000        ; 0.080      ; 1.685      ;
; 1.414 ; lcddin_mod:lcd_display|text[13][0]                 ; lcddin_mod:lcd_display|data[0]                     ; clk                             ; lcddin_mod:lcd_display|clk_16ms ; 0.000        ; 1.104      ; 2.760      ;
; 1.418 ; lcddin_mod:lcd_display|fsm_state.WR_STATIC_TEXT_2L ; lcddin_mod:lcd_display|data[4]                     ; lcddin_mod:lcd_display|clk_16ms ; lcddin_mod:lcd_display|clk_16ms ; 0.000        ; 0.081      ; 1.711      ;
; 1.418 ; lcddin_mod:lcd_display|fsm_state.WR_STATIC_TEXT_2L ; lcddin_mod:lcd_display|fsm_state.IDLE              ; lcddin_mod:lcd_display|clk_16ms ; lcddin_mod:lcd_display|clk_16ms ; 0.000        ; 0.076      ; 1.706      ;
; 1.436 ; lcddin_mod:lcd_display|text[12][1]                 ; lcddin_mod:lcd_display|data[1]                     ; clk                             ; lcddin_mod:lcd_display|clk_16ms ; 0.000        ; 1.104      ; 2.782      ;
; 1.449 ; lcddin_mod:lcd_display|data_counter[2]             ; lcddin_mod:lcd_display|data[3]                     ; lcddin_mod:lcd_display|clk_16ms ; lcddin_mod:lcd_display|clk_16ms ; 0.000        ; 0.080      ; 1.741      ;
; 1.457 ; lcddin_mod:lcd_display|text[10][1]                 ; lcddin_mod:lcd_display|data[1]                     ; clk                             ; lcddin_mod:lcd_display|clk_16ms ; 0.000        ; 1.104      ; 2.803      ;
; 1.554 ; lcddin_mod:lcd_display|data_counter[4]             ; lcddin_mod:lcd_display|data[2]                     ; lcddin_mod:lcd_display|clk_16ms ; lcddin_mod:lcd_display|clk_16ms ; 0.000        ; 0.080      ; 1.846      ;
; 1.556 ; lcddin_mod:lcd_display|data_counter[4]             ; lcddin_mod:lcd_display|data[6]                     ; lcddin_mod:lcd_display|clk_16ms ; lcddin_mod:lcd_display|clk_16ms ; 0.000        ; 0.080      ; 1.848      ;
; 1.556 ; lcddin_mod:lcd_display|fsm_state.WR_STATIC_TEXT_1L ; lcddin_mod:lcd_display|fsm_state.CONFIG_CMD2       ; lcddin_mod:lcd_display|clk_16ms ; lcddin_mod:lcd_display|clk_16ms ; 0.000        ; -0.395     ; 1.373      ;
; 1.560 ; lcddin_mod:lcd_display|command_counter[1]          ; lcddin_mod:lcd_display|fsm_state.WR_STATIC_TEXT_1L ; lcddin_mod:lcd_display|clk_16ms ; lcddin_mod:lcd_display|clk_16ms ; 0.000        ; 0.575      ; 2.347      ;
; 1.567 ; lcddin_mod:lcd_display|data_counter[3]             ; lcddin_mod:lcd_display|fsm_state.IDLE              ; lcddin_mod:lcd_display|clk_16ms ; lcddin_mod:lcd_display|clk_16ms ; 0.000        ; 0.084      ; 1.863      ;
; 1.579 ; lcddin_mod:lcd_display|fsm_state.CONFIG_CMD1       ; lcddin_mod:lcd_display|data[0]                     ; lcddin_mod:lcd_display|clk_16ms ; lcddin_mod:lcd_display|clk_16ms ; 0.000        ; 0.076      ; 1.867      ;
; 1.591 ; lcddin_mod:lcd_display|data_counter[3]             ; lcddin_mod:lcd_display|fsm_state.CONFIG_CMD2       ; lcddin_mod:lcd_display|clk_16ms ; lcddin_mod:lcd_display|clk_16ms ; 0.000        ; 0.084      ; 1.887      ;
; 1.605 ; lcddin_mod:lcd_display|data_counter[1]             ; lcddin_mod:lcd_display|data[3]                     ; lcddin_mod:lcd_display|clk_16ms ; lcddin_mod:lcd_display|clk_16ms ; 0.000        ; 0.080      ; 1.897      ;
; 1.611 ; lcddin_mod:lcd_display|fsm_state.CONFIG_CMD1       ; lcddin_mod:lcd_display|fsm_state.WR_STATIC_TEXT_1L ; lcddin_mod:lcd_display|clk_16ms ; lcddin_mod:lcd_display|clk_16ms ; 0.000        ; 0.575      ; 2.398      ;
; 1.611 ; lcddin_mod:lcd_display|command_counter[0]          ; lcddin_mod:lcd_display|data[4]                     ; lcddin_mod:lcd_display|clk_16ms ; lcddin_mod:lcd_display|clk_16ms ; 0.000        ; 0.085      ; 1.908      ;
; 1.628 ; lcddin_mod:lcd_display|data_counter[2]             ; lcddin_mod:lcd_display|data[2]                     ; lcddin_mod:lcd_display|clk_16ms ; lcddin_mod:lcd_display|clk_16ms ; 0.000        ; 0.080      ; 1.920      ;
; 1.632 ; lcddin_mod:lcd_display|text[6][0]                  ; lcddin_mod:lcd_display|data[0]                     ; clk                             ; lcddin_mod:lcd_display|clk_16ms ; 0.000        ; 1.104      ; 2.978      ;
; 1.649 ; lcddin_mod:lcd_display|fsm_state.WR_STATIC_TEXT_1L ; lcddin_mod:lcd_display|data[5]                     ; lcddin_mod:lcd_display|clk_16ms ; lcddin_mod:lcd_display|clk_16ms ; 0.000        ; -0.390     ; 1.471      ;
; 1.669 ; lcddin_mod:lcd_display|data_counter[4]             ; lcddin_mod:lcd_display|fsm_state.WR_STATIC_TEXT_1L ; lcddin_mod:lcd_display|clk_16ms ; lcddin_mod:lcd_display|clk_16ms ; 0.000        ; 0.579      ; 2.460      ;
; 1.689 ; lcddin_mod:lcd_display|data_counter[3]             ; lcddin_mod:lcd_display|fsm_state.WR_STATIC_TEXT_1L ; lcddin_mod:lcd_display|clk_16ms ; lcddin_mod:lcd_display|clk_16ms ; 0.000        ; 0.579      ; 2.480      ;
; 1.706 ; lcddin_mod:lcd_display|data_counter[2]             ; lcddin_mod:lcd_display|fsm_state.IDLE              ; lcddin_mod:lcd_display|clk_16ms ; lcddin_mod:lcd_display|clk_16ms ; 0.000        ; 0.084      ; 2.002      ;
; 1.708 ; lcddin_mod:lcd_display|command_counter[0]          ; lcddin_mod:lcd_display|data[2]                     ; lcddin_mod:lcd_display|clk_16ms ; lcddin_mod:lcd_display|clk_16ms ; 0.000        ; 0.076      ; 1.996      ;
; 1.724 ; lcddin_mod:lcd_display|fsm_state.CONFIG_CMD1       ; lcddin_mod:lcd_display|data_counter[4]             ; lcddin_mod:lcd_display|clk_16ms ; lcddin_mod:lcd_display|clk_16ms ; 0.000        ; 0.076      ; 2.012      ;
; 1.724 ; lcddin_mod:lcd_display|fsm_state.CONFIG_CMD1       ; lcddin_mod:lcd_display|data_counter[3]             ; lcddin_mod:lcd_display|clk_16ms ; lcddin_mod:lcd_display|clk_16ms ; 0.000        ; 0.076      ; 2.012      ;
; 1.724 ; lcddin_mod:lcd_display|fsm_state.CONFIG_CMD1       ; lcddin_mod:lcd_display|data_counter[2]             ; lcddin_mod:lcd_display|clk_16ms ; lcddin_mod:lcd_display|clk_16ms ; 0.000        ; 0.076      ; 2.012      ;
; 1.724 ; lcddin_mod:lcd_display|fsm_state.CONFIG_CMD1       ; lcddin_mod:lcd_display|data_counter[1]             ; lcddin_mod:lcd_display|clk_16ms ; lcddin_mod:lcd_display|clk_16ms ; 0.000        ; 0.076      ; 2.012      ;
; 1.724 ; lcddin_mod:lcd_display|fsm_state.CONFIG_CMD1       ; lcddin_mod:lcd_display|data_counter[0]             ; lcddin_mod:lcd_display|clk_16ms ; lcddin_mod:lcd_display|clk_16ms ; 0.000        ; 0.076      ; 2.012      ;
; 1.730 ; lcddin_mod:lcd_display|data_counter[2]             ; lcddin_mod:lcd_display|fsm_state.CONFIG_CMD2       ; lcddin_mod:lcd_display|clk_16ms ; lcddin_mod:lcd_display|clk_16ms ; 0.000        ; 0.084      ; 2.026      ;
; 1.743 ; lcddin_mod:lcd_display|data_counter[3]             ; lcddin_mod:lcd_display|data[4]                     ; lcddin_mod:lcd_display|clk_16ms ; lcddin_mod:lcd_display|clk_16ms ; 0.000        ; 0.089      ; 2.044      ;
; 1.759 ; lcddin_mod:lcd_display|data_counter[1]             ; lcddin_mod:lcd_display|data[2]                     ; lcddin_mod:lcd_display|clk_16ms ; lcddin_mod:lcd_display|clk_16ms ; 0.000        ; 0.080      ; 2.051      ;
; 1.767 ; lcddin_mod:lcd_display|data_counter[4]             ; lcddin_mod:lcd_display|fsm_state.WR_STATIC_TEXT_2L ; lcddin_mod:lcd_display|clk_16ms ; lcddin_mod:lcd_display|clk_16ms ; 0.000        ; 0.089      ; 2.068      ;
; 1.780 ; lcddin_mod:lcd_display|data_counter[3]             ; lcddin_mod:lcd_display|fsm_state.WR_STATIC_TEXT_2L ; lcddin_mod:lcd_display|clk_16ms ; lcddin_mod:lcd_display|clk_16ms ; 0.000        ; 0.089      ; 2.081      ;
+-------+----------------------------------------------------+----------------------------------------------------+---------------------------------+---------------------------------+--------------+------------+------------+


+------------------------------------------------------------------------------------------------------------------------------------------+
; Slow 1200mV 85C Model Hold: 'master:master|scl'                                                                                          ;
+-------+------------------------+------------------------+-------------------+-------------------+--------------+------------+------------+
; Slack ; From Node              ; To Node                ; Launch Clock      ; Latch Clock       ; Relationship ; Clock Skew ; Data Delay ;
+-------+------------------------+------------------------+-------------------+-------------------+--------------+------------+------------+
; 0.506 ; listen:listen|count[6] ; listen:listen|count[6] ; master:master|scl ; master:master|scl ; 0.000        ; 0.080      ; 0.798      ;
; 0.631 ; master:master|sda_en   ; listen:listen|count[0] ; clk               ; master:master|scl ; 0.000        ; 0.998      ; 1.871      ;
; 0.779 ; listen:listen|count[5] ; listen:listen|count[5] ; master:master|scl ; master:master|scl ; 0.000        ; 0.080      ; 1.071      ;
; 0.797 ; listen:listen|count[4] ; listen:listen|count[4] ; master:master|scl ; master:master|scl ; 0.000        ; 0.080      ; 1.089      ;
; 0.805 ; listen:listen|count[1] ; listen:listen|count[1] ; master:master|scl ; master:master|scl ; 0.000        ; 0.080      ; 1.097      ;
; 0.815 ; listen:listen|count[2] ; listen:listen|count[2] ; master:master|scl ; master:master|scl ; 0.000        ; 0.080      ; 1.107      ;
; 0.816 ; listen:listen|count[0] ; listen:listen|count[0] ; master:master|scl ; master:master|scl ; 0.000        ; 0.080      ; 1.108      ;
; 0.964 ; master:master|sda_en   ; listen:listen|count[1] ; clk               ; master:master|scl ; 0.000        ; 0.998      ; 2.204      ;
; 0.971 ; listen:listen|count[3] ; listen:listen|count[3] ; master:master|scl ; master:master|scl ; 0.000        ; 0.080      ; 1.263      ;
; 1.067 ; listen:listen|data[15] ; listen:listen|data[15] ; master:master|scl ; master:master|scl ; 0.000        ; 0.080      ; 1.359      ;
; 1.068 ; listen:listen|data[6]  ; listen:listen|data[6]  ; master:master|scl ; master:master|scl ; 0.000        ; 0.080      ; 1.360      ;
; 1.075 ; master:master|sda_en   ; listen:listen|count[2] ; clk               ; master:master|scl ; 0.000        ; 0.998      ; 2.315      ;
; 1.079 ; listen:listen|data[11] ; listen:listen|data[11] ; master:master|scl ; master:master|scl ; 0.000        ; 0.080      ; 1.371      ;
; 1.104 ; master:master|sda_en   ; listen:listen|count[3] ; clk               ; master:master|scl ; 0.000        ; 0.998      ; 2.344      ;
; 1.134 ; listen:listen|count[5] ; listen:listen|count[6] ; master:master|scl ; master:master|scl ; 0.000        ; 0.080      ; 1.426      ;
; 1.158 ; listen:listen|count[4] ; listen:listen|count[5] ; master:master|scl ; master:master|scl ; 0.000        ; 0.080      ; 1.450      ;
; 1.159 ; listen:listen|count[1] ; listen:listen|count[2] ; master:master|scl ; master:master|scl ; 0.000        ; 0.080      ; 1.451      ;
; 1.159 ; listen:listen|count[0] ; listen:listen|count[1] ; master:master|scl ; master:master|scl ; 0.000        ; 0.080      ; 1.451      ;
; 1.162 ; listen:listen|data[7]  ; listen:listen|data[7]  ; master:master|scl ; master:master|scl ; 0.000        ; 0.080      ; 1.454      ;
; 1.164 ; listen:listen|data[3]  ; listen:listen|data[3]  ; master:master|scl ; master:master|scl ; 0.000        ; 0.080      ; 1.456      ;
; 1.166 ; listen:listen|data[14] ; listen:listen|data[14] ; master:master|scl ; master:master|scl ; 0.000        ; 0.080      ; 1.458      ;
; 1.167 ; listen:listen|data[8]  ; listen:listen|data[8]  ; master:master|scl ; master:master|scl ; 0.000        ; 0.080      ; 1.459      ;
; 1.167 ; listen:listen|count[4] ; listen:listen|count[6] ; master:master|scl ; master:master|scl ; 0.000        ; 0.080      ; 1.459      ;
; 1.168 ; listen:listen|count[0] ; listen:listen|count[2] ; master:master|scl ; master:master|scl ; 0.000        ; 0.080      ; 1.460      ;
; 1.169 ; listen:listen|data[4]  ; listen:listen|data[4]  ; master:master|scl ; master:master|scl ; 0.000        ; 0.080      ; 1.461      ;
; 1.176 ; listen:listen|count[2] ; listen:listen|count[3] ; master:master|scl ; master:master|scl ; 0.000        ; 0.080      ; 1.468      ;
; 1.185 ; listen:listen|count[2] ; listen:listen|count[4] ; master:master|scl ; master:master|scl ; 0.000        ; 0.080      ; 1.477      ;
; 1.210 ; listen:listen|data[5]  ; listen:listen|data[5]  ; master:master|scl ; master:master|scl ; 0.000        ; 0.080      ; 1.502      ;
; 1.215 ; master:master|sda_en   ; listen:listen|count[4] ; clk               ; master:master|scl ; 0.000        ; 0.998      ; 2.455      ;
; 1.244 ; master:master|sda_en   ; listen:listen|count[5] ; clk               ; master:master|scl ; 0.000        ; 0.998      ; 2.484      ;
; 1.273 ; listen:listen|data[19] ; listen:listen|data[19] ; master:master|scl ; master:master|scl ; 0.000        ; 0.080      ; 1.565      ;
; 1.290 ; listen:listen|count[1] ; listen:listen|count[3] ; master:master|scl ; master:master|scl ; 0.000        ; 0.080      ; 1.582      ;
; 1.299 ; listen:listen|count[1] ; listen:listen|count[4] ; master:master|scl ; master:master|scl ; 0.000        ; 0.080      ; 1.591      ;
; 1.299 ; listen:listen|count[0] ; listen:listen|count[3] ; master:master|scl ; master:master|scl ; 0.000        ; 0.080      ; 1.591      ;
; 1.304 ; listen:listen|count[6] ; listen:listen|count[5] ; master:master|scl ; master:master|scl ; 0.000        ; 0.080      ; 1.596      ;
; 1.304 ; listen:listen|count[6] ; listen:listen|count[0] ; master:master|scl ; master:master|scl ; 0.000        ; 0.080      ; 1.596      ;
; 1.304 ; listen:listen|count[6] ; listen:listen|count[1] ; master:master|scl ; master:master|scl ; 0.000        ; 0.080      ; 1.596      ;
; 1.304 ; listen:listen|count[6] ; listen:listen|count[2] ; master:master|scl ; master:master|scl ; 0.000        ; 0.080      ; 1.596      ;
; 1.304 ; listen:listen|count[6] ; listen:listen|count[3] ; master:master|scl ; master:master|scl ; 0.000        ; 0.080      ; 1.596      ;
; 1.304 ; listen:listen|count[6] ; listen:listen|count[4] ; master:master|scl ; master:master|scl ; 0.000        ; 0.080      ; 1.596      ;
; 1.308 ; listen:listen|count[0] ; listen:listen|count[4] ; master:master|scl ; master:master|scl ; 0.000        ; 0.080      ; 1.600      ;
; 1.316 ; listen:listen|count[2] ; listen:listen|count[5] ; master:master|scl ; master:master|scl ; 0.000        ; 0.080      ; 1.608      ;
; 1.325 ; listen:listen|count[2] ; listen:listen|count[6] ; master:master|scl ; master:master|scl ; 0.000        ; 0.080      ; 1.617      ;
; 1.325 ; listen:listen|count[3] ; listen:listen|count[4] ; master:master|scl ; master:master|scl ; 0.000        ; 0.080      ; 1.617      ;
; 1.354 ; listen:listen|data[13] ; listen:listen|data[13] ; master:master|scl ; master:master|scl ; 0.000        ; 0.080      ; 1.646      ;
; 1.355 ; master:master|sda_en   ; listen:listen|count[6] ; clk               ; master:master|scl ; 0.000        ; 0.998      ; 2.595      ;
; 1.358 ; listen:listen|data[18] ; listen:listen|data[18] ; master:master|scl ; master:master|scl ; 0.000        ; 0.080      ; 1.650      ;
; 1.360 ; listen:listen|data[23] ; listen:listen|data[23] ; master:master|scl ; master:master|scl ; 0.000        ; 0.080      ; 1.652      ;
; 1.366 ; listen:listen|data[22] ; listen:listen|data[22] ; master:master|scl ; master:master|scl ; 0.000        ; 0.080      ; 1.658      ;
; 1.408 ; listen:listen|data[17] ; listen:listen|data[17] ; master:master|scl ; master:master|scl ; 0.000        ; 0.080      ; 1.700      ;
; 1.424 ; listen:listen|count[3] ; listen:listen|count[5] ; master:master|scl ; master:master|scl ; 0.000        ; 0.080      ; 1.716      ;
; 1.430 ; listen:listen|count[1] ; listen:listen|count[5] ; master:master|scl ; master:master|scl ; 0.000        ; 0.080      ; 1.722      ;
; 1.439 ; listen:listen|count[1] ; listen:listen|count[6] ; master:master|scl ; master:master|scl ; 0.000        ; 0.080      ; 1.731      ;
; 1.439 ; listen:listen|count[0] ; listen:listen|count[5] ; master:master|scl ; master:master|scl ; 0.000        ; 0.080      ; 1.731      ;
; 1.448 ; listen:listen|count[0] ; listen:listen|count[6] ; master:master|scl ; master:master|scl ; 0.000        ; 0.080      ; 1.740      ;
; 1.465 ; listen:listen|count[3] ; listen:listen|count[6] ; master:master|scl ; master:master|scl ; 0.000        ; 0.080      ; 1.757      ;
; 1.473 ; listen:listen|data[20] ; listen:listen|data[20] ; master:master|scl ; master:master|scl ; 0.000        ; 0.080      ; 1.765      ;
; 1.477 ; listen:listen|data[21] ; listen:listen|data[21] ; master:master|scl ; master:master|scl ; 0.000        ; 0.080      ; 1.769      ;
; 1.560 ; listen:listen|count[1] ; listen:listen|data[26] ; master:master|scl ; master:master|scl ; 0.000        ; 0.081      ; 1.853      ;
; 1.589 ; listen:listen|data[24] ; listen:listen|data[24] ; master:master|scl ; master:master|scl ; 0.000        ; 0.080      ; 1.881      ;
; 1.599 ; listen:listen|count[1] ; listen:listen|data[24] ; master:master|scl ; master:master|scl ; 0.000        ; 0.080      ; 1.891      ;
; 1.614 ; master:master|sda_en   ; listen:listen|data[26] ; clk               ; master:master|scl ; 0.000        ; 0.999      ; 2.855      ;
; 1.632 ; listen:listen|data[10] ; listen:listen|data[10] ; master:master|scl ; master:master|scl ; 0.000        ; 0.080      ; 1.924      ;
; 1.645 ; master:master|sda_en   ; listen:listen|data[24] ; clk               ; master:master|scl ; 0.000        ; 0.998      ; 2.885      ;
; 1.676 ; listen:listen|count[1] ; listen:listen|data[4]  ; master:master|scl ; master:master|scl ; 0.000        ; 0.082      ; 1.970      ;
; 1.716 ; master:master|sda_en   ; listen:listen|data[17] ; clk               ; master:master|scl ; 0.000        ; 0.997      ; 2.955      ;
; 1.721 ; master:master|sda_en   ; listen:listen|data[10] ; clk               ; master:master|scl ; 0.000        ; 0.996      ; 2.959      ;
; 1.721 ; listen:listen|data[26] ; listen:listen|data[26] ; master:master|scl ; master:master|scl ; 0.000        ; 0.080      ; 2.013      ;
; 1.723 ; master:master|sda_en   ; listen:listen|data[14] ; clk               ; master:master|scl ; 0.000        ; 0.996      ; 2.961      ;
; 1.723 ; master:master|sda_en   ; listen:listen|data[15] ; clk               ; master:master|scl ; 0.000        ; 0.996      ; 2.961      ;
; 1.725 ; listen:listen|count[2] ; listen:listen|data[5]  ; master:master|scl ; master:master|scl ; 0.000        ; 0.079      ; 2.016      ;
; 1.806 ; listen:listen|count[1] ; listen:listen|data[6]  ; master:master|scl ; master:master|scl ; 0.000        ; 0.082      ; 2.100      ;
; 1.811 ; listen:listen|data[25] ; listen:listen|data[25] ; master:master|scl ; master:master|scl ; 0.000        ; 0.080      ; 2.103      ;
; 1.832 ; listen:listen|count[2] ; listen:listen|data[17] ; master:master|scl ; master:master|scl ; 0.000        ; 0.079      ; 2.123      ;
; 1.836 ; master:master|sda_en   ; listen:listen|data[11] ; clk               ; master:master|scl ; 0.000        ; 1.000      ; 3.078      ;
; 1.845 ; master:master|sda_en   ; listen:listen|data[5]  ; clk               ; master:master|scl ; 0.000        ; 0.997      ; 3.084      ;
; 1.863 ; master:master|sda_en   ; listen:listen|data[25] ; clk               ; master:master|scl ; 0.000        ; 0.997      ; 3.102      ;
; 1.864 ; listen:listen|count[0] ; listen:listen|data[7]  ; master:master|scl ; master:master|scl ; 0.000        ; 0.082      ; 2.158      ;
; 1.878 ; listen:listen|count[4] ; listen:listen|count[0] ; master:master|scl ; master:master|scl ; 0.000        ; 0.080      ; 2.170      ;
; 1.878 ; listen:listen|count[4] ; listen:listen|count[1] ; master:master|scl ; master:master|scl ; 0.000        ; 0.080      ; 2.170      ;
; 1.878 ; listen:listen|count[4] ; listen:listen|count[2] ; master:master|scl ; master:master|scl ; 0.000        ; 0.080      ; 2.170      ;
; 1.878 ; listen:listen|count[4] ; listen:listen|count[3] ; master:master|scl ; master:master|scl ; 0.000        ; 0.080      ; 2.170      ;
; 1.891 ; listen:listen|count[0] ; listen:listen|data[4]  ; master:master|scl ; master:master|scl ; 0.000        ; 0.082      ; 2.185      ;
; 1.893 ; listen:listen|count[0] ; listen:listen|data[6]  ; master:master|scl ; master:master|scl ; 0.000        ; 0.082      ; 2.187      ;
; 1.910 ; master:master|sda_en   ; listen:listen|data[22] ; clk               ; master:master|scl ; 0.000        ; 0.997      ; 3.149      ;
; 1.925 ; listen:listen|count[0] ; listen:listen|data[23] ; master:master|scl ; master:master|scl ; 0.000        ; 0.078      ; 2.215      ;
; 1.936 ; listen:listen|count[4] ; listen:listen|data[5]  ; master:master|scl ; master:master|scl ; 0.000        ; 0.079      ; 2.227      ;
; 1.938 ; master:master|sda_en   ; listen:listen|data[18] ; clk               ; master:master|scl ; 0.000        ; 0.996      ; 3.176      ;
; 1.938 ; master:master|sda_en   ; listen:listen|data[23] ; clk               ; master:master|scl ; 0.000        ; 0.996      ; 3.176      ;
; 1.940 ; master:master|sda_en   ; listen:listen|data[21] ; clk               ; master:master|scl ; 0.000        ; 1.000      ; 3.182      ;
; 1.959 ; listen:listen|count[1] ; listen:listen|data[17] ; master:master|scl ; master:master|scl ; 0.000        ; 0.079      ; 2.250      ;
; 1.975 ; listen:listen|count[2] ; listen:listen|data[22] ; master:master|scl ; master:master|scl ; 0.000        ; 0.079      ; 2.266      ;
; 1.983 ; listen:listen|count[4] ; listen:listen|data[26] ; master:master|scl ; master:master|scl ; 0.000        ; 0.081      ; 2.276      ;
; 1.988 ; listen:listen|count[4] ; listen:listen|data[22] ; master:master|scl ; master:master|scl ; 0.000        ; 0.079      ; 2.279      ;
; 1.994 ; listen:listen|count[1] ; listen:listen|data[22] ; master:master|scl ; master:master|scl ; 0.000        ; 0.079      ; 2.285      ;
; 2.004 ; listen:listen|count[2] ; listen:listen|data[25] ; master:master|scl ; master:master|scl ; 0.000        ; 0.079      ; 2.295      ;
; 2.014 ; listen:listen|count[4] ; listen:listen|data[24] ; master:master|scl ; master:master|scl ; 0.000        ; 0.080      ; 2.306      ;
; 2.015 ; master:master|sda_en   ; listen:listen|data[12] ; clk               ; master:master|scl ; 0.000        ; 0.999      ; 3.256      ;
; 2.016 ; listen:listen|count[4] ; listen:listen|data[18] ; master:master|scl ; master:master|scl ; 0.000        ; 0.078      ; 2.306      ;
; 2.016 ; listen:listen|count[4] ; listen:listen|data[23] ; master:master|scl ; master:master|scl ; 0.000        ; 0.078      ; 2.306      ;
+-------+------------------------+------------------------+-------------------+-------------------+--------------+------------+------------+


+----------------------------------------------------------------------------------------------------------------------------------------------+
; Slow 1200mV 85C Model Hold: 'beg_com:beg_com|beg'                                                                                            ;
+-------+------------------------+--------------------------+-------------------+---------------------+--------------+------------+------------+
; Slack ; From Node              ; To Node                  ; Launch Clock      ; Latch Clock         ; Relationship ; Clock Skew ; Data Delay ;
+-------+------------------------+--------------------------+-------------------+---------------------+--------------+------------+------------+
; 1.186 ; listen:listen|data[23] ; listen:listen|Hours[3]   ; master:master|scl ; beg_com:beg_com|beg ; -0.500       ; -0.099     ; 0.819      ;
; 1.186 ; listen:listen|data[19] ; listen:listen|Hours[7]   ; master:master|scl ; beg_com:beg_com|beg ; -0.500       ; -0.098     ; 0.820      ;
; 1.186 ; listen:listen|data[22] ; listen:listen|Hours[4]   ; master:master|scl ; beg_com:beg_com|beg ; -0.500       ; -0.099     ; 0.819      ;
; 1.187 ; listen:listen|data[10] ; listen:listen|Seconds[7] ; master:master|scl ; beg_com:beg_com|beg ; -0.500       ; -0.099     ; 0.820      ;
; 1.187 ; listen:listen|data[26] ; listen:listen|Hours[0]   ; master:master|scl ; beg_com:beg_com|beg ; -0.500       ; -0.098     ; 0.821      ;
; 1.188 ; listen:listen|data[25] ; listen:listen|Hours[1]   ; master:master|scl ; beg_com:beg_com|beg ; -0.500       ; -0.099     ; 0.821      ;
; 1.328 ; listen:listen|data[21] ; listen:listen|Hours[5]   ; master:master|scl ; beg_com:beg_com|beg ; -0.500       ; -0.098     ; 0.962      ;
; 1.380 ; listen:listen|data[24] ; listen:listen|Hours[2]   ; master:master|scl ; beg_com:beg_com|beg ; -0.500       ; -0.097     ; 1.015      ;
; 1.382 ; listen:listen|data[9]  ; listen:listen|Seconds[6] ; master:master|scl ; beg_com:beg_com|beg ; -0.500       ; -0.098     ; 1.016      ;
; 1.384 ; listen:listen|data[17] ; listen:listen|Minutes[6] ; master:master|scl ; beg_com:beg_com|beg ; -0.500       ; -0.099     ; 1.017      ;
; 1.386 ; listen:listen|data[18] ; listen:listen|Minutes[7] ; master:master|scl ; beg_com:beg_com|beg ; -0.500       ; -0.099     ; 1.019      ;
; 1.393 ; listen:listen|data[20] ; listen:listen|Hours[6]   ; master:master|scl ; beg_com:beg_com|beg ; -0.500       ; -0.098     ; 1.027      ;
; 1.569 ; listen:listen|data[16] ; listen:listen|Minutes[5] ; master:master|scl ; beg_com:beg_com|beg ; -0.500       ; -0.099     ; 1.202      ;
; 1.590 ; listen:listen|data[12] ; listen:listen|Minutes[1] ; master:master|scl ; beg_com:beg_com|beg ; -0.500       ; -0.100     ; 1.222      ;
; 1.622 ; listen:listen|data[3]  ; listen:listen|Seconds[0] ; master:master|scl ; beg_com:beg_com|beg ; -0.500       ; -0.098     ; 1.256      ;
; 1.634 ; listen:listen|data[13] ; listen:listen|Minutes[2] ; master:master|scl ; beg_com:beg_com|beg ; -0.500       ; -0.100     ; 1.266      ;
; 1.636 ; listen:listen|data[8]  ; listen:listen|Seconds[5] ; master:master|scl ; beg_com:beg_com|beg ; -0.500       ; -0.099     ; 1.269      ;
; 1.717 ; listen:listen|data[6]  ; listen:listen|Seconds[3] ; master:master|scl ; beg_com:beg_com|beg ; -0.500       ; -0.098     ; 1.351      ;
; 1.837 ; listen:listen|data[5]  ; listen:listen|Seconds[2] ; master:master|scl ; beg_com:beg_com|beg ; -0.500       ; -0.095     ; 1.474      ;
; 1.905 ; listen:listen|data[14] ; listen:listen|Minutes[3] ; master:master|scl ; beg_com:beg_com|beg ; -0.500       ; -0.097     ; 1.540      ;
; 1.908 ; listen:listen|data[7]  ; listen:listen|Seconds[4] ; master:master|scl ; beg_com:beg_com|beg ; -0.500       ; -0.098     ; 1.542      ;
; 1.913 ; listen:listen|data[15] ; listen:listen|Minutes[4] ; master:master|scl ; beg_com:beg_com|beg ; -0.500       ; -0.097     ; 1.548      ;
; 1.914 ; listen:listen|data[4]  ; listen:listen|Seconds[1] ; master:master|scl ; beg_com:beg_com|beg ; -0.500       ; -0.098     ; 1.548      ;
; 1.947 ; listen:listen|data[11] ; listen:listen|Minutes[0] ; master:master|scl ; beg_com:beg_com|beg ; -0.500       ; -0.101     ; 1.578      ;
+-------+------------------------+--------------------------+-------------------+---------------------+--------------+------------+------------+


-----------------------------------------------
; Slow 1200mV 85C Model Metastability Summary ;
-----------------------------------------------
No synchronizer chains to report.


+-----------------------------------------------------------------------+
; Slow 1200mV 0C Model Fmax Summary                                     ;
+------------+-----------------+---------------------------------+------+
; Fmax       ; Restricted Fmax ; Clock Name                      ; Note ;
+------------+-----------------+---------------------------------+------+
; 38.07 MHz  ; 38.07 MHz       ; clk                             ;      ;
; 225.43 MHz ; 225.43 MHz      ; lcddin_mod:lcd_display|clk_16ms ;      ;
; 268.53 MHz ; 268.53 MHz      ; master:master|scl               ;      ;
+------------+-----------------+---------------------------------+------+
This panel reports FMAX for every clock in the design, regardless of the user-specified clock periods.  FMAX is only computed for paths where the source and destination registers or ports are driven by the same clock.  Paths of different clocks, including generated clocks, are ignored.  For paths between a clock and its inversion, FMAX is computed as if the rising and falling edges are scaled along with FMAX, such that the duty cycle (in terms of a percentage) is maintained. Altera recommends that you always use clock constraints and other slack reports for sign-off analysis.


+-----------------------------------------------------------+
; Slow 1200mV 0C Model Setup Summary                        ;
+---------------------------------+---------+---------------+
; Clock                           ; Slack   ; End Point TNS ;
+---------------------------------+---------+---------------+
; clk                             ; -25.269 ; -1121.409     ;
; lcddin_mod:lcd_display|clk_16ms ; -3.436  ; -33.143       ;
; master:master|scl               ; -2.724  ; -66.443       ;
; beg_com:beg_com|beg             ; -1.534  ; -27.058       ;
+---------------------------------+---------+---------------+


+---------------------------------------------------------+
; Slow 1200mV 0C Model Hold Summary                       ;
+---------------------------------+-------+---------------+
; Clock                           ; Slack ; End Point TNS ;
+---------------------------------+-------+---------------+
; clk                             ; 0.383 ; 0.000         ;
; lcddin_mod:lcd_display|clk_16ms ; 0.383 ; 0.000         ;
; master:master|scl               ; 0.470 ; 0.000         ;
; beg_com:beg_com|beg             ; 1.242 ; 0.000         ;
+---------------------------------+-------+---------------+


-----------------------------------------
; Slow 1200mV 0C Model Recovery Summary ;
-----------------------------------------
No paths to report.


----------------------------------------
; Slow 1200mV 0C Model Removal Summary ;
----------------------------------------
No paths to report.


+----------------------------------------------------------+
; Slow 1200mV 0C Model Minimum Pulse Width Summary         ;
+---------------------------------+--------+---------------+
; Clock                           ; Slack  ; End Point TNS ;
+---------------------------------+--------+---------------+
; clk                             ; -3.000 ; -179.953      ;
; master:master|scl               ; -1.487 ; -46.097       ;
; beg_com:beg_com|beg             ; -1.487 ; -35.688       ;
; lcddin_mod:lcd_display|clk_16ms ; -1.487 ; -32.714       ;
+---------------------------------+--------+---------------+


+---------------------------------------------------------------------------------------------------------------------------------------+
; Slow 1200mV 0C Model Setup: 'clk'                                                                                                     ;
+---------+---------------------------+---------------------------+--------------+-------------+--------------+------------+------------+
; Slack   ; From Node                 ; To Node                   ; Launch Clock ; Latch Clock ; Relationship ; Clock Skew ; Data Delay ;
+---------+---------------------------+---------------------------+--------------+-------------+--------------+------------+------------+
; -25.269 ; master:master|counter[8]  ; master:master|counter[13] ; clk          ; clk         ; 1.000        ; -0.071     ; 26.200     ;
; -25.269 ; master:master|counter[8]  ; master:master|counter[7]  ; clk          ; clk         ; 1.000        ; -0.071     ; 26.200     ;
; -25.269 ; master:master|counter[8]  ; master:master|counter[8]  ; clk          ; clk         ; 1.000        ; -0.071     ; 26.200     ;
; -25.269 ; master:master|counter[8]  ; master:master|counter[9]  ; clk          ; clk         ; 1.000        ; -0.071     ; 26.200     ;
; -25.269 ; master:master|counter[8]  ; master:master|counter[10] ; clk          ; clk         ; 1.000        ; -0.071     ; 26.200     ;
; -25.269 ; master:master|counter[8]  ; master:master|counter[11] ; clk          ; clk         ; 1.000        ; -0.071     ; 26.200     ;
; -25.269 ; master:master|counter[8]  ; master:master|counter[12] ; clk          ; clk         ; 1.000        ; -0.071     ; 26.200     ;
; -25.208 ; master:master|counter[7]  ; master:master|counter[13] ; clk          ; clk         ; 1.000        ; -0.071     ; 26.139     ;
; -25.208 ; master:master|counter[7]  ; master:master|counter[7]  ; clk          ; clk         ; 1.000        ; -0.071     ; 26.139     ;
; -25.208 ; master:master|counter[7]  ; master:master|counter[8]  ; clk          ; clk         ; 1.000        ; -0.071     ; 26.139     ;
; -25.208 ; master:master|counter[7]  ; master:master|counter[9]  ; clk          ; clk         ; 1.000        ; -0.071     ; 26.139     ;
; -25.208 ; master:master|counter[7]  ; master:master|counter[10] ; clk          ; clk         ; 1.000        ; -0.071     ; 26.139     ;
; -25.208 ; master:master|counter[7]  ; master:master|counter[11] ; clk          ; clk         ; 1.000        ; -0.071     ; 26.139     ;
; -25.208 ; master:master|counter[7]  ; master:master|counter[12] ; clk          ; clk         ; 1.000        ; -0.071     ; 26.139     ;
; -25.198 ; master:master|counter[8]  ; master:master|scl         ; clk          ; clk         ; 1.000        ; -0.073     ; 26.127     ;
; -25.144 ; master:master|counter[10] ; master:master|counter[13] ; clk          ; clk         ; 1.000        ; -0.071     ; 26.075     ;
; -25.144 ; master:master|counter[10] ; master:master|counter[7]  ; clk          ; clk         ; 1.000        ; -0.071     ; 26.075     ;
; -25.144 ; master:master|counter[10] ; master:master|counter[8]  ; clk          ; clk         ; 1.000        ; -0.071     ; 26.075     ;
; -25.144 ; master:master|counter[10] ; master:master|counter[9]  ; clk          ; clk         ; 1.000        ; -0.071     ; 26.075     ;
; -25.144 ; master:master|counter[10] ; master:master|counter[10] ; clk          ; clk         ; 1.000        ; -0.071     ; 26.075     ;
; -25.144 ; master:master|counter[10] ; master:master|counter[11] ; clk          ; clk         ; 1.000        ; -0.071     ; 26.075     ;
; -25.144 ; master:master|counter[10] ; master:master|counter[12] ; clk          ; clk         ; 1.000        ; -0.071     ; 26.075     ;
; -25.137 ; master:master|counter[7]  ; master:master|scl         ; clk          ; clk         ; 1.000        ; -0.073     ; 26.066     ;
; -25.087 ; master:master|counter[9]  ; master:master|counter[13] ; clk          ; clk         ; 1.000        ; -0.071     ; 26.018     ;
; -25.087 ; master:master|counter[9]  ; master:master|counter[7]  ; clk          ; clk         ; 1.000        ; -0.071     ; 26.018     ;
; -25.087 ; master:master|counter[9]  ; master:master|counter[8]  ; clk          ; clk         ; 1.000        ; -0.071     ; 26.018     ;
; -25.087 ; master:master|counter[9]  ; master:master|counter[9]  ; clk          ; clk         ; 1.000        ; -0.071     ; 26.018     ;
; -25.087 ; master:master|counter[9]  ; master:master|counter[10] ; clk          ; clk         ; 1.000        ; -0.071     ; 26.018     ;
; -25.087 ; master:master|counter[9]  ; master:master|counter[11] ; clk          ; clk         ; 1.000        ; -0.071     ; 26.018     ;
; -25.087 ; master:master|counter[9]  ; master:master|counter[12] ; clk          ; clk         ; 1.000        ; -0.071     ; 26.018     ;
; -25.073 ; master:master|counter[10] ; master:master|scl         ; clk          ; clk         ; 1.000        ; -0.073     ; 26.002     ;
; -25.019 ; master:master|counter[12] ; master:master|counter[13] ; clk          ; clk         ; 1.000        ; -0.071     ; 25.950     ;
; -25.019 ; master:master|counter[12] ; master:master|counter[7]  ; clk          ; clk         ; 1.000        ; -0.071     ; 25.950     ;
; -25.019 ; master:master|counter[12] ; master:master|counter[8]  ; clk          ; clk         ; 1.000        ; -0.071     ; 25.950     ;
; -25.019 ; master:master|counter[12] ; master:master|counter[9]  ; clk          ; clk         ; 1.000        ; -0.071     ; 25.950     ;
; -25.019 ; master:master|counter[12] ; master:master|counter[10] ; clk          ; clk         ; 1.000        ; -0.071     ; 25.950     ;
; -25.019 ; master:master|counter[12] ; master:master|counter[11] ; clk          ; clk         ; 1.000        ; -0.071     ; 25.950     ;
; -25.019 ; master:master|counter[12] ; master:master|counter[12] ; clk          ; clk         ; 1.000        ; -0.071     ; 25.950     ;
; -25.016 ; master:master|counter[9]  ; master:master|scl         ; clk          ; clk         ; 1.000        ; -0.073     ; 25.945     ;
; -24.961 ; master:master|counter[11] ; master:master|counter[13] ; clk          ; clk         ; 1.000        ; -0.071     ; 25.892     ;
; -24.961 ; master:master|counter[11] ; master:master|counter[7]  ; clk          ; clk         ; 1.000        ; -0.071     ; 25.892     ;
; -24.961 ; master:master|counter[11] ; master:master|counter[8]  ; clk          ; clk         ; 1.000        ; -0.071     ; 25.892     ;
; -24.961 ; master:master|counter[11] ; master:master|counter[9]  ; clk          ; clk         ; 1.000        ; -0.071     ; 25.892     ;
; -24.961 ; master:master|counter[11] ; master:master|counter[10] ; clk          ; clk         ; 1.000        ; -0.071     ; 25.892     ;
; -24.961 ; master:master|counter[11] ; master:master|counter[11] ; clk          ; clk         ; 1.000        ; -0.071     ; 25.892     ;
; -24.961 ; master:master|counter[11] ; master:master|counter[12] ; clk          ; clk         ; 1.000        ; -0.071     ; 25.892     ;
; -24.948 ; master:master|counter[12] ; master:master|scl         ; clk          ; clk         ; 1.000        ; -0.073     ; 25.877     ;
; -24.890 ; master:master|counter[11] ; master:master|scl         ; clk          ; clk         ; 1.000        ; -0.073     ; 25.819     ;
; -24.846 ; master:master|counter[13] ; master:master|counter[13] ; clk          ; clk         ; 1.000        ; -0.071     ; 25.777     ;
; -24.846 ; master:master|counter[13] ; master:master|counter[7]  ; clk          ; clk         ; 1.000        ; -0.071     ; 25.777     ;
; -24.846 ; master:master|counter[13] ; master:master|counter[8]  ; clk          ; clk         ; 1.000        ; -0.071     ; 25.777     ;
; -24.846 ; master:master|counter[13] ; master:master|counter[9]  ; clk          ; clk         ; 1.000        ; -0.071     ; 25.777     ;
; -24.846 ; master:master|counter[13] ; master:master|counter[10] ; clk          ; clk         ; 1.000        ; -0.071     ; 25.777     ;
; -24.846 ; master:master|counter[13] ; master:master|counter[11] ; clk          ; clk         ; 1.000        ; -0.071     ; 25.777     ;
; -24.846 ; master:master|counter[13] ; master:master|counter[12] ; clk          ; clk         ; 1.000        ; -0.071     ; 25.777     ;
; -24.775 ; master:master|counter[13] ; master:master|scl         ; clk          ; clk         ; 1.000        ; -0.073     ; 25.704     ;
; -24.735 ; master:master|counter[8]  ; master:master|counter[6]  ; clk          ; clk         ; 1.000        ; -0.069     ; 25.668     ;
; -24.735 ; master:master|counter[8]  ; master:master|counter[0]  ; clk          ; clk         ; 1.000        ; -0.069     ; 25.668     ;
; -24.735 ; master:master|counter[8]  ; master:master|counter[1]  ; clk          ; clk         ; 1.000        ; -0.069     ; 25.668     ;
; -24.735 ; master:master|counter[8]  ; master:master|counter[2]  ; clk          ; clk         ; 1.000        ; -0.069     ; 25.668     ;
; -24.735 ; master:master|counter[8]  ; master:master|counter[3]  ; clk          ; clk         ; 1.000        ; -0.069     ; 25.668     ;
; -24.735 ; master:master|counter[8]  ; master:master|counter[4]  ; clk          ; clk         ; 1.000        ; -0.069     ; 25.668     ;
; -24.735 ; master:master|counter[8]  ; master:master|counter[5]  ; clk          ; clk         ; 1.000        ; -0.069     ; 25.668     ;
; -24.674 ; master:master|counter[7]  ; master:master|counter[6]  ; clk          ; clk         ; 1.000        ; -0.069     ; 25.607     ;
; -24.674 ; master:master|counter[7]  ; master:master|counter[0]  ; clk          ; clk         ; 1.000        ; -0.069     ; 25.607     ;
; -24.674 ; master:master|counter[7]  ; master:master|counter[1]  ; clk          ; clk         ; 1.000        ; -0.069     ; 25.607     ;
; -24.674 ; master:master|counter[7]  ; master:master|counter[2]  ; clk          ; clk         ; 1.000        ; -0.069     ; 25.607     ;
; -24.674 ; master:master|counter[7]  ; master:master|counter[3]  ; clk          ; clk         ; 1.000        ; -0.069     ; 25.607     ;
; -24.674 ; master:master|counter[7]  ; master:master|counter[4]  ; clk          ; clk         ; 1.000        ; -0.069     ; 25.607     ;
; -24.674 ; master:master|counter[7]  ; master:master|counter[5]  ; clk          ; clk         ; 1.000        ; -0.069     ; 25.607     ;
; -24.610 ; master:master|counter[10] ; master:master|counter[6]  ; clk          ; clk         ; 1.000        ; -0.069     ; 25.543     ;
; -24.610 ; master:master|counter[10] ; master:master|counter[0]  ; clk          ; clk         ; 1.000        ; -0.069     ; 25.543     ;
; -24.610 ; master:master|counter[10] ; master:master|counter[1]  ; clk          ; clk         ; 1.000        ; -0.069     ; 25.543     ;
; -24.610 ; master:master|counter[10] ; master:master|counter[2]  ; clk          ; clk         ; 1.000        ; -0.069     ; 25.543     ;
; -24.610 ; master:master|counter[10] ; master:master|counter[3]  ; clk          ; clk         ; 1.000        ; -0.069     ; 25.543     ;
; -24.610 ; master:master|counter[10] ; master:master|counter[4]  ; clk          ; clk         ; 1.000        ; -0.069     ; 25.543     ;
; -24.610 ; master:master|counter[10] ; master:master|counter[5]  ; clk          ; clk         ; 1.000        ; -0.069     ; 25.543     ;
; -24.553 ; master:master|counter[9]  ; master:master|counter[6]  ; clk          ; clk         ; 1.000        ; -0.069     ; 25.486     ;
; -24.553 ; master:master|counter[9]  ; master:master|counter[0]  ; clk          ; clk         ; 1.000        ; -0.069     ; 25.486     ;
; -24.553 ; master:master|counter[9]  ; master:master|counter[1]  ; clk          ; clk         ; 1.000        ; -0.069     ; 25.486     ;
; -24.553 ; master:master|counter[9]  ; master:master|counter[2]  ; clk          ; clk         ; 1.000        ; -0.069     ; 25.486     ;
; -24.553 ; master:master|counter[9]  ; master:master|counter[3]  ; clk          ; clk         ; 1.000        ; -0.069     ; 25.486     ;
; -24.553 ; master:master|counter[9]  ; master:master|counter[4]  ; clk          ; clk         ; 1.000        ; -0.069     ; 25.486     ;
; -24.553 ; master:master|counter[9]  ; master:master|counter[5]  ; clk          ; clk         ; 1.000        ; -0.069     ; 25.486     ;
; -24.485 ; master:master|counter[12] ; master:master|counter[6]  ; clk          ; clk         ; 1.000        ; -0.069     ; 25.418     ;
; -24.485 ; master:master|counter[12] ; master:master|counter[0]  ; clk          ; clk         ; 1.000        ; -0.069     ; 25.418     ;
; -24.485 ; master:master|counter[12] ; master:master|counter[1]  ; clk          ; clk         ; 1.000        ; -0.069     ; 25.418     ;
; -24.485 ; master:master|counter[12] ; master:master|counter[2]  ; clk          ; clk         ; 1.000        ; -0.069     ; 25.418     ;
; -24.485 ; master:master|counter[12] ; master:master|counter[3]  ; clk          ; clk         ; 1.000        ; -0.069     ; 25.418     ;
; -24.485 ; master:master|counter[12] ; master:master|counter[4]  ; clk          ; clk         ; 1.000        ; -0.069     ; 25.418     ;
; -24.485 ; master:master|counter[12] ; master:master|counter[5]  ; clk          ; clk         ; 1.000        ; -0.069     ; 25.418     ;
; -24.427 ; master:master|counter[11] ; master:master|counter[6]  ; clk          ; clk         ; 1.000        ; -0.069     ; 25.360     ;
; -24.427 ; master:master|counter[11] ; master:master|counter[0]  ; clk          ; clk         ; 1.000        ; -0.069     ; 25.360     ;
; -24.427 ; master:master|counter[11] ; master:master|counter[1]  ; clk          ; clk         ; 1.000        ; -0.069     ; 25.360     ;
; -24.427 ; master:master|counter[11] ; master:master|counter[2]  ; clk          ; clk         ; 1.000        ; -0.069     ; 25.360     ;
; -24.427 ; master:master|counter[11] ; master:master|counter[3]  ; clk          ; clk         ; 1.000        ; -0.069     ; 25.360     ;
; -24.427 ; master:master|counter[11] ; master:master|counter[4]  ; clk          ; clk         ; 1.000        ; -0.069     ; 25.360     ;
; -24.427 ; master:master|counter[11] ; master:master|counter[5]  ; clk          ; clk         ; 1.000        ; -0.069     ; 25.360     ;
; -24.312 ; master:master|counter[13] ; master:master|counter[6]  ; clk          ; clk         ; 1.000        ; -0.069     ; 25.245     ;
; -24.312 ; master:master|counter[13] ; master:master|counter[0]  ; clk          ; clk         ; 1.000        ; -0.069     ; 25.245     ;
+---------+---------------------------+---------------------------+--------------+-------------+--------------+------------+------------+


+-------------------------------------------------------------------------------------------------------------------------------------------------------------------------------------------------------------------------------+
; Slow 1200mV 0C Model Setup: 'lcddin_mod:lcd_display|clk_16ms'                                                                                                                                                                 ;
+--------+----------------------------------------------------+----------------------------------------------------+---------------------------------+---------------------------------+--------------+------------+------------+
; Slack  ; From Node                                          ; To Node                                            ; Launch Clock                    ; Latch Clock                     ; Relationship ; Clock Skew ; Data Delay ;
+--------+----------------------------------------------------+----------------------------------------------------+---------------------------------+---------------------------------+--------------+------------+------------+
; -3.436 ; lcddin_mod:lcd_display|data_counter[1]             ; lcddin_mod:lcd_display|data[0]                     ; lcddin_mod:lcd_display|clk_16ms ; lcddin_mod:lcd_display|clk_16ms ; 1.000        ; -0.073     ; 4.365      ;
; -3.060 ; lcddin_mod:lcd_display|data_counter[1]             ; lcddin_mod:lcd_display|data[1]                     ; lcddin_mod:lcd_display|clk_16ms ; lcddin_mod:lcd_display|clk_16ms ; 1.000        ; -0.073     ; 3.989      ;
; -3.035 ; lcddin_mod:lcd_display|data_counter[0]             ; lcddin_mod:lcd_display|data[0]                     ; lcddin_mod:lcd_display|clk_16ms ; lcddin_mod:lcd_display|clk_16ms ; 1.000        ; -0.073     ; 3.964      ;
; -2.916 ; lcddin_mod:lcd_display|data_counter[0]             ; lcddin_mod:lcd_display|data[1]                     ; lcddin_mod:lcd_display|clk_16ms ; lcddin_mod:lcd_display|clk_16ms ; 1.000        ; -0.073     ; 3.845      ;
; -2.886 ; lcddin_mod:lcd_display|data_counter[2]             ; lcddin_mod:lcd_display|data[1]                     ; lcddin_mod:lcd_display|clk_16ms ; lcddin_mod:lcd_display|clk_16ms ; 1.000        ; -0.073     ; 3.815      ;
; -2.850 ; lcddin_mod:lcd_display|data_counter[2]             ; lcddin_mod:lcd_display|data[0]                     ; lcddin_mod:lcd_display|clk_16ms ; lcddin_mod:lcd_display|clk_16ms ; 1.000        ; -0.073     ; 3.779      ;
; -2.750 ; lcddin_mod:lcd_display|data_counter[0]             ; lcddin_mod:lcd_display|data[2]                     ; lcddin_mod:lcd_display|clk_16ms ; lcddin_mod:lcd_display|clk_16ms ; 1.000        ; -0.072     ; 3.680      ;
; -2.661 ; lcddin_mod:lcd_display|data_counter[2]             ; lcddin_mod:lcd_display|data[2]                     ; lcddin_mod:lcd_display|clk_16ms ; lcddin_mod:lcd_display|clk_16ms ; 1.000        ; -0.072     ; 3.591      ;
; -2.661 ; lcddin_mod:lcd_display|data_counter[1]             ; lcddin_mod:lcd_display|data[2]                     ; lcddin_mod:lcd_display|clk_16ms ; lcddin_mod:lcd_display|clk_16ms ; 1.000        ; -0.072     ; 3.591      ;
; -2.613 ; lcddin_mod:lcd_display|data_counter[0]             ; lcddin_mod:lcd_display|data[3]                     ; lcddin_mod:lcd_display|clk_16ms ; lcddin_mod:lcd_display|clk_16ms ; 1.000        ; -0.072     ; 3.543      ;
; -2.361 ; lcddin_mod:lcd_display|data_counter[1]             ; lcddin_mod:lcd_display|data[3]                     ; lcddin_mod:lcd_display|clk_16ms ; lcddin_mod:lcd_display|clk_16ms ; 1.000        ; -0.072     ; 3.291      ;
; -2.261 ; lcddin_mod:lcd_display|fsm_state.WR_STATIC_TEXT_1L ; lcddin_mod:lcd_display|data[3]                     ; lcddin_mod:lcd_display|clk_16ms ; lcddin_mod:lcd_display|clk_16ms ; 1.000        ; -0.542     ; 2.721      ;
; -2.192 ; lcddin_mod:lcd_display|fsm_state.WR_STATIC_TEXT_1L ; lcddin_mod:lcd_display|data[0]                     ; lcddin_mod:lcd_display|clk_16ms ; lcddin_mod:lcd_display|clk_16ms ; 1.000        ; -0.543     ; 2.651      ;
; -2.192 ; lcddin_mod:lcd_display|fsm_state.WR_STATIC_TEXT_1L ; lcddin_mod:lcd_display|data[1]                     ; lcddin_mod:lcd_display|clk_16ms ; lcddin_mod:lcd_display|clk_16ms ; 1.000        ; -0.543     ; 2.651      ;
; -2.100 ; lcddin_mod:lcd_display|fsm_state.IDLE              ; lcddin_mod:lcd_display|data[1]                     ; lcddin_mod:lcd_display|clk_16ms ; lcddin_mod:lcd_display|clk_16ms ; 1.000        ; -0.078     ; 3.024      ;
; -2.089 ; lcddin_mod:lcd_display|fsm_state.IDLE              ; lcddin_mod:lcd_display|data[0]                     ; lcddin_mod:lcd_display|clk_16ms ; lcddin_mod:lcd_display|clk_16ms ; 1.000        ; -0.078     ; 3.013      ;
; -2.019 ; lcddin_mod:lcd_display|command_counter[1]          ; lcddin_mod:lcd_display|data[0]                     ; lcddin_mod:lcd_display|clk_16ms ; lcddin_mod:lcd_display|clk_16ms ; 1.000        ; -0.078     ; 2.943      ;
; -2.011 ; lcddin_mod:lcd_display|fsm_state.WR_STATIC_TEXT_1L ; lcddin_mod:lcd_display|data[6]                     ; lcddin_mod:lcd_display|clk_16ms ; lcddin_mod:lcd_display|clk_16ms ; 1.000        ; -0.542     ; 2.471      ;
; -2.009 ; lcddin_mod:lcd_display|fsm_state.WR_STATIC_TEXT_1L ; lcddin_mod:lcd_display|data[2]                     ; lcddin_mod:lcd_display|clk_16ms ; lcddin_mod:lcd_display|clk_16ms ; 1.000        ; -0.542     ; 2.469      ;
; -1.944 ; lcddin_mod:lcd_display|data_counter[1]             ; lcddin_mod:lcd_display|data[5]                     ; lcddin_mod:lcd_display|clk_16ms ; lcddin_mod:lcd_display|clk_16ms ; 1.000        ; -0.065     ; 2.881      ;
; -1.927 ; lcddin_mod:lcd_display|data_counter[0]             ; lcddin_mod:lcd_display|data[5]                     ; lcddin_mod:lcd_display|clk_16ms ; lcddin_mod:lcd_display|clk_16ms ; 1.000        ; -0.065     ; 2.864      ;
; -1.919 ; lcddin_mod:lcd_display|fsm_state.CONFIG_CMD2       ; lcddin_mod:lcd_display|data[1]                     ; lcddin_mod:lcd_display|clk_16ms ; lcddin_mod:lcd_display|clk_16ms ; 1.000        ; -0.078     ; 2.843      ;
; -1.908 ; lcddin_mod:lcd_display|fsm_state.CONFIG_CMD2       ; lcddin_mod:lcd_display|data[0]                     ; lcddin_mod:lcd_display|clk_16ms ; lcddin_mod:lcd_display|clk_16ms ; 1.000        ; -0.078     ; 2.832      ;
; -1.885 ; lcddin_mod:lcd_display|fsm_state.CONFIG_CMD1       ; lcddin_mod:lcd_display|data[1]                     ; lcddin_mod:lcd_display|clk_16ms ; lcddin_mod:lcd_display|clk_16ms ; 1.000        ; -0.078     ; 2.809      ;
; -1.874 ; lcddin_mod:lcd_display|fsm_state.CONFIG_CMD1       ; lcddin_mod:lcd_display|data[0]                     ; lcddin_mod:lcd_display|clk_16ms ; lcddin_mod:lcd_display|clk_16ms ; 1.000        ; -0.078     ; 2.798      ;
; -1.789 ; lcddin_mod:lcd_display|command_counter[0]          ; lcddin_mod:lcd_display|data[0]                     ; lcddin_mod:lcd_display|clk_16ms ; lcddin_mod:lcd_display|clk_16ms ; 1.000        ; -0.078     ; 2.713      ;
; -1.775 ; lcddin_mod:lcd_display|command_counter[1]          ; lcddin_mod:lcd_display|data[5]                     ; lcddin_mod:lcd_display|clk_16ms ; lcddin_mod:lcd_display|clk_16ms ; 1.000        ; -0.070     ; 2.707      ;
; -1.765 ; lcddin_mod:lcd_display|data_counter[2]             ; lcddin_mod:lcd_display|data[5]                     ; lcddin_mod:lcd_display|clk_16ms ; lcddin_mod:lcd_display|clk_16ms ; 1.000        ; -0.065     ; 2.702      ;
; -1.761 ; lcddin_mod:lcd_display|fsm_state.CONFIG_CMD1       ; lcddin_mod:lcd_display|data[5]                     ; lcddin_mod:lcd_display|clk_16ms ; lcddin_mod:lcd_display|clk_16ms ; 1.000        ; -0.070     ; 2.693      ;
; -1.710 ; lcddin_mod:lcd_display|text[10][0]                 ; lcddin_mod:lcd_display|data[0]                     ; clk                             ; lcddin_mod:lcd_display|clk_16ms ; 1.000        ; 0.812      ; 3.514      ;
; -1.682 ; lcddin_mod:lcd_display|text[9][0]                  ; lcddin_mod:lcd_display|data[0]                     ; clk                             ; lcddin_mod:lcd_display|clk_16ms ; 1.000        ; 0.812      ; 3.486      ;
; -1.667 ; lcddin_mod:lcd_display|fsm_state.WR_STATIC_TEXT_2L ; lcddin_mod:lcd_display|data[3]                     ; lcddin_mod:lcd_display|clk_16ms ; lcddin_mod:lcd_display|clk_16ms ; 1.000        ; -0.079     ; 2.590      ;
; -1.638 ; lcddin_mod:lcd_display|data_counter[3]             ; lcddin_mod:lcd_display|data[5]                     ; lcddin_mod:lcd_display|clk_16ms ; lcddin_mod:lcd_display|clk_16ms ; 1.000        ; -0.065     ; 2.575      ;
; -1.604 ; lcddin_mod:lcd_display|data_counter[0]             ; lcddin_mod:lcd_display|data[4]                     ; lcddin_mod:lcd_display|clk_16ms ; lcddin_mod:lcd_display|clk_16ms ; 1.000        ; -0.065     ; 2.541      ;
; -1.589 ; lcddin_mod:lcd_display|data_counter[1]             ; lcddin_mod:lcd_display|fsm_state.WR_STATIC_TEXT_2L ; lcddin_mod:lcd_display|clk_16ms ; lcddin_mod:lcd_display|clk_16ms ; 1.000        ; -0.065     ; 2.526      ;
; -1.573 ; lcddin_mod:lcd_display|data_counter[1]             ; lcddin_mod:lcd_display|data[4]                     ; lcddin_mod:lcd_display|clk_16ms ; lcddin_mod:lcd_display|clk_16ms ; 1.000        ; -0.065     ; 2.510      ;
; -1.572 ; lcddin_mod:lcd_display|data_counter[0]             ; lcddin_mod:lcd_display|fsm_state.WR_STATIC_TEXT_2L ; lcddin_mod:lcd_display|clk_16ms ; lcddin_mod:lcd_display|clk_16ms ; 1.000        ; -0.065     ; 2.509      ;
; -1.571 ; lcddin_mod:lcd_display|command_counter[1]          ; lcddin_mod:lcd_display|data[1]                     ; lcddin_mod:lcd_display|clk_16ms ; lcddin_mod:lcd_display|clk_16ms ; 1.000        ; -0.078     ; 2.495      ;
; -1.537 ; lcddin_mod:lcd_display|fsm_state.CONFIG_CMD1       ; lcddin_mod:lcd_display|data[2]                     ; lcddin_mod:lcd_display|clk_16ms ; lcddin_mod:lcd_display|clk_16ms ; 1.000        ; -0.077     ; 2.462      ;
; -1.536 ; lcddin_mod:lcd_display|data_counter[4]             ; lcddin_mod:lcd_display|data[4]                     ; lcddin_mod:lcd_display|clk_16ms ; lcddin_mod:lcd_display|clk_16ms ; 1.000        ; -0.065     ; 2.473      ;
; -1.523 ; lcddin_mod:lcd_display|command_counter[1]          ; lcddin_mod:lcd_display|data[2]                     ; lcddin_mod:lcd_display|clk_16ms ; lcddin_mod:lcd_display|clk_16ms ; 1.000        ; -0.077     ; 2.448      ;
; -1.518 ; lcddin_mod:lcd_display|data_counter[4]             ; lcddin_mod:lcd_display|data[5]                     ; lcddin_mod:lcd_display|clk_16ms ; lcddin_mod:lcd_display|clk_16ms ; 1.000        ; -0.065     ; 2.455      ;
; -1.501 ; lcddin_mod:lcd_display|data_counter[1]             ; lcddin_mod:lcd_display|fsm_state.WR_STATIC_TEXT_1L ; lcddin_mod:lcd_display|clk_16ms ; lcddin_mod:lcd_display|clk_16ms ; 1.000        ; 0.379      ; 2.882      ;
; -1.495 ; lcddin_mod:lcd_display|text[9][1]                  ; lcddin_mod:lcd_display|data[1]                     ; clk                             ; lcddin_mod:lcd_display|clk_16ms ; 1.000        ; 0.811      ; 3.298      ;
; -1.484 ; lcddin_mod:lcd_display|data_counter[0]             ; lcddin_mod:lcd_display|fsm_state.WR_STATIC_TEXT_1L ; lcddin_mod:lcd_display|clk_16ms ; lcddin_mod:lcd_display|clk_16ms ; 1.000        ; 0.379      ; 2.865      ;
; -1.477 ; lcddin_mod:lcd_display|command_counter[0]          ; lcddin_mod:lcd_display|data[5]                     ; lcddin_mod:lcd_display|clk_16ms ; lcddin_mod:lcd_display|clk_16ms ; 1.000        ; -0.070     ; 2.409      ;
; -1.432 ; lcddin_mod:lcd_display|fsm_state.WR_STATIC_TEXT_2L ; lcddin_mod:lcd_display|data[0]                     ; lcddin_mod:lcd_display|clk_16ms ; lcddin_mod:lcd_display|clk_16ms ; 1.000        ; -0.080     ; 2.354      ;
; -1.432 ; lcddin_mod:lcd_display|fsm_state.WR_STATIC_TEXT_2L ; lcddin_mod:lcd_display|data[1]                     ; lcddin_mod:lcd_display|clk_16ms ; lcddin_mod:lcd_display|clk_16ms ; 1.000        ; -0.080     ; 2.354      ;
; -1.417 ; lcddin_mod:lcd_display|fsm_state.WR_STATIC_TEXT_2L ; lcddin_mod:lcd_display|data[6]                     ; lcddin_mod:lcd_display|clk_16ms ; lcddin_mod:lcd_display|clk_16ms ; 1.000        ; -0.079     ; 2.340      ;
; -1.415 ; lcddin_mod:lcd_display|fsm_state.WR_STATIC_TEXT_2L ; lcddin_mod:lcd_display|data[2]                     ; lcddin_mod:lcd_display|clk_16ms ; lcddin_mod:lcd_display|clk_16ms ; 1.000        ; -0.079     ; 2.338      ;
; -1.413 ; lcddin_mod:lcd_display|data_counter[2]             ; lcddin_mod:lcd_display|data[4]                     ; lcddin_mod:lcd_display|clk_16ms ; lcddin_mod:lcd_display|clk_16ms ; 1.000        ; -0.065     ; 2.350      ;
; -1.410 ; lcddin_mod:lcd_display|data_counter[2]             ; lcddin_mod:lcd_display|fsm_state.WR_STATIC_TEXT_2L ; lcddin_mod:lcd_display|clk_16ms ; lcddin_mod:lcd_display|clk_16ms ; 1.000        ; -0.065     ; 2.347      ;
; -1.385 ; lcddin_mod:lcd_display|data_counter[1]             ; lcddin_mod:lcd_display|fsm_state.CONFIG_CMD2       ; lcddin_mod:lcd_display|clk_16ms ; lcddin_mod:lcd_display|clk_16ms ; 1.000        ; -0.067     ; 2.320      ;
; -1.381 ; lcddin_mod:lcd_display|command_counter[1]          ; lcddin_mod:lcd_display|data[4]                     ; lcddin_mod:lcd_display|clk_16ms ; lcddin_mod:lcd_display|clk_16ms ; 1.000        ; -0.070     ; 2.313      ;
; -1.378 ; lcddin_mod:lcd_display|data_counter[1]             ; lcddin_mod:lcd_display|fsm_state.IDLE              ; lcddin_mod:lcd_display|clk_16ms ; lcddin_mod:lcd_display|clk_16ms ; 1.000        ; -0.067     ; 2.313      ;
; -1.376 ; lcddin_mod:lcd_display|fsm_state.CONFIG_CMD2       ; lcddin_mod:lcd_display|data_counter[4]             ; lcddin_mod:lcd_display|clk_16ms ; lcddin_mod:lcd_display|clk_16ms ; 1.000        ; -0.077     ; 2.301      ;
; -1.376 ; lcddin_mod:lcd_display|fsm_state.CONFIG_CMD2       ; lcddin_mod:lcd_display|data_counter[3]             ; lcddin_mod:lcd_display|clk_16ms ; lcddin_mod:lcd_display|clk_16ms ; 1.000        ; -0.077     ; 2.301      ;
; -1.376 ; lcddin_mod:lcd_display|fsm_state.CONFIG_CMD2       ; lcddin_mod:lcd_display|data_counter[2]             ; lcddin_mod:lcd_display|clk_16ms ; lcddin_mod:lcd_display|clk_16ms ; 1.000        ; -0.077     ; 2.301      ;
; -1.376 ; lcddin_mod:lcd_display|fsm_state.CONFIG_CMD2       ; lcddin_mod:lcd_display|data_counter[1]             ; lcddin_mod:lcd_display|clk_16ms ; lcddin_mod:lcd_display|clk_16ms ; 1.000        ; -0.077     ; 2.301      ;
; -1.376 ; lcddin_mod:lcd_display|fsm_state.CONFIG_CMD2       ; lcddin_mod:lcd_display|data_counter[0]             ; lcddin_mod:lcd_display|clk_16ms ; lcddin_mod:lcd_display|clk_16ms ; 1.000        ; -0.077     ; 2.301      ;
; -1.368 ; lcddin_mod:lcd_display|data_counter[0]             ; lcddin_mod:lcd_display|fsm_state.CONFIG_CMD2       ; lcddin_mod:lcd_display|clk_16ms ; lcddin_mod:lcd_display|clk_16ms ; 1.000        ; -0.067     ; 2.303      ;
; -1.367 ; lcddin_mod:lcd_display|fsm_state.CONFIG_CMD1       ; lcddin_mod:lcd_display|data[4]                     ; lcddin_mod:lcd_display|clk_16ms ; lcddin_mod:lcd_display|clk_16ms ; 1.000        ; -0.070     ; 2.299      ;
; -1.361 ; lcddin_mod:lcd_display|data_counter[0]             ; lcddin_mod:lcd_display|fsm_state.IDLE              ; lcddin_mod:lcd_display|clk_16ms ; lcddin_mod:lcd_display|clk_16ms ; 1.000        ; -0.067     ; 2.296      ;
; -1.327 ; lcddin_mod:lcd_display|text[6][0]                  ; lcddin_mod:lcd_display|data[0]                     ; clk                             ; lcddin_mod:lcd_display|clk_16ms ; 1.000        ; 0.811      ; 3.130      ;
; -1.322 ; lcddin_mod:lcd_display|data_counter[2]             ; lcddin_mod:lcd_display|fsm_state.WR_STATIC_TEXT_1L ; lcddin_mod:lcd_display|clk_16ms ; lcddin_mod:lcd_display|clk_16ms ; 1.000        ; 0.379      ; 2.703      ;
; -1.306 ; lcddin_mod:lcd_display|data_counter[3]             ; lcddin_mod:lcd_display|data[2]                     ; lcddin_mod:lcd_display|clk_16ms ; lcddin_mod:lcd_display|clk_16ms ; 1.000        ; -0.072     ; 2.236      ;
; -1.288 ; lcddin_mod:lcd_display|data_counter[4]             ; lcddin_mod:lcd_display|data[0]                     ; lcddin_mod:lcd_display|clk_16ms ; lcddin_mod:lcd_display|clk_16ms ; 1.000        ; -0.073     ; 2.217      ;
; -1.288 ; lcddin_mod:lcd_display|data_counter[4]             ; lcddin_mod:lcd_display|data[1]                     ; lcddin_mod:lcd_display|clk_16ms ; lcddin_mod:lcd_display|clk_16ms ; 1.000        ; -0.073     ; 2.217      ;
; -1.288 ; lcddin_mod:lcd_display|data_counter[3]             ; lcddin_mod:lcd_display|data[4]                     ; lcddin_mod:lcd_display|clk_16ms ; lcddin_mod:lcd_display|clk_16ms ; 1.000        ; -0.065     ; 2.225      ;
; -1.283 ; lcddin_mod:lcd_display|data_counter[3]             ; lcddin_mod:lcd_display|fsm_state.WR_STATIC_TEXT_2L ; lcddin_mod:lcd_display|clk_16ms ; lcddin_mod:lcd_display|clk_16ms ; 1.000        ; -0.065     ; 2.220      ;
; -1.279 ; lcddin_mod:lcd_display|command_counter[0]          ; lcddin_mod:lcd_display|data[2]                     ; lcddin_mod:lcd_display|clk_16ms ; lcddin_mod:lcd_display|clk_16ms ; 1.000        ; -0.077     ; 2.204      ;
; -1.268 ; lcddin_mod:lcd_display|command_counter[0]          ; lcddin_mod:lcd_display|data[1]                     ; lcddin_mod:lcd_display|clk_16ms ; lcddin_mod:lcd_display|clk_16ms ; 1.000        ; -0.078     ; 2.192      ;
; -1.254 ; lcddin_mod:lcd_display|data_counter[3]             ; lcddin_mod:lcd_display|data[1]                     ; lcddin_mod:lcd_display|clk_16ms ; lcddin_mod:lcd_display|clk_16ms ; 1.000        ; -0.073     ; 2.183      ;
; -1.241 ; lcddin_mod:lcd_display|data_counter[3]             ; lcddin_mod:lcd_display|data[0]                     ; lcddin_mod:lcd_display|clk_16ms ; lcddin_mod:lcd_display|clk_16ms ; 1.000        ; -0.073     ; 2.170      ;
; -1.240 ; lcddin_mod:lcd_display|data_counter[4]             ; lcddin_mod:lcd_display|data[3]                     ; lcddin_mod:lcd_display|clk_16ms ; lcddin_mod:lcd_display|clk_16ms ; 1.000        ; -0.072     ; 2.170      ;
; -1.229 ; lcddin_mod:lcd_display|fsm_state.WR_STATIC_TEXT_1L ; lcddin_mod:lcd_display|data[4]                     ; lcddin_mod:lcd_display|clk_16ms ; lcddin_mod:lcd_display|clk_16ms ; 1.000        ; -0.535     ; 1.696      ;
; -1.207 ; lcddin_mod:lcd_display|data_counter[3]             ; lcddin_mod:lcd_display|data[3]                     ; lcddin_mod:lcd_display|clk_16ms ; lcddin_mod:lcd_display|clk_16ms ; 1.000        ; -0.072     ; 2.137      ;
; -1.206 ; lcddin_mod:lcd_display|data_counter[2]             ; lcddin_mod:lcd_display|fsm_state.CONFIG_CMD2       ; lcddin_mod:lcd_display|clk_16ms ; lcddin_mod:lcd_display|clk_16ms ; 1.000        ; -0.067     ; 2.141      ;
; -1.199 ; lcddin_mod:lcd_display|data_counter[2]             ; lcddin_mod:lcd_display|fsm_state.IDLE              ; lcddin_mod:lcd_display|clk_16ms ; lcddin_mod:lcd_display|clk_16ms ; 1.000        ; -0.067     ; 2.134      ;
; -1.195 ; lcddin_mod:lcd_display|data_counter[3]             ; lcddin_mod:lcd_display|fsm_state.WR_STATIC_TEXT_1L ; lcddin_mod:lcd_display|clk_16ms ; lcddin_mod:lcd_display|clk_16ms ; 1.000        ; 0.379      ; 2.576      ;
; -1.158 ; lcddin_mod:lcd_display|data_counter[4]             ; lcddin_mod:lcd_display|fsm_state.WR_STATIC_TEXT_2L ; lcddin_mod:lcd_display|clk_16ms ; lcddin_mod:lcd_display|clk_16ms ; 1.000        ; -0.065     ; 2.095      ;
; -1.156 ; lcddin_mod:lcd_display|fsm_state.IDLE              ; lcddin_mod:lcd_display|data_counter[4]             ; lcddin_mod:lcd_display|clk_16ms ; lcddin_mod:lcd_display|clk_16ms ; 1.000        ; -0.077     ; 2.081      ;
; -1.156 ; lcddin_mod:lcd_display|fsm_state.IDLE              ; lcddin_mod:lcd_display|data_counter[3]             ; lcddin_mod:lcd_display|clk_16ms ; lcddin_mod:lcd_display|clk_16ms ; 1.000        ; -0.077     ; 2.081      ;
; -1.156 ; lcddin_mod:lcd_display|fsm_state.IDLE              ; lcddin_mod:lcd_display|data_counter[2]             ; lcddin_mod:lcd_display|clk_16ms ; lcddin_mod:lcd_display|clk_16ms ; 1.000        ; -0.077     ; 2.081      ;
; -1.156 ; lcddin_mod:lcd_display|fsm_state.IDLE              ; lcddin_mod:lcd_display|data_counter[1]             ; lcddin_mod:lcd_display|clk_16ms ; lcddin_mod:lcd_display|clk_16ms ; 1.000        ; -0.077     ; 2.081      ;
; -1.156 ; lcddin_mod:lcd_display|fsm_state.IDLE              ; lcddin_mod:lcd_display|data_counter[0]             ; lcddin_mod:lcd_display|clk_16ms ; lcddin_mod:lcd_display|clk_16ms ; 1.000        ; -0.077     ; 2.081      ;
; -1.101 ; lcddin_mod:lcd_display|text[10][1]                 ; lcddin_mod:lcd_display|data[1]                     ; clk                             ; lcddin_mod:lcd_display|clk_16ms ; 1.000        ; 0.811      ; 2.904      ;
; -1.083 ; lcddin_mod:lcd_display|command_counter[0]          ; lcddin_mod:lcd_display|data[4]                     ; lcddin_mod:lcd_display|clk_16ms ; lcddin_mod:lcd_display|clk_16ms ; 1.000        ; -0.070     ; 2.015      ;
; -1.083 ; lcddin_mod:lcd_display|command_counter[1]          ; lcddin_mod:lcd_display|fsm_state.WR_STATIC_TEXT_1L ; lcddin_mod:lcd_display|clk_16ms ; lcddin_mod:lcd_display|clk_16ms ; 1.000        ; 0.374      ; 2.459      ;
; -1.081 ; lcddin_mod:lcd_display|fsm_state.WR_STATIC_TEXT_1L ; lcddin_mod:lcd_display|data[5]                     ; lcddin_mod:lcd_display|clk_16ms ; lcddin_mod:lcd_display|clk_16ms ; 1.000        ; -0.535     ; 1.548      ;
; -1.081 ; lcddin_mod:lcd_display|data_counter[4]             ; lcddin_mod:lcd_display|fsm_state.WR_STATIC_TEXT_1L ; lcddin_mod:lcd_display|clk_16ms ; lcddin_mod:lcd_display|clk_16ms ; 1.000        ; 0.379      ; 2.462      ;
; -1.079 ; lcddin_mod:lcd_display|data_counter[3]             ; lcddin_mod:lcd_display|fsm_state.CONFIG_CMD2       ; lcddin_mod:lcd_display|clk_16ms ; lcddin_mod:lcd_display|clk_16ms ; 1.000        ; -0.067     ; 2.014      ;
; -1.072 ; lcddin_mod:lcd_display|data_counter[3]             ; lcddin_mod:lcd_display|fsm_state.IDLE              ; lcddin_mod:lcd_display|clk_16ms ; lcddin_mod:lcd_display|clk_16ms ; 1.000        ; -0.067     ; 2.007      ;
; -1.069 ; lcddin_mod:lcd_display|fsm_state.CONFIG_CMD1       ; lcddin_mod:lcd_display|fsm_state.WR_STATIC_TEXT_1L ; lcddin_mod:lcd_display|clk_16ms ; lcddin_mod:lcd_display|clk_16ms ; 1.000        ; 0.374      ; 2.445      ;
; -1.035 ; lcddin_mod:lcd_display|data_counter[1]             ; lcddin_mod:lcd_display|data_counter[4]             ; lcddin_mod:lcd_display|clk_16ms ; lcddin_mod:lcd_display|clk_16ms ; 1.000        ; -0.072     ; 1.965      ;
; -1.005 ; lcddin_mod:lcd_display|text[6][1]                  ; lcddin_mod:lcd_display|data[1]                     ; clk                             ; lcddin_mod:lcd_display|clk_16ms ; 1.000        ; 0.811      ; 2.808      ;
; -0.990 ; lcddin_mod:lcd_display|data_counter[4]             ; lcddin_mod:lcd_display|data[6]                     ; lcddin_mod:lcd_display|clk_16ms ; lcddin_mod:lcd_display|clk_16ms ; 1.000        ; -0.072     ; 1.920      ;
; -0.988 ; lcddin_mod:lcd_display|data_counter[4]             ; lcddin_mod:lcd_display|data[2]                     ; lcddin_mod:lcd_display|clk_16ms ; lcddin_mod:lcd_display|clk_16ms ; 1.000        ; -0.072     ; 1.918      ;
; -0.962 ; lcddin_mod:lcd_display|text[12][1]                 ; lcddin_mod:lcd_display|data[1]                     ; clk                             ; lcddin_mod:lcd_display|clk_16ms ; 1.000        ; 0.811      ; 2.765      ;
; -0.954 ; lcddin_mod:lcd_display|fsm_state.WR_STATIC_TEXT_2L ; lcddin_mod:lcd_display|data[4]                     ; lcddin_mod:lcd_display|clk_16ms ; lcddin_mod:lcd_display|clk_16ms ; 1.000        ; -0.072     ; 1.884      ;
+--------+----------------------------------------------------+----------------------------------------------------+---------------------------------+---------------------------------+--------------+------------+------------+


+-------------------------------------------------------------------------------------------------------------------------------------------+
; Slow 1200mV 0C Model Setup: 'master:master|scl'                                                                                           ;
+--------+------------------------+------------------------+-------------------+-------------------+--------------+------------+------------+
; Slack  ; From Node              ; To Node                ; Launch Clock      ; Latch Clock       ; Relationship ; Clock Skew ; Data Delay ;
+--------+------------------------+------------------------+-------------------+-------------------+--------------+------------+------------+
; -2.724 ; listen:listen|count[5] ; listen:listen|data[16] ; master:master|scl ; master:master|scl ; 1.000        ; -0.071     ; 3.655      ;
; -2.704 ; listen:listen|count[6] ; listen:listen|data[16] ; master:master|scl ; master:master|scl ; 1.000        ; -0.071     ; 3.635      ;
; -2.593 ; listen:listen|count[3] ; listen:listen|data[16] ; master:master|scl ; master:master|scl ; 1.000        ; -0.071     ; 3.524      ;
; -2.541 ; listen:listen|count[5] ; listen:listen|data[7]  ; master:master|scl ; master:master|scl ; 1.000        ; -0.069     ; 3.474      ;
; -2.521 ; listen:listen|count[6] ; listen:listen|data[7]  ; master:master|scl ; master:master|scl ; 1.000        ; -0.069     ; 3.454      ;
; -2.464 ; listen:listen|count[1] ; listen:listen|data[16] ; master:master|scl ; master:master|scl ; 1.000        ; -0.071     ; 3.395      ;
; -2.433 ; listen:listen|count[0] ; listen:listen|data[16] ; master:master|scl ; master:master|scl ; 1.000        ; -0.071     ; 3.364      ;
; -2.410 ; listen:listen|count[3] ; listen:listen|data[7]  ; master:master|scl ; master:master|scl ; 1.000        ; -0.069     ; 3.343      ;
; -2.381 ; listen:listen|count[6] ; listen:listen|data[8]  ; master:master|scl ; master:master|scl ; 1.000        ; -0.068     ; 3.315      ;
; -2.375 ; listen:listen|count[6] ; listen:listen|data[9]  ; master:master|scl ; master:master|scl ; 1.000        ; -0.069     ; 3.308      ;
; -2.321 ; listen:listen|count[4] ; listen:listen|data[16] ; master:master|scl ; master:master|scl ; 1.000        ; -0.071     ; 3.252      ;
; -2.321 ; listen:listen|count[3] ; listen:listen|data[8]  ; master:master|scl ; master:master|scl ; 1.000        ; -0.068     ; 3.255      ;
; -2.315 ; listen:listen|count[3] ; listen:listen|data[9]  ; master:master|scl ; master:master|scl ; 1.000        ; -0.069     ; 3.248      ;
; -2.309 ; listen:listen|count[5] ; listen:listen|data[3]  ; master:master|scl ; master:master|scl ; 1.000        ; -0.069     ; 3.242      ;
; -2.296 ; listen:listen|data[16] ; listen:listen|data[16] ; master:master|scl ; master:master|scl ; 1.000        ; -0.072     ; 3.226      ;
; -2.293 ; listen:listen|count[5] ; listen:listen|data[6]  ; master:master|scl ; master:master|scl ; 1.000        ; -0.069     ; 3.226      ;
; -2.291 ; listen:listen|count[5] ; listen:listen|data[4]  ; master:master|scl ; master:master|scl ; 1.000        ; -0.069     ; 3.224      ;
; -2.290 ; listen:listen|count[5] ; listen:listen|data[20] ; master:master|scl ; master:master|scl ; 1.000        ; -0.070     ; 3.222      ;
; -2.289 ; listen:listen|count[6] ; listen:listen|data[3]  ; master:master|scl ; master:master|scl ; 1.000        ; -0.069     ; 3.222      ;
; -2.281 ; listen:listen|count[2] ; listen:listen|data[16] ; master:master|scl ; master:master|scl ; 1.000        ; -0.071     ; 3.212      ;
; -2.273 ; listen:listen|count[6] ; listen:listen|data[6]  ; master:master|scl ; master:master|scl ; 1.000        ; -0.069     ; 3.206      ;
; -2.272 ; listen:listen|count[0] ; listen:listen|data[9]  ; master:master|scl ; master:master|scl ; 1.000        ; -0.069     ; 3.205      ;
; -2.271 ; listen:listen|count[6] ; listen:listen|data[4]  ; master:master|scl ; master:master|scl ; 1.000        ; -0.069     ; 3.204      ;
; -2.270 ; listen:listen|count[6] ; listen:listen|data[20] ; master:master|scl ; master:master|scl ; 1.000        ; -0.070     ; 3.202      ;
; -2.264 ; listen:listen|count[2] ; listen:listen|data[13] ; master:master|scl ; master:master|scl ; 1.000        ; -0.070     ; 3.196      ;
; -2.261 ; listen:listen|count[6] ; listen:listen|data[12] ; master:master|scl ; master:master|scl ; 1.000        ; -0.070     ; 3.193      ;
; -2.250 ; listen:listen|count[5] ; listen:listen|data[8]  ; master:master|scl ; master:master|scl ; 1.000        ; -0.068     ; 3.184      ;
; -2.244 ; listen:listen|count[5] ; listen:listen|data[9]  ; master:master|scl ; master:master|scl ; 1.000        ; -0.069     ; 3.177      ;
; -2.234 ; listen:listen|count[6] ; listen:listen|data[13] ; master:master|scl ; master:master|scl ; 1.000        ; -0.070     ; 3.166      ;
; -2.232 ; master:master|sda_en   ; listen:listen|data[16] ; clk               ; master:master|scl ; 1.000        ; 0.715      ; 3.939      ;
; -2.201 ; listen:listen|count[0] ; listen:listen|data[11] ; master:master|scl ; master:master|scl ; 1.000        ; -0.069     ; 3.134      ;
; -2.201 ; listen:listen|count[3] ; listen:listen|data[12] ; master:master|scl ; master:master|scl ; 1.000        ; -0.070     ; 3.133      ;
; -2.194 ; listen:listen|count[0] ; listen:listen|data[3]  ; master:master|scl ; master:master|scl ; 1.000        ; -0.069     ; 3.127      ;
; -2.179 ; listen:listen|count[5] ; listen:listen|data[19] ; master:master|scl ; master:master|scl ; 1.000        ; -0.069     ; 3.112      ;
; -2.178 ; listen:listen|count[3] ; listen:listen|data[3]  ; master:master|scl ; master:master|scl ; 1.000        ; -0.069     ; 3.111      ;
; -2.174 ; listen:listen|count[3] ; listen:listen|data[13] ; master:master|scl ; master:master|scl ; 1.000        ; -0.070     ; 3.106      ;
; -2.162 ; listen:listen|count[3] ; listen:listen|data[6]  ; master:master|scl ; master:master|scl ; 1.000        ; -0.069     ; 3.095      ;
; -2.161 ; listen:listen|count[5] ; listen:listen|data[21] ; master:master|scl ; master:master|scl ; 1.000        ; -0.069     ; 3.094      ;
; -2.160 ; listen:listen|count[3] ; listen:listen|data[4]  ; master:master|scl ; master:master|scl ; 1.000        ; -0.069     ; 3.093      ;
; -2.159 ; listen:listen|count[3] ; listen:listen|data[20] ; master:master|scl ; master:master|scl ; 1.000        ; -0.070     ; 3.091      ;
; -2.159 ; listen:listen|count[1] ; listen:listen|data[11] ; master:master|scl ; master:master|scl ; 1.000        ; -0.069     ; 3.092      ;
; -2.159 ; listen:listen|count[6] ; listen:listen|data[19] ; master:master|scl ; master:master|scl ; 1.000        ; -0.069     ; 3.092      ;
; -2.152 ; listen:listen|count[1] ; listen:listen|data[3]  ; master:master|scl ; master:master|scl ; 1.000        ; -0.069     ; 3.085      ;
; -2.141 ; listen:listen|count[6] ; listen:listen|data[21] ; master:master|scl ; master:master|scl ; 1.000        ; -0.069     ; 3.074      ;
; -2.140 ; listen:listen|count[0] ; listen:listen|data[13] ; master:master|scl ; master:master|scl ; 1.000        ; -0.070     ; 3.072      ;
; -2.131 ; listen:listen|count[0] ; listen:listen|count[5] ; master:master|scl ; master:master|scl ; 1.000        ; -0.071     ; 3.062      ;
; -2.131 ; listen:listen|count[0] ; listen:listen|count[6] ; master:master|scl ; master:master|scl ; 1.000        ; -0.071     ; 3.062      ;
; -2.131 ; listen:listen|count[0] ; listen:listen|count[0] ; master:master|scl ; master:master|scl ; 1.000        ; -0.071     ; 3.062      ;
; -2.131 ; listen:listen|count[0] ; listen:listen|count[1] ; master:master|scl ; master:master|scl ; 1.000        ; -0.071     ; 3.062      ;
; -2.131 ; listen:listen|count[0] ; listen:listen|count[2] ; master:master|scl ; master:master|scl ; 1.000        ; -0.071     ; 3.062      ;
; -2.131 ; listen:listen|count[0] ; listen:listen|count[3] ; master:master|scl ; master:master|scl ; 1.000        ; -0.071     ; 3.062      ;
; -2.131 ; listen:listen|count[0] ; listen:listen|count[4] ; master:master|scl ; master:master|scl ; 1.000        ; -0.071     ; 3.062      ;
; -2.130 ; listen:listen|count[5] ; listen:listen|data[12] ; master:master|scl ; master:master|scl ; 1.000        ; -0.070     ; 3.062      ;
; -2.103 ; listen:listen|count[5] ; listen:listen|data[13] ; master:master|scl ; master:master|scl ; 1.000        ; -0.070     ; 3.035      ;
; -2.094 ; listen:listen|count[5] ; listen:listen|data[23] ; master:master|scl ; master:master|scl ; 1.000        ; -0.073     ; 3.023      ;
; -2.092 ; listen:listen|count[5] ; listen:listen|data[18] ; master:master|scl ; master:master|scl ; 1.000        ; -0.073     ; 3.021      ;
; -2.075 ; listen:listen|count[0] ; listen:listen|data[21] ; master:master|scl ; master:master|scl ; 1.000        ; -0.069     ; 3.008      ;
; -2.074 ; listen:listen|count[6] ; listen:listen|data[23] ; master:master|scl ; master:master|scl ; 1.000        ; -0.073     ; 3.003      ;
; -2.072 ; listen:listen|count[6] ; listen:listen|data[18] ; master:master|scl ; master:master|scl ; 1.000        ; -0.073     ; 3.001      ;
; -2.066 ; listen:listen|count[0] ; listen:listen|data[19] ; master:master|scl ; master:master|scl ; 1.000        ; -0.069     ; 2.999      ;
; -2.056 ; listen:listen|count[4] ; listen:listen|data[9]  ; master:master|scl ; master:master|scl ; 1.000        ; -0.069     ; 2.989      ;
; -2.054 ; listen:listen|count[1] ; listen:listen|data[8]  ; master:master|scl ; master:master|scl ; 1.000        ; -0.068     ; 2.988      ;
; -2.049 ; master:master|sda_en   ; listen:listen|data[7]  ; clk               ; master:master|scl ; 1.000        ; 0.717      ; 3.758      ;
; -2.048 ; listen:listen|count[3] ; listen:listen|data[19] ; master:master|scl ; master:master|scl ; 1.000        ; -0.069     ; 2.981      ;
; -2.030 ; listen:listen|count[3] ; listen:listen|data[21] ; master:master|scl ; master:master|scl ; 1.000        ; -0.069     ; 2.963      ;
; -2.028 ; listen:listen|count[1] ; listen:listen|data[20] ; master:master|scl ; master:master|scl ; 1.000        ; -0.070     ; 2.960      ;
; -2.024 ; listen:listen|count[1] ; listen:listen|data[19] ; master:master|scl ; master:master|scl ; 1.000        ; -0.069     ; 2.957      ;
; -2.018 ; listen:listen|count[1] ; listen:listen|data[9]  ; master:master|scl ; master:master|scl ; 1.000        ; -0.069     ; 2.951      ;
; -2.011 ; listen:listen|count[1] ; listen:listen|data[12] ; master:master|scl ; master:master|scl ; 1.000        ; -0.070     ; 2.943      ;
; -2.009 ; listen:listen|count[4] ; listen:listen|data[7]  ; master:master|scl ; master:master|scl ; 1.000        ; -0.069     ; 2.942      ;
; -1.987 ; listen:listen|count[4] ; listen:listen|data[13] ; master:master|scl ; master:master|scl ; 1.000        ; -0.070     ; 2.919      ;
; -1.984 ; listen:listen|data[9]  ; listen:listen|data[9]  ; master:master|scl ; master:master|scl ; 1.000        ; -0.071     ; 2.915      ;
; -1.969 ; listen:listen|count[5] ; listen:listen|data[22] ; master:master|scl ; master:master|scl ; 1.000        ; -0.072     ; 2.899      ;
; -1.963 ; listen:listen|count[3] ; listen:listen|data[23] ; master:master|scl ; master:master|scl ; 1.000        ; -0.073     ; 2.892      ;
; -1.961 ; listen:listen|count[3] ; listen:listen|data[18] ; master:master|scl ; master:master|scl ; 1.000        ; -0.073     ; 2.890      ;
; -1.952 ; listen:listen|count[4] ; listen:listen|data[8]  ; master:master|scl ; master:master|scl ; 1.000        ; -0.068     ; 2.886      ;
; -1.949 ; listen:listen|count[6] ; listen:listen|data[22] ; master:master|scl ; master:master|scl ; 1.000        ; -0.072     ; 2.879      ;
; -1.939 ; listen:listen|count[6] ; listen:listen|data[25] ; master:master|scl ; master:master|scl ; 1.000        ; -0.072     ; 2.869      ;
; -1.924 ; listen:listen|count[6] ; listen:listen|data[15] ; master:master|scl ; master:master|scl ; 1.000        ; -0.073     ; 2.853      ;
; -1.924 ; listen:listen|count[6] ; listen:listen|data[14] ; master:master|scl ; master:master|scl ; 1.000        ; -0.073     ; 2.853      ;
; -1.924 ; listen:listen|count[6] ; listen:listen|data[11] ; master:master|scl ; master:master|scl ; 1.000        ; -0.069     ; 2.857      ;
; -1.922 ; listen:listen|count[6] ; listen:listen|data[10] ; master:master|scl ; master:master|scl ; 1.000        ; -0.073     ; 2.851      ;
; -1.921 ; listen:listen|count[2] ; listen:listen|data[11] ; master:master|scl ; master:master|scl ; 1.000        ; -0.069     ; 2.854      ;
; -1.914 ; listen:listen|count[2] ; listen:listen|data[3]  ; master:master|scl ; master:master|scl ; 1.000        ; -0.069     ; 2.847      ;
; -1.894 ; listen:listen|count[5] ; listen:listen|data[5]  ; master:master|scl ; master:master|scl ; 1.000        ; -0.072     ; 2.824      ;
; -1.887 ; listen:listen|count[4] ; listen:listen|data[20] ; master:master|scl ; master:master|scl ; 1.000        ; -0.070     ; 2.819      ;
; -1.886 ; listen:listen|count[1] ; listen:listen|data[13] ; master:master|scl ; master:master|scl ; 1.000        ; -0.070     ; 2.818      ;
; -1.886 ; listen:listen|count[3] ; listen:listen|count[5] ; master:master|scl ; master:master|scl ; 1.000        ; -0.071     ; 2.817      ;
; -1.886 ; listen:listen|count[3] ; listen:listen|count[6] ; master:master|scl ; master:master|scl ; 1.000        ; -0.071     ; 2.817      ;
; -1.886 ; listen:listen|count[3] ; listen:listen|count[0] ; master:master|scl ; master:master|scl ; 1.000        ; -0.071     ; 2.817      ;
; -1.886 ; listen:listen|count[3] ; listen:listen|count[1] ; master:master|scl ; master:master|scl ; 1.000        ; -0.071     ; 2.817      ;
; -1.886 ; listen:listen|count[3] ; listen:listen|count[2] ; master:master|scl ; master:master|scl ; 1.000        ; -0.071     ; 2.817      ;
; -1.886 ; listen:listen|count[3] ; listen:listen|count[3] ; master:master|scl ; master:master|scl ; 1.000        ; -0.071     ; 2.817      ;
; -1.886 ; listen:listen|count[3] ; listen:listen|count[4] ; master:master|scl ; master:master|scl ; 1.000        ; -0.071     ; 2.817      ;
; -1.879 ; listen:listen|count[3] ; listen:listen|data[25] ; master:master|scl ; master:master|scl ; 1.000        ; -0.072     ; 2.809      ;
; -1.876 ; master:master|sda_en   ; listen:listen|data[8]  ; clk               ; master:master|scl ; 1.000        ; 0.718      ; 3.586      ;
; -1.874 ; listen:listen|count[6] ; listen:listen|data[5]  ; master:master|scl ; master:master|scl ; 1.000        ; -0.072     ; 2.804      ;
; -1.870 ; master:master|sda_en   ; listen:listen|data[9]  ; clk               ; master:master|scl ; 1.000        ; 0.717      ; 3.579      ;
; -1.869 ; listen:listen|count[4] ; listen:listen|data[12] ; master:master|scl ; master:master|scl ; 1.000        ; -0.070     ; 2.801      ;
; -1.864 ; listen:listen|count[3] ; listen:listen|data[15] ; master:master|scl ; master:master|scl ; 1.000        ; -0.073     ; 2.793      ;
+--------+------------------------+------------------------+-------------------+-------------------+--------------+------------+------------+


+-----------------------------------------------------------------------------------------------------------------------------------------------+
; Slow 1200mV 0C Model Setup: 'beg_com:beg_com|beg'                                                                                             ;
+--------+------------------------+--------------------------+-------------------+---------------------+--------------+------------+------------+
; Slack  ; From Node              ; To Node                  ; Launch Clock      ; Latch Clock         ; Relationship ; Clock Skew ; Data Delay ;
+--------+------------------------+--------------------------+-------------------+---------------------+--------------+------------+------------+
; -1.534 ; listen:listen|data[11] ; listen:listen|Minutes[0] ; master:master|scl ; beg_com:beg_com|beg ; 0.500        ; -0.483     ; 1.553      ;
; -1.505 ; listen:listen|data[4]  ; listen:listen|Seconds[1] ; master:master|scl ; beg_com:beg_com|beg ; 0.500        ; -0.482     ; 1.525      ;
; -1.502 ; listen:listen|data[15] ; listen:listen|Minutes[4] ; master:master|scl ; beg_com:beg_com|beg ; 0.500        ; -0.480     ; 1.524      ;
; -1.497 ; listen:listen|data[14] ; listen:listen|Minutes[3] ; master:master|scl ; beg_com:beg_com|beg ; 0.500        ; -0.480     ; 1.519      ;
; -1.486 ; listen:listen|data[7]  ; listen:listen|Seconds[4] ; master:master|scl ; beg_com:beg_com|beg ; 0.500        ; -0.482     ; 1.506      ;
; -1.462 ; listen:listen|data[5]  ; listen:listen|Seconds[2] ; master:master|scl ; beg_com:beg_com|beg ; 0.500        ; -0.479     ; 1.485      ;
; -1.366 ; listen:listen|data[6]  ; listen:listen|Seconds[3] ; master:master|scl ; beg_com:beg_com|beg ; 0.500        ; -0.482     ; 1.386      ;
; -1.210 ; listen:listen|data[8]  ; listen:listen|Seconds[5] ; master:master|scl ; beg_com:beg_com|beg ; 0.500        ; -0.483     ; 1.229      ;
; -1.208 ; listen:listen|data[13] ; listen:listen|Minutes[2] ; master:master|scl ; beg_com:beg_com|beg ; 0.500        ; -0.483     ; 1.227      ;
; -1.197 ; listen:listen|data[3]  ; listen:listen|Seconds[0] ; master:master|scl ; beg_com:beg_com|beg ; 0.500        ; -0.481     ; 1.218      ;
; -1.160 ; listen:listen|data[12] ; listen:listen|Minutes[1] ; master:master|scl ; beg_com:beg_com|beg ; 0.500        ; -0.483     ; 1.179      ;
; -1.139 ; listen:listen|data[16] ; listen:listen|Minutes[5] ; master:master|scl ; beg_com:beg_com|beg ; 0.500        ; -0.482     ; 1.159      ;
; -1.012 ; listen:listen|data[20] ; listen:listen|Hours[6]   ; master:master|scl ; beg_com:beg_com|beg ; 0.500        ; -0.482     ; 1.032      ;
; -1.008 ; listen:listen|data[18] ; listen:listen|Minutes[7] ; master:master|scl ; beg_com:beg_com|beg ; 0.500        ; -0.482     ; 1.028      ;
; -1.006 ; listen:listen|data[17] ; listen:listen|Minutes[6] ; master:master|scl ; beg_com:beg_com|beg ; 0.500        ; -0.482     ; 1.026      ;
; -1.003 ; listen:listen|data[9]  ; listen:listen|Seconds[6] ; master:master|scl ; beg_com:beg_com|beg ; 0.500        ; -0.481     ; 1.024      ;
; -1.002 ; listen:listen|data[24] ; listen:listen|Hours[2]   ; master:master|scl ; beg_com:beg_com|beg ; 0.500        ; -0.480     ; 1.024      ;
; -0.971 ; listen:listen|data[21] ; listen:listen|Hours[5]   ; master:master|scl ; beg_com:beg_com|beg ; 0.500        ; -0.482     ; 0.991      ;
; -0.799 ; listen:listen|data[19] ; listen:listen|Hours[7]   ; master:master|scl ; beg_com:beg_com|beg ; 0.500        ; -0.482     ; 0.819      ;
; -0.799 ; listen:listen|data[25] ; listen:listen|Hours[1]   ; master:master|scl ; beg_com:beg_com|beg ; 0.500        ; -0.482     ; 0.819      ;
; -0.799 ; listen:listen|data[10] ; listen:listen|Seconds[7] ; master:master|scl ; beg_com:beg_com|beg ; 0.500        ; -0.482     ; 0.819      ;
; -0.799 ; listen:listen|data[26] ; listen:listen|Hours[0]   ; master:master|scl ; beg_com:beg_com|beg ; 0.500        ; -0.481     ; 0.820      ;
; -0.797 ; listen:listen|data[23] ; listen:listen|Hours[3]   ; master:master|scl ; beg_com:beg_com|beg ; 0.500        ; -0.482     ; 0.817      ;
; -0.797 ; listen:listen|data[22] ; listen:listen|Hours[4]   ; master:master|scl ; beg_com:beg_com|beg ; 0.500        ; -0.482     ; 0.817      ;
+--------+------------------------+--------------------------+-------------------+---------------------+--------------+------------+------------+


+----------------------------------------------------------------------------------------------------------------------------------------------------------------------------------+
; Slow 1200mV 0C Model Hold: 'clk'                                                                                                                                                 ;
+-------+----------------------------------------+----------------------------------------+---------------------------------+-------------+--------------+------------+------------+
; Slack ; From Node                              ; To Node                                ; Launch Clock                    ; Latch Clock ; Relationship ; Clock Skew ; Data Delay ;
+-------+----------------------------------------+----------------------------------------+---------------------------------+-------------+--------------+------------+------------+
; 0.383 ; alarm_led:alarm_led|buzzer_minute      ; alarm_led:alarm_led|buzzer_minute      ; clk                             ; clk         ; 0.000        ; 0.091      ; 0.669      ;
; 0.385 ; alarm_led:alarm_led|led_index[2]       ; alarm_led:alarm_led|led_index[2]       ; clk                             ; clk         ; 0.000        ; 0.089      ; 0.669      ;
; 0.400 ; alarm_led:alarm_led|led_index[0]       ; alarm_led:alarm_led|led_index[0]       ; clk                             ; clk         ; 0.000        ; 0.089      ; 0.684      ;
; 0.402 ; master:master|listen_count[2]          ; master:master|listen_count[2]          ; clk                             ; clk         ; 0.000        ; 0.072      ; 0.669      ;
; 0.402 ; master:master|listen_count[1]          ; master:master|listen_count[1]          ; clk                             ; clk         ; 0.000        ; 0.072      ; 0.669      ;
; 0.402 ; master:master|listen_count[0]          ; master:master|listen_count[0]          ; clk                             ; clk         ; 0.000        ; 0.072      ; 0.669      ;
; 0.402 ; master:master|listen_count[3]          ; master:master|listen_count[3]          ; clk                             ; clk         ; 0.000        ; 0.072      ; 0.669      ;
; 0.402 ; master:master|state.Send_Add           ; master:master|state.Send_Add           ; clk                             ; clk         ; 0.000        ; 0.072      ; 0.669      ;
; 0.402 ; master:master|state.Stretch            ; master:master|state.Stretch            ; clk                             ; clk         ; 0.000        ; 0.072      ; 0.669      ;
; 0.402 ; master:master|st_prev.Send_Add         ; master:master|st_prev.Send_Add         ; clk                             ; clk         ; 0.000        ; 0.072      ; 0.669      ;
; 0.402 ; master:master|st_prev.Restart          ; master:master|st_prev.Restart          ; clk                             ; clk         ; 0.000        ; 0.072      ; 0.669      ;
; 0.402 ; master:master|st_prev.Send_Reg         ; master:master|st_prev.Send_Reg         ; clk                             ; clk         ; 0.000        ; 0.072      ; 0.669      ;
; 0.402 ; master:master|state.Default            ; master:master|state.Default            ; clk                             ; clk         ; 0.000        ; 0.072      ; 0.669      ;
; 0.402 ; master:master|state.Listen             ; master:master|state.Listen             ; clk                             ; clk         ; 0.000        ; 0.072      ; 0.669      ;
; 0.470 ; beg_com:beg_com|count[25]              ; beg_com:beg_com|count[25]              ; clk                             ; clk         ; 0.000        ; 0.072      ; 0.737      ;
; 0.514 ; alarm_led:alarm_led|led_index[2]       ; alarm_led:alarm_led|led_index[0]       ; clk                             ; clk         ; 0.000        ; 0.089      ; 0.798      ;
; 0.657 ; beg_com:beg_com|beg                    ; master:master|sda_out                  ; beg_com:beg_com|beg             ; clk         ; 0.000        ; 2.376      ; 3.498      ;
; 0.676 ; beg_com:beg_com|count[1]               ; beg_com:beg_com|count[1]               ; clk                             ; clk         ; 0.000        ; 0.091      ; 0.962      ;
; 0.687 ; lcddin_mod:lcd_display|clk_counter[1]  ; lcddin_mod:lcd_display|clk_counter[1]  ; clk                             ; clk         ; 0.000        ; 0.092      ; 0.974      ;
; 0.693 ; beg_com:beg_com|count[3]               ; beg_com:beg_com|count[3]               ; clk                             ; clk         ; 0.000        ; 0.072      ; 0.960      ;
; 0.693 ; beg_com:beg_com|count[2]               ; beg_com:beg_com|count[2]               ; clk                             ; clk         ; 0.000        ; 0.072      ; 0.960      ;
; 0.698 ; beg_com:beg_com|count[4]               ; beg_com:beg_com|count[4]               ; clk                             ; clk         ; 0.000        ; 0.072      ; 0.965      ;
; 0.704 ; lcddin_mod:lcd_display|clk_counter[3]  ; lcddin_mod:lcd_display|clk_counter[3]  ; clk                             ; clk         ; 0.000        ; 0.073      ; 0.972      ;
; 0.705 ; lcddin_mod:lcd_display|clk_counter[11] ; lcddin_mod:lcd_display|clk_counter[11] ; clk                             ; clk         ; 0.000        ; 0.073      ; 0.973      ;
; 0.705 ; master:master|counter[5]               ; master:master|counter[5]               ; clk                             ; clk         ; 0.000        ; 0.072      ; 0.972      ;
; 0.707 ; lcddin_mod:lcd_display|clk_counter[6]  ; lcddin_mod:lcd_display|clk_counter[6]  ; clk                             ; clk         ; 0.000        ; 0.073      ; 0.975      ;
; 0.707 ; master:master|counter[1]               ; master:master|counter[1]               ; clk                             ; clk         ; 0.000        ; 0.072      ; 0.974      ;
; 0.707 ; master:master|counter[2]               ; master:master|counter[2]               ; clk                             ; clk         ; 0.000        ; 0.072      ; 0.974      ;
; 0.707 ; master:master|counter[4]               ; master:master|counter[4]               ; clk                             ; clk         ; 0.000        ; 0.072      ; 0.974      ;
; 0.707 ; beg_com:beg_com|count[10]              ; beg_com:beg_com|count[10]              ; clk                             ; clk         ; 0.000        ; 0.072      ; 0.974      ;
; 0.707 ; beg_com:beg_com|count[8]               ; beg_com:beg_com|count[8]               ; clk                             ; clk         ; 0.000        ; 0.072      ; 0.974      ;
; 0.708 ; lcddin_mod:lcd_display|clk_counter[9]  ; lcddin_mod:lcd_display|clk_counter[9]  ; clk                             ; clk         ; 0.000        ; 0.073      ; 0.976      ;
; 0.708 ; lcddin_mod:lcd_display|clk_counter[7]  ; lcddin_mod:lcd_display|clk_counter[7]  ; clk                             ; clk         ; 0.000        ; 0.073      ; 0.976      ;
; 0.708 ; master:master|counter[3]               ; master:master|counter[3]               ; clk                             ; clk         ; 0.000        ; 0.072      ; 0.975      ;
; 0.708 ; beg_com:beg_com|count[17]              ; beg_com:beg_com|count[17]              ; clk                             ; clk         ; 0.000        ; 0.072      ; 0.975      ;
; 0.708 ; beg_com:beg_com|count[15]              ; beg_com:beg_com|count[15]              ; clk                             ; clk         ; 0.000        ; 0.072      ; 0.975      ;
; 0.708 ; beg_com:beg_com|count[9]               ; beg_com:beg_com|count[9]               ; clk                             ; clk         ; 0.000        ; 0.072      ; 0.975      ;
; 0.708 ; beg_com:beg_com|count[7]               ; beg_com:beg_com|count[7]               ; clk                             ; clk         ; 0.000        ; 0.072      ; 0.975      ;
; 0.708 ; beg_com:beg_com|count[5]               ; beg_com:beg_com|count[5]               ; clk                             ; clk         ; 0.000        ; 0.072      ; 0.975      ;
; 0.709 ; lcddin_mod:lcd_display|clk_counter[2]  ; lcddin_mod:lcd_display|clk_counter[2]  ; clk                             ; clk         ; 0.000        ; 0.073      ; 0.977      ;
; 0.709 ; beg_com:beg_com|count[23]              ; beg_com:beg_com|count[23]              ; clk                             ; clk         ; 0.000        ; 0.072      ; 0.976      ;
; 0.714 ; lcddin_mod:lcd_display|clk_counter[0]  ; lcddin_mod:lcd_display|clk_counter[0]  ; clk                             ; clk         ; 0.000        ; 0.092      ; 1.001      ;
; 0.733 ; master:master|counter[6]               ; master:master|counter[6]               ; clk                             ; clk         ; 0.000        ; 0.072      ; 1.000      ;
; 0.734 ; master:master|listen_count[2]          ; master:master|listen_count[3]          ; clk                             ; clk         ; 0.000        ; 0.072      ; 1.001      ;
; 0.734 ; master:master|counter[0]               ; master:master|counter[0]               ; clk                             ; clk         ; 0.000        ; 0.072      ; 1.001      ;
; 0.742 ; master:master|state.Send_Reg           ; master:master|st_prev.Send_Reg         ; clk                             ; clk         ; 0.000        ; 0.072      ; 1.009      ;
; 0.751 ; alarm_led:alarm_led|led_index[1]       ; alarm_led:alarm_led|led_index[2]       ; clk                             ; clk         ; 0.000        ; 0.089      ; 1.035      ;
; 0.756 ; alarm_led:alarm_led|led_index[0]       ; alarm_led:alarm_led|led_index[2]       ; clk                             ; clk         ; 0.000        ; 0.089      ; 1.040      ;
; 0.765 ; master:master|state.Send_Reg           ; master:master|st_prev.Default          ; clk                             ; clk         ; 0.000        ; 0.072      ; 1.032      ;
; 0.766 ; master:master|listen_count[0]          ; master:master|listen_count[1]          ; clk                             ; clk         ; 0.000        ; 0.072      ; 1.033      ;
; 0.791 ; alarm_led:alarm_led|led_index[1]       ; alarm_led:alarm_led|led_index[0]       ; clk                             ; clk         ; 0.000        ; 0.089      ; 1.075      ;
; 0.804 ; master:master|listen_count[3]          ; master:master|listen_count[2]          ; clk                             ; clk         ; 0.000        ; 0.072      ; 1.071      ;
; 0.806 ; master:master|listen_count[3]          ; master:master|listen_count[0]          ; clk                             ; clk         ; 0.000        ; 0.072      ; 1.073      ;
; 0.809 ; master:master|listen_count[3]          ; master:master|listen_count[1]          ; clk                             ; clk         ; 0.000        ; 0.072      ; 1.076      ;
; 0.831 ; alarm_led:alarm_led|led_index[2]       ; alarm_led:alarm_led|leds[6]            ; clk                             ; clk         ; 0.000        ; 0.179      ; 1.205      ;
; 0.851 ; alarm_led:alarm_led|led_index[1]       ; alarm_led:alarm_led|leds[6]            ; clk                             ; clk         ; 0.000        ; 0.179      ; 1.225      ;
; 0.881 ; lcddin_mod:lcd_display|clk_16ms        ; lcddin_mod:lcd_display|clk_16ms        ; lcddin_mod:lcd_display|clk_16ms ; clk         ; 0.000        ; 2.400      ; 3.746      ;
; 0.943 ; beg_com:beg_com|beg                    ; master:master|scl                      ; beg_com:beg_com|beg             ; clk         ; 0.000        ; 2.374      ; 3.782      ;
; 0.947 ; beg_com:beg_com|beg                    ; master:master|counter[6]               ; beg_com:beg_com|beg             ; clk         ; 0.000        ; 2.383      ; 3.795      ;
; 0.947 ; beg_com:beg_com|beg                    ; master:master|counter[0]               ; beg_com:beg_com|beg             ; clk         ; 0.000        ; 2.383      ; 3.795      ;
; 0.947 ; beg_com:beg_com|beg                    ; master:master|counter[1]               ; beg_com:beg_com|beg             ; clk         ; 0.000        ; 2.383      ; 3.795      ;
; 0.947 ; beg_com:beg_com|beg                    ; master:master|counter[2]               ; beg_com:beg_com|beg             ; clk         ; 0.000        ; 2.383      ; 3.795      ;
; 0.947 ; beg_com:beg_com|beg                    ; master:master|counter[3]               ; beg_com:beg_com|beg             ; clk         ; 0.000        ; 2.383      ; 3.795      ;
; 0.947 ; beg_com:beg_com|beg                    ; master:master|counter[4]               ; beg_com:beg_com|beg             ; clk         ; 0.000        ; 2.383      ; 3.795      ;
; 0.947 ; beg_com:beg_com|beg                    ; master:master|counter[5]               ; beg_com:beg_com|beg             ; clk         ; 0.000        ; 2.383      ; 3.795      ;
; 1.007 ; lcddin_mod:lcd_display|clk_counter[0]  ; lcddin_mod:lcd_display|clk_counter[1]  ; clk                             ; clk         ; 0.000        ; 0.092      ; 1.294      ;
; 1.008 ; beg_com:beg_com|count[0]               ; beg_com:beg_com|count[1]               ; clk                             ; clk         ; 0.000        ; 0.091      ; 1.294      ;
; 1.012 ; beg_com:beg_com|count[2]               ; beg_com:beg_com|count[3]               ; clk                             ; clk         ; 0.000        ; 0.072      ; 1.279      ;
; 1.015 ; beg_com:beg_com|count[3]               ; beg_com:beg_com|count[4]               ; clk                             ; clk         ; 0.000        ; 0.072      ; 1.282      ;
; 1.017 ; beg_com:beg_com|count[4]               ; beg_com:beg_com|count[5]               ; clk                             ; clk         ; 0.000        ; 0.072      ; 1.284      ;
; 1.026 ; master:master|counter[4]               ; master:master|counter[5]               ; clk                             ; clk         ; 0.000        ; 0.072      ; 1.293      ;
; 1.026 ; lcddin_mod:lcd_display|clk_counter[6]  ; lcddin_mod:lcd_display|clk_counter[7]  ; clk                             ; clk         ; 0.000        ; 0.073      ; 1.294      ;
; 1.026 ; master:master|counter[2]               ; master:master|counter[3]               ; clk                             ; clk         ; 0.000        ; 0.072      ; 1.293      ;
; 1.026 ; beg_com:beg_com|count[8]               ; beg_com:beg_com|count[9]               ; clk                             ; clk         ; 0.000        ; 0.072      ; 1.293      ;
; 1.027 ; lcddin_mod:lcd_display|clk_counter[2]  ; lcddin_mod:lcd_display|clk_counter[3]  ; clk                             ; clk         ; 0.000        ; 0.073      ; 1.295      ;
; 1.027 ; master:master|counter[0]               ; master:master|counter[1]               ; clk                             ; clk         ; 0.000        ; 0.072      ; 1.294      ;
; 1.027 ; master:master|counter[5]               ; master:master|counter[6]               ; clk                             ; clk         ; 0.000        ; 0.072      ; 1.294      ;
; 1.027 ; beg_com:beg_com|count[2]               ; beg_com:beg_com|count[4]               ; clk                             ; clk         ; 0.000        ; 0.072      ; 1.294      ;
; 1.030 ; beg_com:beg_com|count[6]               ; beg_com:beg_com|count[7]               ; clk                             ; clk         ; 0.000        ; 0.072      ; 1.297      ;
; 1.031 ; master:master|counter[1]               ; master:master|counter[2]               ; clk                             ; clk         ; 0.000        ; 0.072      ; 1.298      ;
; 1.032 ; master:master|counter[3]               ; master:master|counter[4]               ; clk                             ; clk         ; 0.000        ; 0.072      ; 1.299      ;
; 1.032 ; beg_com:beg_com|count[9]               ; beg_com:beg_com|count[10]              ; clk                             ; clk         ; 0.000        ; 0.072      ; 1.299      ;
; 1.032 ; beg_com:beg_com|count[7]               ; beg_com:beg_com|count[8]               ; clk                             ; clk         ; 0.000        ; 0.072      ; 1.299      ;
; 1.041 ; master:master|counter[4]               ; master:master|counter[6]               ; clk                             ; clk         ; 0.000        ; 0.072      ; 1.308      ;
; 1.041 ; master:master|counter[2]               ; master:master|counter[4]               ; clk                             ; clk         ; 0.000        ; 0.072      ; 1.308      ;
; 1.041 ; beg_com:beg_com|count[8]               ; beg_com:beg_com|count[10]              ; clk                             ; clk         ; 0.000        ; 0.072      ; 1.308      ;
; 1.044 ; master:master|counter[0]               ; master:master|counter[2]               ; clk                             ; clk         ; 0.000        ; 0.072      ; 1.311      ;
; 1.046 ; beg_com:beg_com|count[6]               ; beg_com:beg_com|count[8]               ; clk                             ; clk         ; 0.000        ; 0.072      ; 1.313      ;
; 1.054 ; master:master|scl                      ; master:master|scl                      ; master:master|scl               ; clk         ; 0.000        ; 2.374      ; 3.893      ;
; 1.056 ; beg_com:beg_com|count[0]               ; beg_com:beg_com|count[0]               ; clk                             ; clk         ; 0.000        ; 0.091      ; 1.342      ;
; 1.062 ; alarm_led:alarm_led|led_index[0]       ; alarm_led:alarm_led|leds[0]            ; clk                             ; clk         ; 0.000        ; -0.335     ; 0.922      ;
; 1.065 ; alarm_led:alarm_led|led_index[0]       ; alarm_led:alarm_led|leds[2]            ; clk                             ; clk         ; 0.000        ; -0.335     ; 0.925      ;
; 1.068 ; alarm_led:alarm_led|led_index[0]       ; alarm_led:alarm_led|leds[4]            ; clk                             ; clk         ; 0.000        ; -0.335     ; 0.928      ;
; 1.070 ; beg_com:beg_com|count[21]              ; beg_com:beg_com|count[21]              ; clk                             ; clk         ; 0.000        ; 0.072      ; 1.337      ;
; 1.073 ; lcddin_mod:lcd_display|clk_counter[12] ; lcddin_mod:lcd_display|clk_counter[12] ; clk                             ; clk         ; 0.000        ; 0.073      ; 1.341      ;
; 1.076 ; beg_com:beg_com|count[6]               ; beg_com:beg_com|count[6]               ; clk                             ; clk         ; 0.000        ; 0.072      ; 1.343      ;
; 1.079 ; alarm_led:alarm_led|led_index[0]       ; alarm_led:alarm_led|leds[1]            ; clk                             ; clk         ; 0.000        ; -0.335     ; 0.939      ;
; 1.079 ; beg_com:beg_com|count[18]              ; beg_com:beg_com|count[18]              ; clk                             ; clk         ; 0.000        ; 0.072      ; 1.346      ;
; 1.080 ; alarm_led:alarm_led|led_index[0]       ; alarm_led:alarm_led|leds[3]            ; clk                             ; clk         ; 0.000        ; -0.335     ; 0.940      ;
; 1.082 ; alarm_led:alarm_led|led_index[0]       ; alarm_led:alarm_led|leds[5]            ; clk                             ; clk         ; 0.000        ; -0.335     ; 0.942      ;
+-------+----------------------------------------+----------------------------------------+---------------------------------+-------------+--------------+------------+------------+


+------------------------------------------------------------------------------------------------------------------------------------------------------------------------------------------------------------------------------+
; Slow 1200mV 0C Model Hold: 'lcddin_mod:lcd_display|clk_16ms'                                                                                                                                                                 ;
+-------+----------------------------------------------------+----------------------------------------------------+---------------------------------+---------------------------------+--------------+------------+------------+
; Slack ; From Node                                          ; To Node                                            ; Launch Clock                    ; Latch Clock                     ; Relationship ; Clock Skew ; Data Delay ;
+-------+----------------------------------------------------+----------------------------------------------------+---------------------------------+---------------------------------+--------------+------------+------------+
; 0.383 ; lcddin_mod:lcd_display|fsm_state.WR_STATIC_TEXT_1L ; lcddin_mod:lcd_display|fsm_state.WR_STATIC_TEXT_1L ; lcddin_mod:lcd_display|clk_16ms ; lcddin_mod:lcd_display|clk_16ms ; 0.000        ; 0.091      ; 0.669      ;
; 0.402 ; lcddin_mod:lcd_display|fsm_state.WR_STATIC_TEXT_2L ; lcddin_mod:lcd_display|fsm_state.WR_STATIC_TEXT_2L ; lcddin_mod:lcd_display|clk_16ms ; lcddin_mod:lcd_display|clk_16ms ; 0.000        ; 0.072      ; 0.669      ;
; 0.402 ; lcddin_mod:lcd_display|command_counter[2]          ; lcddin_mod:lcd_display|command_counter[2]          ; lcddin_mod:lcd_display|clk_16ms ; lcddin_mod:lcd_display|clk_16ms ; 0.000        ; 0.072      ; 0.669      ;
; 0.402 ; lcddin_mod:lcd_display|command_counter[1]          ; lcddin_mod:lcd_display|command_counter[1]          ; lcddin_mod:lcd_display|clk_16ms ; lcddin_mod:lcd_display|clk_16ms ; 0.000        ; 0.072      ; 0.669      ;
; 0.402 ; lcddin_mod:lcd_display|command_counter[0]          ; lcddin_mod:lcd_display|command_counter[0]          ; lcddin_mod:lcd_display|clk_16ms ; lcddin_mod:lcd_display|clk_16ms ; 0.000        ; 0.072      ; 0.669      ;
; 0.503 ; lcddin_mod:lcd_display|fsm_state.IDLE              ; lcddin_mod:lcd_display|fsm_state.CONFIG_CMD1       ; lcddin_mod:lcd_display|clk_16ms ; lcddin_mod:lcd_display|clk_16ms ; 0.000        ; 0.072      ; 0.770      ;
; 0.506 ; lcddin_mod:lcd_display|command_counter[0]          ; lcddin_mod:lcd_display|command_counter[1]          ; lcddin_mod:lcd_display|clk_16ms ; lcddin_mod:lcd_display|clk_16ms ; 0.000        ; 0.072      ; 0.773      ;
; 0.533 ; lcddin_mod:lcd_display|fsm_state.CONFIG_CMD1       ; lcddin_mod:lcd_display|command_counter[0]          ; lcddin_mod:lcd_display|clk_16ms ; lcddin_mod:lcd_display|clk_16ms ; 0.000        ; 0.072      ; 0.800      ;
; 0.583 ; lcddin_mod:lcd_display|text[12][3]                 ; lcddin_mod:lcd_display|data[3]                     ; clk                             ; lcddin_mod:lcd_display|clk_16ms ; 0.000        ; 1.051      ; 1.859      ;
; 0.642 ; lcddin_mod:lcd_display|data_counter[4]             ; lcddin_mod:lcd_display|data_counter[4]             ; lcddin_mod:lcd_display|clk_16ms ; lcddin_mod:lcd_display|clk_16ms ; 0.000        ; 0.072      ; 0.909      ;
; 0.722 ; lcddin_mod:lcd_display|text[10][2]                 ; lcddin_mod:lcd_display|data[2]                     ; clk                             ; lcddin_mod:lcd_display|clk_16ms ; 0.000        ; 1.051      ; 1.998      ;
; 0.727 ; lcddin_mod:lcd_display|fsm_state.WR_STATIC_TEXT_2L ; lcddin_mod:lcd_display|rs                          ; lcddin_mod:lcd_display|clk_16ms ; lcddin_mod:lcd_display|clk_16ms ; 0.000        ; 0.072      ; 0.994      ;
; 0.746 ; lcddin_mod:lcd_display|data_counter[3]             ; lcddin_mod:lcd_display|data_counter[3]             ; lcddin_mod:lcd_display|clk_16ms ; lcddin_mod:lcd_display|clk_16ms ; 0.000        ; 0.072      ; 1.013      ;
; 0.747 ; lcddin_mod:lcd_display|data_counter[2]             ; lcddin_mod:lcd_display|data_counter[2]             ; lcddin_mod:lcd_display|clk_16ms ; lcddin_mod:lcd_display|clk_16ms ; 0.000        ; 0.072      ; 1.014      ;
; 0.763 ; lcddin_mod:lcd_display|data_counter[1]             ; lcddin_mod:lcd_display|data_counter[1]             ; lcddin_mod:lcd_display|clk_16ms ; lcddin_mod:lcd_display|clk_16ms ; 0.000        ; 0.072      ; 1.030      ;
; 0.767 ; lcddin_mod:lcd_display|fsm_state.CONFIG_CMD1       ; lcddin_mod:lcd_display|command_counter[2]          ; lcddin_mod:lcd_display|clk_16ms ; lcddin_mod:lcd_display|clk_16ms ; 0.000        ; 0.072      ; 1.034      ;
; 0.768 ; lcddin_mod:lcd_display|fsm_state.IDLE              ; lcddin_mod:lcd_display|command_counter[1]          ; lcddin_mod:lcd_display|clk_16ms ; lcddin_mod:lcd_display|clk_16ms ; 0.000        ; 0.072      ; 1.035      ;
; 0.769 ; lcddin_mod:lcd_display|data_counter[0]             ; lcddin_mod:lcd_display|data_counter[0]             ; lcddin_mod:lcd_display|clk_16ms ; lcddin_mod:lcd_display|clk_16ms ; 0.000        ; 0.072      ; 1.036      ;
; 0.770 ; lcddin_mod:lcd_display|fsm_state.IDLE              ; lcddin_mod:lcd_display|command_counter[2]          ; lcddin_mod:lcd_display|clk_16ms ; lcddin_mod:lcd_display|clk_16ms ; 0.000        ; 0.072      ; 1.037      ;
; 0.771 ; lcddin_mod:lcd_display|fsm_state.WR_STATIC_TEXT_2L ; lcddin_mod:lcd_display|data[5]                     ; lcddin_mod:lcd_display|clk_16ms ; lcddin_mod:lcd_display|clk_16ms ; 0.000        ; 0.072      ; 1.038      ;
; 0.772 ; lcddin_mod:lcd_display|fsm_state.CONFIG_CMD1       ; lcddin_mod:lcd_display|command_counter[1]          ; lcddin_mod:lcd_display|clk_16ms ; lcddin_mod:lcd_display|clk_16ms ; 0.000        ; 0.072      ; 1.039      ;
; 0.780 ; lcddin_mod:lcd_display|data_counter[2]             ; lcddin_mod:lcd_display|data[6]                     ; lcddin_mod:lcd_display|clk_16ms ; lcddin_mod:lcd_display|clk_16ms ; 0.000        ; 0.072      ; 1.047      ;
; 0.780 ; lcddin_mod:lcd_display|command_counter[2]          ; lcddin_mod:lcd_display|fsm_state.WR_STATIC_TEXT_1L ; lcddin_mod:lcd_display|clk_16ms ; lcddin_mod:lcd_display|clk_16ms ; 0.000        ; 0.537      ; 1.512      ;
; 0.780 ; lcddin_mod:lcd_display|data_counter[3]             ; lcddin_mod:lcd_display|data[6]                     ; lcddin_mod:lcd_display|clk_16ms ; lcddin_mod:lcd_display|clk_16ms ; 0.000        ; 0.072      ; 1.047      ;
; 0.785 ; lcddin_mod:lcd_display|text[10][3]                 ; lcddin_mod:lcd_display|data[3]                     ; clk                             ; lcddin_mod:lcd_display|clk_16ms ; 0.000        ; 1.051      ; 2.061      ;
; 0.785 ; lcddin_mod:lcd_display|text[7][3]                  ; lcddin_mod:lcd_display|data[3]                     ; clk                             ; lcddin_mod:lcd_display|clk_16ms ; 0.000        ; 1.051      ; 2.061      ;
; 0.789 ; lcddin_mod:lcd_display|fsm_state.IDLE              ; lcddin_mod:lcd_display|command_counter[0]          ; lcddin_mod:lcd_display|clk_16ms ; lcddin_mod:lcd_display|clk_16ms ; 0.000        ; 0.072      ; 1.056      ;
; 0.795 ; lcddin_mod:lcd_display|text[7][1]                  ; lcddin_mod:lcd_display|data[1]                     ; clk                             ; lcddin_mod:lcd_display|clk_16ms ; 0.000        ; 1.050      ; 2.070      ;
; 0.799 ; lcddin_mod:lcd_display|text[13][3]                 ; lcddin_mod:lcd_display|data[3]                     ; clk                             ; lcddin_mod:lcd_display|clk_16ms ; 0.000        ; 1.051      ; 2.075      ;
; 0.815 ; lcddin_mod:lcd_display|text[7][0]                  ; lcddin_mod:lcd_display|data[0]                     ; clk                             ; lcddin_mod:lcd_display|clk_16ms ; 0.000        ; 1.050      ; 2.090      ;
; 0.865 ; lcddin_mod:lcd_display|text[6][3]                  ; lcddin_mod:lcd_display|data[3]                     ; clk                             ; lcddin_mod:lcd_display|clk_16ms ; 0.000        ; 1.051      ; 2.141      ;
; 0.873 ; lcddin_mod:lcd_display|text[9][2]                  ; lcddin_mod:lcd_display|data[2]                     ; clk                             ; lcddin_mod:lcd_display|clk_16ms ; 0.000        ; 1.051      ; 2.149      ;
; 0.889 ; lcddin_mod:lcd_display|text[12][0]                 ; lcddin_mod:lcd_display|data[0]                     ; clk                             ; lcddin_mod:lcd_display|clk_16ms ; 0.000        ; 1.050      ; 2.164      ;
; 0.890 ; lcddin_mod:lcd_display|text[13][1]                 ; lcddin_mod:lcd_display|data[1]                     ; clk                             ; lcddin_mod:lcd_display|clk_16ms ; 0.000        ; 1.050      ; 2.165      ;
; 0.907 ; lcddin_mod:lcd_display|command_counter[0]          ; lcddin_mod:lcd_display|command_counter[2]          ; lcddin_mod:lcd_display|clk_16ms ; lcddin_mod:lcd_display|clk_16ms ; 0.000        ; 0.072      ; 1.174      ;
; 0.951 ; lcddin_mod:lcd_display|text[13][2]                 ; lcddin_mod:lcd_display|data[2]                     ; clk                             ; lcddin_mod:lcd_display|clk_16ms ; 0.000        ; 1.051      ; 2.227      ;
; 0.974 ; lcddin_mod:lcd_display|fsm_state.CONFIG_CMD2       ; lcddin_mod:lcd_display|data[7]                     ; lcddin_mod:lcd_display|clk_16ms ; lcddin_mod:lcd_display|clk_16ms ; 0.000        ; 0.074      ; 1.243      ;
; 0.996 ; lcddin_mod:lcd_display|text[9][3]                  ; lcddin_mod:lcd_display|data[3]                     ; clk                             ; lcddin_mod:lcd_display|clk_16ms ; 0.000        ; 1.051      ; 2.272      ;
; 1.014 ; lcddin_mod:lcd_display|text[7][2]                  ; lcddin_mod:lcd_display|data[2]                     ; clk                             ; lcddin_mod:lcd_display|clk_16ms ; 0.000        ; 1.052      ; 2.291      ;
; 1.036 ; lcddin_mod:lcd_display|command_counter[0]          ; lcddin_mod:lcd_display|fsm_state.CONFIG_CMD1       ; lcddin_mod:lcd_display|clk_16ms ; lcddin_mod:lcd_display|clk_16ms ; 0.000        ; 0.072      ; 1.303      ;
; 1.038 ; lcddin_mod:lcd_display|text[12][2]                 ; lcddin_mod:lcd_display|data[2]                     ; clk                             ; lcddin_mod:lcd_display|clk_16ms ; 0.000        ; 1.051      ; 2.314      ;
; 1.066 ; lcddin_mod:lcd_display|data_counter[2]             ; lcddin_mod:lcd_display|data_counter[3]             ; lcddin_mod:lcd_display|clk_16ms ; lcddin_mod:lcd_display|clk_16ms ; 0.000        ; 0.072      ; 1.333      ;
; 1.067 ; lcddin_mod:lcd_display|data_counter[0]             ; lcddin_mod:lcd_display|data_counter[1]             ; lcddin_mod:lcd_display|clk_16ms ; lcddin_mod:lcd_display|clk_16ms ; 0.000        ; 0.072      ; 1.334      ;
; 1.070 ; lcddin_mod:lcd_display|data_counter[3]             ; lcddin_mod:lcd_display|data_counter[4]             ; lcddin_mod:lcd_display|clk_16ms ; lcddin_mod:lcd_display|clk_16ms ; 0.000        ; 0.072      ; 1.337      ;
; 1.077 ; lcddin_mod:lcd_display|fsm_state.WR_STATIC_TEXT_1L ; lcddin_mod:lcd_display|rs                          ; lcddin_mod:lcd_display|clk_16ms ; lcddin_mod:lcd_display|clk_16ms ; 0.000        ; -0.372     ; 0.900      ;
; 1.081 ; lcddin_mod:lcd_display|data_counter[2]             ; lcddin_mod:lcd_display|data_counter[4]             ; lcddin_mod:lcd_display|clk_16ms ; lcddin_mod:lcd_display|clk_16ms ; 0.000        ; 0.072      ; 1.348      ;
; 1.082 ; lcddin_mod:lcd_display|data_counter[0]             ; lcddin_mod:lcd_display|data_counter[2]             ; lcddin_mod:lcd_display|clk_16ms ; lcddin_mod:lcd_display|clk_16ms ; 0.000        ; 0.072      ; 1.349      ;
; 1.087 ; lcddin_mod:lcd_display|data_counter[1]             ; lcddin_mod:lcd_display|data_counter[2]             ; lcddin_mod:lcd_display|clk_16ms ; lcddin_mod:lcd_display|clk_16ms ; 0.000        ; 0.072      ; 1.354      ;
; 1.092 ; lcddin_mod:lcd_display|text[6][2]                  ; lcddin_mod:lcd_display|data[2]                     ; clk                             ; lcddin_mod:lcd_display|clk_16ms ; 0.000        ; 1.052      ; 2.369      ;
; 1.092 ; lcddin_mod:lcd_display|fsm_state.CONFIG_CMD1       ; lcddin_mod:lcd_display|data[3]                     ; lcddin_mod:lcd_display|clk_16ms ; lcddin_mod:lcd_display|clk_16ms ; 0.000        ; 0.067      ; 1.354      ;
; 1.096 ; lcddin_mod:lcd_display|command_counter[0]          ; lcddin_mod:lcd_display|fsm_state.WR_STATIC_TEXT_1L ; lcddin_mod:lcd_display|clk_16ms ; lcddin_mod:lcd_display|clk_16ms ; 0.000        ; 0.537      ; 1.828      ;
; 1.102 ; lcddin_mod:lcd_display|command_counter[1]          ; lcddin_mod:lcd_display|command_counter[2]          ; lcddin_mod:lcd_display|clk_16ms ; lcddin_mod:lcd_display|clk_16ms ; 0.000        ; 0.072      ; 1.369      ;
; 1.108 ; lcddin_mod:lcd_display|fsm_state.CONFIG_CMD2       ; lcddin_mod:lcd_display|data[6]                     ; lcddin_mod:lcd_display|clk_16ms ; lcddin_mod:lcd_display|clk_16ms ; 0.000        ; 0.067      ; 1.370      ;
; 1.110 ; lcddin_mod:lcd_display|command_counter[2]          ; lcddin_mod:lcd_display|fsm_state.CONFIG_CMD1       ; lcddin_mod:lcd_display|clk_16ms ; lcddin_mod:lcd_display|clk_16ms ; 0.000        ; 0.072      ; 1.377      ;
; 1.116 ; lcddin_mod:lcd_display|data_counter[3]             ; lcddin_mod:lcd_display|data[3]                     ; lcddin_mod:lcd_display|clk_16ms ; lcddin_mod:lcd_display|clk_16ms ; 0.000        ; 0.072      ; 1.383      ;
; 1.161 ; lcddin_mod:lcd_display|data_counter[4]             ; lcddin_mod:lcd_display|fsm_state.CONFIG_CMD2       ; lcddin_mod:lcd_display|clk_16ms ; lcddin_mod:lcd_display|clk_16ms ; 0.000        ; 0.077      ; 1.433      ;
; 1.167 ; lcddin_mod:lcd_display|text[6][1]                  ; lcddin_mod:lcd_display|data[1]                     ; clk                             ; lcddin_mod:lcd_display|clk_16ms ; 0.000        ; 1.050      ; 2.442      ;
; 1.189 ; lcddin_mod:lcd_display|data_counter[0]             ; lcddin_mod:lcd_display|data_counter[3]             ; lcddin_mod:lcd_display|clk_16ms ; lcddin_mod:lcd_display|clk_16ms ; 0.000        ; 0.072      ; 1.456      ;
; 1.194 ; lcddin_mod:lcd_display|data_counter[1]             ; lcddin_mod:lcd_display|data_counter[3]             ; lcddin_mod:lcd_display|clk_16ms ; lcddin_mod:lcd_display|clk_16ms ; 0.000        ; 0.072      ; 1.461      ;
; 1.204 ; lcddin_mod:lcd_display|data_counter[0]             ; lcddin_mod:lcd_display|data_counter[4]             ; lcddin_mod:lcd_display|clk_16ms ; lcddin_mod:lcd_display|clk_16ms ; 0.000        ; 0.072      ; 1.471      ;
; 1.205 ; lcddin_mod:lcd_display|command_counter[0]          ; lcddin_mod:lcd_display|data[3]                     ; lcddin_mod:lcd_display|clk_16ms ; lcddin_mod:lcd_display|clk_16ms ; 0.000        ; 0.067      ; 1.467      ;
; 1.208 ; lcddin_mod:lcd_display|data_counter[4]             ; lcddin_mod:lcd_display|fsm_state.IDLE              ; lcddin_mod:lcd_display|clk_16ms ; lcddin_mod:lcd_display|clk_16ms ; 0.000        ; 0.077      ; 1.480      ;
; 1.209 ; lcddin_mod:lcd_display|data_counter[1]             ; lcddin_mod:lcd_display|data_counter[4]             ; lcddin_mod:lcd_display|clk_16ms ; lcddin_mod:lcd_display|clk_16ms ; 0.000        ; 0.072      ; 1.476      ;
; 1.217 ; lcddin_mod:lcd_display|fsm_state.CONFIG_CMD2       ; lcddin_mod:lcd_display|fsm_state.WR_STATIC_TEXT_2L ; lcddin_mod:lcd_display|clk_16ms ; lcddin_mod:lcd_display|clk_16ms ; 0.000        ; 0.074      ; 1.486      ;
; 1.232 ; lcddin_mod:lcd_display|text[10][1]                 ; lcddin_mod:lcd_display|data[1]                     ; clk                             ; lcddin_mod:lcd_display|clk_16ms ; 0.000        ; 1.050      ; 2.507      ;
; 1.233 ; lcddin_mod:lcd_display|text[12][1]                 ; lcddin_mod:lcd_display|data[1]                     ; clk                             ; lcddin_mod:lcd_display|clk_16ms ; 0.000        ; 1.050      ; 2.508      ;
; 1.235 ; lcddin_mod:lcd_display|text[13][0]                 ; lcddin_mod:lcd_display|data[0]                     ; clk                             ; lcddin_mod:lcd_display|clk_16ms ; 0.000        ; 1.050      ; 2.510      ;
; 1.264 ; lcddin_mod:lcd_display|fsm_state.WR_STATIC_TEXT_2L ; lcddin_mod:lcd_display|fsm_state.IDLE              ; lcddin_mod:lcd_display|clk_16ms ; lcddin_mod:lcd_display|clk_16ms ; 0.000        ; 0.070      ; 1.529      ;
; 1.275 ; lcddin_mod:lcd_display|command_counter[1]          ; lcddin_mod:lcd_display|fsm_state.CONFIG_CMD1       ; lcddin_mod:lcd_display|clk_16ms ; lcddin_mod:lcd_display|clk_16ms ; 0.000        ; 0.072      ; 1.542      ;
; 1.280 ; lcddin_mod:lcd_display|fsm_state.CONFIG_CMD1       ; lcddin_mod:lcd_display|fsm_state.CONFIG_CMD1       ; lcddin_mod:lcd_display|clk_16ms ; lcddin_mod:lcd_display|clk_16ms ; 0.000        ; 0.072      ; 1.547      ;
; 1.286 ; lcddin_mod:lcd_display|data_counter[3]             ; lcddin_mod:lcd_display|data[2]                     ; lcddin_mod:lcd_display|clk_16ms ; lcddin_mod:lcd_display|clk_16ms ; 0.000        ; 0.072      ; 1.553      ;
; 1.324 ; lcddin_mod:lcd_display|fsm_state.WR_STATIC_TEXT_2L ; lcddin_mod:lcd_display|data[4]                     ; lcddin_mod:lcd_display|clk_16ms ; lcddin_mod:lcd_display|clk_16ms ; 0.000        ; 0.072      ; 1.591      ;
; 1.326 ; lcddin_mod:lcd_display|data_counter[2]             ; lcddin_mod:lcd_display|data[3]                     ; lcddin_mod:lcd_display|clk_16ms ; lcddin_mod:lcd_display|clk_16ms ; 0.000        ; 0.072      ; 1.593      ;
; 1.380 ; lcddin_mod:lcd_display|data_counter[4]             ; lcddin_mod:lcd_display|data[2]                     ; lcddin_mod:lcd_display|clk_16ms ; lcddin_mod:lcd_display|clk_16ms ; 0.000        ; 0.072      ; 1.647      ;
; 1.382 ; lcddin_mod:lcd_display|data_counter[4]             ; lcddin_mod:lcd_display|data[6]                     ; lcddin_mod:lcd_display|clk_16ms ; lcddin_mod:lcd_display|clk_16ms ; 0.000        ; 0.072      ; 1.649      ;
; 1.389 ; lcddin_mod:lcd_display|text[6][0]                  ; lcddin_mod:lcd_display|data[0]                     ; clk                             ; lcddin_mod:lcd_display|clk_16ms ; 0.000        ; 1.050      ; 2.664      ;
; 1.408 ; lcddin_mod:lcd_display|command_counter[1]          ; lcddin_mod:lcd_display|fsm_state.WR_STATIC_TEXT_1L ; lcddin_mod:lcd_display|clk_16ms ; lcddin_mod:lcd_display|clk_16ms ; 0.000        ; 0.537      ; 2.140      ;
; 1.411 ; lcddin_mod:lcd_display|fsm_state.WR_STATIC_TEXT_1L ; lcddin_mod:lcd_display|fsm_state.CONFIG_CMD2       ; lcddin_mod:lcd_display|clk_16ms ; lcddin_mod:lcd_display|clk_16ms ; 0.000        ; -0.374     ; 1.232      ;
; 1.412 ; lcddin_mod:lcd_display|fsm_state.CONFIG_CMD1       ; lcddin_mod:lcd_display|data[0]                     ; lcddin_mod:lcd_display|clk_16ms ; lcddin_mod:lcd_display|clk_16ms ; 0.000        ; 0.066      ; 1.673      ;
; 1.427 ; lcddin_mod:lcd_display|data_counter[3]             ; lcddin_mod:lcd_display|fsm_state.IDLE              ; lcddin_mod:lcd_display|clk_16ms ; lcddin_mod:lcd_display|clk_16ms ; 0.000        ; 0.077      ; 1.699      ;
; 1.444 ; lcddin_mod:lcd_display|data_counter[3]             ; lcddin_mod:lcd_display|fsm_state.CONFIG_CMD2       ; lcddin_mod:lcd_display|clk_16ms ; lcddin_mod:lcd_display|clk_16ms ; 0.000        ; 0.077      ; 1.716      ;
; 1.458 ; lcddin_mod:lcd_display|command_counter[0]          ; lcddin_mod:lcd_display|data[4]                     ; lcddin_mod:lcd_display|clk_16ms ; lcddin_mod:lcd_display|clk_16ms ; 0.000        ; 0.074      ; 1.727      ;
; 1.467 ; lcddin_mod:lcd_display|fsm_state.CONFIG_CMD1       ; lcddin_mod:lcd_display|fsm_state.WR_STATIC_TEXT_1L ; lcddin_mod:lcd_display|clk_16ms ; lcddin_mod:lcd_display|clk_16ms ; 0.000        ; 0.537      ; 2.199      ;
; 1.477 ; lcddin_mod:lcd_display|data_counter[1]             ; lcddin_mod:lcd_display|data[3]                     ; lcddin_mod:lcd_display|clk_16ms ; lcddin_mod:lcd_display|clk_16ms ; 0.000        ; 0.072      ; 1.744      ;
; 1.479 ; lcddin_mod:lcd_display|data_counter[4]             ; lcddin_mod:lcd_display|fsm_state.WR_STATIC_TEXT_1L ; lcddin_mod:lcd_display|clk_16ms ; lcddin_mod:lcd_display|clk_16ms ; 0.000        ; 0.542      ; 2.216      ;
; 1.493 ; lcddin_mod:lcd_display|data_counter[2]             ; lcddin_mod:lcd_display|data[2]                     ; lcddin_mod:lcd_display|clk_16ms ; lcddin_mod:lcd_display|clk_16ms ; 0.000        ; 0.072      ; 1.760      ;
; 1.529 ; lcddin_mod:lcd_display|data_counter[3]             ; lcddin_mod:lcd_display|fsm_state.WR_STATIC_TEXT_1L ; lcddin_mod:lcd_display|clk_16ms ; lcddin_mod:lcd_display|clk_16ms ; 0.000        ; 0.542      ; 2.266      ;
; 1.531 ; lcddin_mod:lcd_display|command_counter[0]          ; lcddin_mod:lcd_display|data[2]                     ; lcddin_mod:lcd_display|clk_16ms ; lcddin_mod:lcd_display|clk_16ms ; 0.000        ; 0.067      ; 1.793      ;
; 1.533 ; lcddin_mod:lcd_display|fsm_state.WR_STATIC_TEXT_1L ; lcddin_mod:lcd_display|data[5]                     ; lcddin_mod:lcd_display|clk_16ms ; lcddin_mod:lcd_display|clk_16ms ; 0.000        ; -0.372     ; 1.356      ;
; 1.560 ; lcddin_mod:lcd_display|data_counter[2]             ; lcddin_mod:lcd_display|fsm_state.IDLE              ; lcddin_mod:lcd_display|clk_16ms ; lcddin_mod:lcd_display|clk_16ms ; 0.000        ; 0.077      ; 1.832      ;
; 1.564 ; lcddin_mod:lcd_display|fsm_state.CONFIG_CMD1       ; lcddin_mod:lcd_display|data_counter[4]             ; lcddin_mod:lcd_display|clk_16ms ; lcddin_mod:lcd_display|clk_16ms ; 0.000        ; 0.067      ; 1.826      ;
; 1.564 ; lcddin_mod:lcd_display|fsm_state.CONFIG_CMD1       ; lcddin_mod:lcd_display|data_counter[3]             ; lcddin_mod:lcd_display|clk_16ms ; lcddin_mod:lcd_display|clk_16ms ; 0.000        ; 0.067      ; 1.826      ;
; 1.564 ; lcddin_mod:lcd_display|fsm_state.CONFIG_CMD1       ; lcddin_mod:lcd_display|data_counter[2]             ; lcddin_mod:lcd_display|clk_16ms ; lcddin_mod:lcd_display|clk_16ms ; 0.000        ; 0.067      ; 1.826      ;
; 1.564 ; lcddin_mod:lcd_display|fsm_state.CONFIG_CMD1       ; lcddin_mod:lcd_display|data_counter[1]             ; lcddin_mod:lcd_display|clk_16ms ; lcddin_mod:lcd_display|clk_16ms ; 0.000        ; 0.067      ; 1.826      ;
; 1.564 ; lcddin_mod:lcd_display|fsm_state.CONFIG_CMD1       ; lcddin_mod:lcd_display|data_counter[0]             ; lcddin_mod:lcd_display|clk_16ms ; lcddin_mod:lcd_display|clk_16ms ; 0.000        ; 0.067      ; 1.826      ;
; 1.573 ; lcddin_mod:lcd_display|text[9][1]                  ; lcddin_mod:lcd_display|data[1]                     ; clk                             ; lcddin_mod:lcd_display|clk_16ms ; 0.000        ; 1.050      ; 2.848      ;
; 1.573 ; lcddin_mod:lcd_display|data_counter[4]             ; lcddin_mod:lcd_display|fsm_state.WR_STATIC_TEXT_2L ; lcddin_mod:lcd_display|clk_16ms ; lcddin_mod:lcd_display|clk_16ms ; 0.000        ; 0.079      ; 1.847      ;
; 1.575 ; lcddin_mod:lcd_display|data_counter[3]             ; lcddin_mod:lcd_display|data[4]                     ; lcddin_mod:lcd_display|clk_16ms ; lcddin_mod:lcd_display|clk_16ms ; 0.000        ; 0.079      ; 1.849      ;
; 1.577 ; lcddin_mod:lcd_display|data_counter[2]             ; lcddin_mod:lcd_display|fsm_state.CONFIG_CMD2       ; lcddin_mod:lcd_display|clk_16ms ; lcddin_mod:lcd_display|clk_16ms ; 0.000        ; 0.077      ; 1.849      ;
; 1.604 ; lcddin_mod:lcd_display|data_counter[4]             ; lcddin_mod:lcd_display|data[5]                     ; lcddin_mod:lcd_display|clk_16ms ; lcddin_mod:lcd_display|clk_16ms ; 0.000        ; 0.079      ; 1.878      ;
+-------+----------------------------------------------------+----------------------------------------------------+---------------------------------+---------------------------------+--------------+------------+------------+


+------------------------------------------------------------------------------------------------------------------------------------------+
; Slow 1200mV 0C Model Hold: 'master:master|scl'                                                                                           ;
+-------+------------------------+------------------------+-------------------+-------------------+--------------+------------+------------+
; Slack ; From Node              ; To Node                ; Launch Clock      ; Latch Clock       ; Relationship ; Clock Skew ; Data Delay ;
+-------+------------------------+------------------------+-------------------+-------------------+--------------+------------+------------+
; 0.470 ; listen:listen|count[6] ; listen:listen|count[6] ; master:master|scl ; master:master|scl ; 0.000        ; 0.071      ; 0.736      ;
; 0.503 ; master:master|sda_en   ; listen:listen|count[0] ; clk               ; master:master|scl ; 0.000        ; 0.949      ; 1.677      ;
; 0.724 ; listen:listen|count[5] ; listen:listen|count[5] ; master:master|scl ; master:master|scl ; 0.000        ; 0.071      ; 0.990      ;
; 0.742 ; listen:listen|count[4] ; listen:listen|count[4] ; master:master|scl ; master:master|scl ; 0.000        ; 0.071      ; 1.008      ;
; 0.748 ; listen:listen|count[1] ; listen:listen|count[1] ; master:master|scl ; master:master|scl ; 0.000        ; 0.071      ; 1.014      ;
; 0.758 ; listen:listen|count[2] ; listen:listen|count[2] ; master:master|scl ; master:master|scl ; 0.000        ; 0.071      ; 1.024      ;
; 0.763 ; listen:listen|count[0] ; listen:listen|count[0] ; master:master|scl ; master:master|scl ; 0.000        ; 0.071      ; 1.029      ;
; 0.807 ; master:master|sda_en   ; listen:listen|count[1] ; clk               ; master:master|scl ; 0.000        ; 0.949      ; 1.981      ;
; 0.887 ; listen:listen|count[3] ; listen:listen|count[3] ; master:master|scl ; master:master|scl ; 0.000        ; 0.071      ; 1.153      ;
; 0.914 ; master:master|sda_en   ; listen:listen|count[2] ; clk               ; master:master|scl ; 0.000        ; 0.949      ; 2.088      ;
; 0.929 ; master:master|sda_en   ; listen:listen|count[3] ; clk               ; master:master|scl ; 0.000        ; 0.949      ; 2.103      ;
; 0.964 ; listen:listen|data[11] ; listen:listen|data[11] ; master:master|scl ; master:master|scl ; 0.000        ; 0.071      ; 1.230      ;
; 1.000 ; listen:listen|data[15] ; listen:listen|data[15] ; master:master|scl ; master:master|scl ; 0.000        ; 0.072      ; 1.267      ;
; 1.002 ; listen:listen|data[6]  ; listen:listen|data[6]  ; master:master|scl ; master:master|scl ; 0.000        ; 0.072      ; 1.269      ;
; 1.036 ; master:master|sda_en   ; listen:listen|count[4] ; clk               ; master:master|scl ; 0.000        ; 0.949      ; 2.210      ;
; 1.046 ; listen:listen|count[5] ; listen:listen|count[6] ; master:master|scl ; master:master|scl ; 0.000        ; 0.071      ; 1.312      ;
; 1.051 ; master:master|sda_en   ; listen:listen|count[5] ; clk               ; master:master|scl ; 0.000        ; 0.949      ; 2.225      ;
; 1.061 ; listen:listen|count[4] ; listen:listen|count[5] ; master:master|scl ; master:master|scl ; 0.000        ; 0.071      ; 1.327      ;
; 1.063 ; listen:listen|count[0] ; listen:listen|count[1] ; master:master|scl ; master:master|scl ; 0.000        ; 0.071      ; 1.329      ;
; 1.072 ; listen:listen|count[1] ; listen:listen|count[2] ; master:master|scl ; master:master|scl ; 0.000        ; 0.071      ; 1.338      ;
; 1.076 ; listen:listen|count[4] ; listen:listen|count[6] ; master:master|scl ; master:master|scl ; 0.000        ; 0.071      ; 1.342      ;
; 1.077 ; listen:listen|count[2] ; listen:listen|count[3] ; master:master|scl ; master:master|scl ; 0.000        ; 0.071      ; 1.343      ;
; 1.078 ; listen:listen|count[0] ; listen:listen|count[2] ; master:master|scl ; master:master|scl ; 0.000        ; 0.071      ; 1.344      ;
; 1.080 ; listen:listen|data[4]  ; listen:listen|data[4]  ; master:master|scl ; master:master|scl ; 0.000        ; 0.072      ; 1.347      ;
; 1.082 ; listen:listen|data[7]  ; listen:listen|data[7]  ; master:master|scl ; master:master|scl ; 0.000        ; 0.072      ; 1.349      ;
; 1.085 ; listen:listen|data[14] ; listen:listen|data[14] ; master:master|scl ; master:master|scl ; 0.000        ; 0.072      ; 1.352      ;
; 1.086 ; listen:listen|data[8]  ; listen:listen|data[8]  ; master:master|scl ; master:master|scl ; 0.000        ; 0.072      ; 1.353      ;
; 1.089 ; listen:listen|data[3]  ; listen:listen|data[3]  ; master:master|scl ; master:master|scl ; 0.000        ; 0.071      ; 1.355      ;
; 1.092 ; listen:listen|count[2] ; listen:listen|count[4] ; master:master|scl ; master:master|scl ; 0.000        ; 0.071      ; 1.358      ;
; 1.131 ; listen:listen|data[5]  ; listen:listen|data[5]  ; master:master|scl ; master:master|scl ; 0.000        ; 0.072      ; 1.398      ;
; 1.144 ; listen:listen|data[19] ; listen:listen|data[19] ; master:master|scl ; master:master|scl ; 0.000        ; 0.071      ; 1.410      ;
; 1.158 ; master:master|sda_en   ; listen:listen|count[6] ; clk               ; master:master|scl ; 0.000        ; 0.949      ; 2.332      ;
; 1.172 ; listen:listen|count[1] ; listen:listen|count[3] ; master:master|scl ; master:master|scl ; 0.000        ; 0.071      ; 1.438      ;
; 1.185 ; listen:listen|count[0] ; listen:listen|count[3] ; master:master|scl ; master:master|scl ; 0.000        ; 0.071      ; 1.451      ;
; 1.194 ; listen:listen|count[1] ; listen:listen|count[4] ; master:master|scl ; master:master|scl ; 0.000        ; 0.071      ; 1.460      ;
; 1.199 ; listen:listen|count[2] ; listen:listen|count[5] ; master:master|scl ; master:master|scl ; 0.000        ; 0.071      ; 1.465      ;
; 1.200 ; listen:listen|count[0] ; listen:listen|count[4] ; master:master|scl ; master:master|scl ; 0.000        ; 0.071      ; 1.466      ;
; 1.214 ; listen:listen|count[2] ; listen:listen|count[6] ; master:master|scl ; master:master|scl ; 0.000        ; 0.071      ; 1.480      ;
; 1.216 ; listen:listen|data[23] ; listen:listen|data[23] ; master:master|scl ; master:master|scl ; 0.000        ; 0.072      ; 1.483      ;
; 1.217 ; listen:listen|data[18] ; listen:listen|data[18] ; master:master|scl ; master:master|scl ; 0.000        ; 0.072      ; 1.484      ;
; 1.217 ; listen:listen|count[6] ; listen:listen|count[5] ; master:master|scl ; master:master|scl ; 0.000        ; 0.071      ; 1.483      ;
; 1.217 ; listen:listen|count[6] ; listen:listen|count[0] ; master:master|scl ; master:master|scl ; 0.000        ; 0.071      ; 1.483      ;
; 1.217 ; listen:listen|count[6] ; listen:listen|count[1] ; master:master|scl ; master:master|scl ; 0.000        ; 0.071      ; 1.483      ;
; 1.217 ; listen:listen|count[6] ; listen:listen|count[2] ; master:master|scl ; master:master|scl ; 0.000        ; 0.071      ; 1.483      ;
; 1.217 ; listen:listen|count[6] ; listen:listen|count[3] ; master:master|scl ; master:master|scl ; 0.000        ; 0.071      ; 1.483      ;
; 1.217 ; listen:listen|count[6] ; listen:listen|count[4] ; master:master|scl ; master:master|scl ; 0.000        ; 0.071      ; 1.483      ;
; 1.219 ; listen:listen|data[22] ; listen:listen|data[22] ; master:master|scl ; master:master|scl ; 0.000        ; 0.072      ; 1.486      ;
; 1.243 ; listen:listen|count[3] ; listen:listen|count[4] ; master:master|scl ; master:master|scl ; 0.000        ; 0.071      ; 1.509      ;
; 1.260 ; listen:listen|data[17] ; listen:listen|data[17] ; master:master|scl ; master:master|scl ; 0.000        ; 0.072      ; 1.527      ;
; 1.262 ; listen:listen|data[13] ; listen:listen|data[13] ; master:master|scl ; master:master|scl ; 0.000        ; 0.072      ; 1.529      ;
; 1.274 ; listen:listen|count[3] ; listen:listen|count[5] ; master:master|scl ; master:master|scl ; 0.000        ; 0.071      ; 1.540      ;
; 1.294 ; listen:listen|count[1] ; listen:listen|count[5] ; master:master|scl ; master:master|scl ; 0.000        ; 0.071      ; 1.560      ;
; 1.307 ; listen:listen|data[20] ; listen:listen|data[20] ; master:master|scl ; master:master|scl ; 0.000        ; 0.072      ; 1.574      ;
; 1.307 ; listen:listen|count[0] ; listen:listen|count[5] ; master:master|scl ; master:master|scl ; 0.000        ; 0.071      ; 1.573      ;
; 1.316 ; listen:listen|count[1] ; listen:listen|count[6] ; master:master|scl ; master:master|scl ; 0.000        ; 0.071      ; 1.582      ;
; 1.320 ; listen:listen|data[21] ; listen:listen|data[21] ; master:master|scl ; master:master|scl ; 0.000        ; 0.071      ; 1.586      ;
; 1.322 ; listen:listen|count[0] ; listen:listen|count[6] ; master:master|scl ; master:master|scl ; 0.000        ; 0.071      ; 1.588      ;
; 1.365 ; listen:listen|count[3] ; listen:listen|count[6] ; master:master|scl ; master:master|scl ; 0.000        ; 0.071      ; 1.631      ;
; 1.373 ; master:master|sda_en   ; listen:listen|data[26] ; clk               ; master:master|scl ; 0.000        ; 0.951      ; 2.549      ;
; 1.384 ; listen:listen|count[1] ; listen:listen|data[26] ; master:master|scl ; master:master|scl ; 0.000        ; 0.073      ; 1.652      ;
; 1.404 ; master:master|sda_en   ; listen:listen|data[24] ; clk               ; master:master|scl ; 0.000        ; 0.949      ; 2.578      ;
; 1.409 ; listen:listen|data[24] ; listen:listen|data[24] ; master:master|scl ; master:master|scl ; 0.000        ; 0.071      ; 1.675      ;
; 1.443 ; listen:listen|count[1] ; listen:listen|data[24] ; master:master|scl ; master:master|scl ; 0.000        ; 0.071      ; 1.709      ;
; 1.453 ; listen:listen|data[10] ; listen:listen|data[10] ; master:master|scl ; master:master|scl ; 0.000        ; 0.072      ; 1.720      ;
; 1.472 ; master:master|sda_en   ; listen:listen|data[10] ; clk               ; master:master|scl ; 0.000        ; 0.948      ; 2.645      ;
; 1.474 ; master:master|sda_en   ; listen:listen|data[14] ; clk               ; master:master|scl ; 0.000        ; 0.948      ; 2.647      ;
; 1.474 ; master:master|sda_en   ; listen:listen|data[15] ; clk               ; master:master|scl ; 0.000        ; 0.948      ; 2.647      ;
; 1.484 ; master:master|sda_en   ; listen:listen|data[17] ; clk               ; master:master|scl ; 0.000        ; 0.949      ; 2.658      ;
; 1.518 ; listen:listen|count[1] ; listen:listen|data[4]  ; master:master|scl ; master:master|scl ; 0.000        ; 0.074      ; 1.787      ;
; 1.524 ; listen:listen|data[26] ; listen:listen|data[26] ; master:master|scl ; master:master|scl ; 0.000        ; 0.072      ; 1.791      ;
; 1.560 ; listen:listen|count[2] ; listen:listen|data[5]  ; master:master|scl ; master:master|scl ; 0.000        ; 0.071      ; 1.826      ;
; 1.598 ; master:master|sda_en   ; listen:listen|data[11] ; clk               ; master:master|scl ; 0.000        ; 0.951      ; 2.774      ;
; 1.603 ; master:master|sda_en   ; listen:listen|data[5]  ; clk               ; master:master|scl ; 0.000        ; 0.949      ; 2.777      ;
; 1.611 ; listen:listen|count[1] ; listen:listen|data[6]  ; master:master|scl ; master:master|scl ; 0.000        ; 0.074      ; 1.880      ;
; 1.621 ; master:master|sda_en   ; listen:listen|data[25] ; clk               ; master:master|scl ; 0.000        ; 0.949      ; 2.795      ;
; 1.626 ; listen:listen|data[25] ; listen:listen|data[25] ; master:master|scl ; master:master|scl ; 0.000        ; 0.072      ; 1.893      ;
; 1.667 ; listen:listen|count[0] ; listen:listen|data[7]  ; master:master|scl ; master:master|scl ; 0.000        ; 0.074      ; 1.936      ;
; 1.668 ; master:master|sda_en   ; listen:listen|data[22] ; clk               ; master:master|scl ; 0.000        ; 0.949      ; 2.842      ;
; 1.669 ; master:master|sda_en   ; listen:listen|data[21] ; clk               ; master:master|scl ; 0.000        ; 0.951      ; 2.845      ;
; 1.676 ; master:master|sda_en   ; listen:listen|data[18] ; clk               ; master:master|scl ; 0.000        ; 0.948      ; 2.849      ;
; 1.678 ; master:master|sda_en   ; listen:listen|data[23] ; clk               ; master:master|scl ; 0.000        ; 0.948      ; 2.851      ;
; 1.693 ; listen:listen|count[2] ; listen:listen|data[17] ; master:master|scl ; master:master|scl ; 0.000        ; 0.071      ; 1.959      ;
; 1.717 ; listen:listen|count[0] ; listen:listen|data[4]  ; master:master|scl ; master:master|scl ; 0.000        ; 0.074      ; 1.986      ;
; 1.719 ; listen:listen|count[0] ; listen:listen|data[6]  ; master:master|scl ; master:master|scl ; 0.000        ; 0.074      ; 1.988      ;
; 1.728 ; listen:listen|count[0] ; listen:listen|data[23] ; master:master|scl ; master:master|scl ; 0.000        ; 0.070      ; 1.993      ;
; 1.733 ; master:master|sda_en   ; listen:listen|data[12] ; clk               ; master:master|scl ; 0.000        ; 0.951      ; 2.909      ;
; 1.754 ; listen:listen|count[2] ; listen:listen|data[22] ; master:master|scl ; master:master|scl ; 0.000        ; 0.071      ; 2.020      ;
; 1.759 ; listen:listen|count[4] ; listen:listen|count[0] ; master:master|scl ; master:master|scl ; 0.000        ; 0.071      ; 2.025      ;
; 1.759 ; listen:listen|count[4] ; listen:listen|count[1] ; master:master|scl ; master:master|scl ; 0.000        ; 0.071      ; 2.025      ;
; 1.759 ; listen:listen|count[4] ; listen:listen|count[2] ; master:master|scl ; master:master|scl ; 0.000        ; 0.071      ; 2.025      ;
; 1.759 ; listen:listen|count[4] ; listen:listen|count[3] ; master:master|scl ; master:master|scl ; 0.000        ; 0.071      ; 2.025      ;
; 1.761 ; listen:listen|count[4] ; listen:listen|data[26] ; master:master|scl ; master:master|scl ; 0.000        ; 0.073      ; 2.029      ;
; 1.769 ; listen:listen|count[4] ; listen:listen|data[5]  ; master:master|scl ; master:master|scl ; 0.000        ; 0.071      ; 2.035      ;
; 1.770 ; listen:listen|count[1] ; listen:listen|data[17] ; master:master|scl ; master:master|scl ; 0.000        ; 0.071      ; 2.036      ;
; 1.775 ; master:master|sda_en   ; listen:listen|data[19] ; clk               ; master:master|scl ; 0.000        ; 0.951      ; 2.951      ;
; 1.782 ; listen:listen|count[4] ; listen:listen|data[22] ; master:master|scl ; master:master|scl ; 0.000        ; 0.071      ; 2.048      ;
; 1.790 ; listen:listen|count[4] ; listen:listen|data[18] ; master:master|scl ; master:master|scl ; 0.000        ; 0.070      ; 2.055      ;
; 1.792 ; listen:listen|count[4] ; listen:listen|data[23] ; master:master|scl ; master:master|scl ; 0.000        ; 0.070      ; 2.057      ;
; 1.792 ; listen:listen|count[4] ; listen:listen|data[24] ; master:master|scl ; master:master|scl ; 0.000        ; 0.071      ; 2.058      ;
; 1.811 ; listen:listen|count[1] ; listen:listen|data[22] ; master:master|scl ; master:master|scl ; 0.000        ; 0.071      ; 2.077      ;
+-------+------------------------+------------------------+-------------------+-------------------+--------------+------------+------------+


+----------------------------------------------------------------------------------------------------------------------------------------------+
; Slow 1200mV 0C Model Hold: 'beg_com:beg_com|beg'                                                                                             ;
+-------+------------------------+--------------------------+-------------------+---------------------+--------------+------------+------------+
; Slack ; From Node              ; To Node                  ; Launch Clock      ; Latch Clock         ; Relationship ; Clock Skew ; Data Delay ;
+-------+------------------------+--------------------------+-------------------+---------------------+--------------+------------+------------+
; 1.242 ; listen:listen|data[23] ; listen:listen|Hours[3]   ; master:master|scl ; beg_com:beg_com|beg ; -0.500       ; -0.198     ; 0.759      ;
; 1.242 ; listen:listen|data[22] ; listen:listen|Hours[4]   ; master:master|scl ; beg_com:beg_com|beg ; -0.500       ; -0.198     ; 0.759      ;
; 1.243 ; listen:listen|data[10] ; listen:listen|Seconds[7] ; master:master|scl ; beg_com:beg_com|beg ; -0.500       ; -0.198     ; 0.760      ;
; 1.243 ; listen:listen|data[26] ; listen:listen|Hours[0]   ; master:master|scl ; beg_com:beg_com|beg ; -0.500       ; -0.197     ; 0.761      ;
; 1.244 ; listen:listen|data[19] ; listen:listen|Hours[7]   ; master:master|scl ; beg_com:beg_com|beg ; -0.500       ; -0.199     ; 0.760      ;
; 1.244 ; listen:listen|data[25] ; listen:listen|Hours[1]   ; master:master|scl ; beg_com:beg_com|beg ; -0.500       ; -0.198     ; 0.761      ;
; 1.373 ; listen:listen|data[21] ; listen:listen|Hours[5]   ; master:master|scl ; beg_com:beg_com|beg ; -0.500       ; -0.199     ; 0.889      ;
; 1.388 ; listen:listen|data[24] ; listen:listen|Hours[2]   ; master:master|scl ; beg_com:beg_com|beg ; -0.500       ; -0.197     ; 0.906      ;
; 1.389 ; listen:listen|data[9]  ; listen:listen|Seconds[6] ; master:master|scl ; beg_com:beg_com|beg ; -0.500       ; -0.198     ; 0.906      ;
; 1.403 ; listen:listen|data[20] ; listen:listen|Hours[6]   ; master:master|scl ; beg_com:beg_com|beg ; -0.500       ; -0.198     ; 0.920      ;
; 1.418 ; listen:listen|data[17] ; listen:listen|Minutes[6] ; master:master|scl ; beg_com:beg_com|beg ; -0.500       ; -0.198     ; 0.935      ;
; 1.419 ; listen:listen|data[18] ; listen:listen|Minutes[7] ; master:master|scl ; beg_com:beg_com|beg ; -0.500       ; -0.198     ; 0.936      ;
; 1.603 ; listen:listen|data[16] ; listen:listen|Minutes[5] ; master:master|scl ; beg_com:beg_com|beg ; -0.500       ; -0.198     ; 1.120      ;
; 1.621 ; listen:listen|data[12] ; listen:listen|Minutes[1] ; master:master|scl ; beg_com:beg_com|beg ; -0.500       ; -0.199     ; 1.137      ;
; 1.629 ; listen:listen|data[3]  ; listen:listen|Seconds[0] ; master:master|scl ; beg_com:beg_com|beg ; -0.500       ; -0.198     ; 1.146      ;
; 1.645 ; listen:listen|data[8]  ; listen:listen|Seconds[5] ; master:master|scl ; beg_com:beg_com|beg ; -0.500       ; -0.199     ; 1.161      ;
; 1.646 ; listen:listen|data[13] ; listen:listen|Minutes[2] ; master:master|scl ; beg_com:beg_com|beg ; -0.500       ; -0.199     ; 1.162      ;
; 1.697 ; listen:listen|data[6]  ; listen:listen|Seconds[3] ; master:master|scl ; beg_com:beg_com|beg ; -0.500       ; -0.198     ; 1.214      ;
; 1.820 ; listen:listen|data[5]  ; listen:listen|Seconds[2] ; master:master|scl ; beg_com:beg_com|beg ; -0.500       ; -0.195     ; 1.340      ;
; 1.879 ; listen:listen|data[14] ; listen:listen|Minutes[3] ; master:master|scl ; beg_com:beg_com|beg ; -0.500       ; -0.196     ; 1.398      ;
; 1.884 ; listen:listen|data[7]  ; listen:listen|Seconds[4] ; master:master|scl ; beg_com:beg_com|beg ; -0.500       ; -0.198     ; 1.401      ;
; 1.885 ; listen:listen|data[15] ; listen:listen|Minutes[4] ; master:master|scl ; beg_com:beg_com|beg ; -0.500       ; -0.196     ; 1.404      ;
; 1.890 ; listen:listen|data[4]  ; listen:listen|Seconds[1] ; master:master|scl ; beg_com:beg_com|beg ; -0.500       ; -0.198     ; 1.407      ;
; 1.916 ; listen:listen|data[11] ; listen:listen|Minutes[0] ; master:master|scl ; beg_com:beg_com|beg ; -0.500       ; -0.200     ; 1.431      ;
+-------+------------------------+--------------------------+-------------------+---------------------+--------------+------------+------------+


----------------------------------------------
; Slow 1200mV 0C Model Metastability Summary ;
----------------------------------------------
No synchronizer chains to report.


+-----------------------------------------------------------+
; Fast 1200mV 0C Model Setup Summary                        ;
+---------------------------------+---------+---------------+
; Clock                           ; Slack   ; End Point TNS ;
+---------------------------------+---------+---------------+
; clk                             ; -11.358 ; -479.931      ;
; lcddin_mod:lcd_display|clk_16ms ; -1.027  ; -5.259        ;
; master:master|scl               ; -0.632  ; -12.974       ;
; beg_com:beg_com|beg             ; -0.318  ; -3.055        ;
+---------------------------------+---------+---------------+


+---------------------------------------------------------+
; Fast 1200mV 0C Model Hold Summary                       ;
+---------------------------------+-------+---------------+
; Clock                           ; Slack ; End Point TNS ;
+---------------------------------+-------+---------------+
; clk                             ; 0.179 ; 0.000         ;
; lcddin_mod:lcd_display|clk_16ms ; 0.179 ; 0.000         ;
; master:master|scl               ; 0.205 ; 0.000         ;
; beg_com:beg_com|beg             ; 0.665 ; 0.000         ;
+---------------------------------+-------+---------------+


-----------------------------------------
; Fast 1200mV 0C Model Recovery Summary ;
-----------------------------------------
No paths to report.


----------------------------------------
; Fast 1200mV 0C Model Removal Summary ;
----------------------------------------
No paths to report.


+----------------------------------------------------------+
; Fast 1200mV 0C Model Minimum Pulse Width Summary         ;
+---------------------------------+--------+---------------+
; Clock                           ; Slack  ; End Point TNS ;
+---------------------------------+--------+---------------+
; clk                             ; -3.000 ; -130.068      ;
; master:master|scl               ; -1.000 ; -31.000       ;
; beg_com:beg_com|beg             ; -1.000 ; -24.000       ;
; lcddin_mod:lcd_display|clk_16ms ; -1.000 ; -22.000       ;
+---------------------------------+--------+---------------+


+---------------------------------------------------------------------------------------------------------------------------------------+
; Fast 1200mV 0C Model Setup: 'clk'                                                                                                     ;
+---------+---------------------------+---------------------------+--------------+-------------+--------------+------------+------------+
; Slack   ; From Node                 ; To Node                   ; Launch Clock ; Latch Clock ; Relationship ; Clock Skew ; Data Delay ;
+---------+---------------------------+---------------------------+--------------+-------------+--------------+------------+------------+
; -11.358 ; master:master|counter[7]  ; master:master|counter[13] ; clk          ; clk         ; 1.000        ; -0.036     ; 12.309     ;
; -11.358 ; master:master|counter[7]  ; master:master|counter[7]  ; clk          ; clk         ; 1.000        ; -0.036     ; 12.309     ;
; -11.358 ; master:master|counter[7]  ; master:master|counter[8]  ; clk          ; clk         ; 1.000        ; -0.036     ; 12.309     ;
; -11.358 ; master:master|counter[7]  ; master:master|counter[9]  ; clk          ; clk         ; 1.000        ; -0.036     ; 12.309     ;
; -11.358 ; master:master|counter[7]  ; master:master|counter[10] ; clk          ; clk         ; 1.000        ; -0.036     ; 12.309     ;
; -11.358 ; master:master|counter[7]  ; master:master|counter[11] ; clk          ; clk         ; 1.000        ; -0.036     ; 12.309     ;
; -11.358 ; master:master|counter[7]  ; master:master|counter[12] ; clk          ; clk         ; 1.000        ; -0.036     ; 12.309     ;
; -11.325 ; master:master|counter[8]  ; master:master|counter[13] ; clk          ; clk         ; 1.000        ; -0.036     ; 12.276     ;
; -11.325 ; master:master|counter[8]  ; master:master|counter[7]  ; clk          ; clk         ; 1.000        ; -0.036     ; 12.276     ;
; -11.325 ; master:master|counter[8]  ; master:master|counter[8]  ; clk          ; clk         ; 1.000        ; -0.036     ; 12.276     ;
; -11.325 ; master:master|counter[8]  ; master:master|counter[9]  ; clk          ; clk         ; 1.000        ; -0.036     ; 12.276     ;
; -11.325 ; master:master|counter[8]  ; master:master|counter[10] ; clk          ; clk         ; 1.000        ; -0.036     ; 12.276     ;
; -11.325 ; master:master|counter[8]  ; master:master|counter[11] ; clk          ; clk         ; 1.000        ; -0.036     ; 12.276     ;
; -11.325 ; master:master|counter[8]  ; master:master|counter[12] ; clk          ; clk         ; 1.000        ; -0.036     ; 12.276     ;
; -11.292 ; master:master|counter[9]  ; master:master|counter[13] ; clk          ; clk         ; 1.000        ; -0.036     ; 12.243     ;
; -11.292 ; master:master|counter[9]  ; master:master|counter[7]  ; clk          ; clk         ; 1.000        ; -0.036     ; 12.243     ;
; -11.292 ; master:master|counter[9]  ; master:master|counter[8]  ; clk          ; clk         ; 1.000        ; -0.036     ; 12.243     ;
; -11.292 ; master:master|counter[9]  ; master:master|counter[9]  ; clk          ; clk         ; 1.000        ; -0.036     ; 12.243     ;
; -11.292 ; master:master|counter[9]  ; master:master|counter[10] ; clk          ; clk         ; 1.000        ; -0.036     ; 12.243     ;
; -11.292 ; master:master|counter[9]  ; master:master|counter[11] ; clk          ; clk         ; 1.000        ; -0.036     ; 12.243     ;
; -11.292 ; master:master|counter[9]  ; master:master|counter[12] ; clk          ; clk         ; 1.000        ; -0.036     ; 12.243     ;
; -11.289 ; master:master|counter[7]  ; master:master|scl         ; clk          ; clk         ; 1.000        ; -0.038     ; 12.238     ;
; -11.257 ; master:master|counter[10] ; master:master|counter[13] ; clk          ; clk         ; 1.000        ; -0.036     ; 12.208     ;
; -11.257 ; master:master|counter[10] ; master:master|counter[7]  ; clk          ; clk         ; 1.000        ; -0.036     ; 12.208     ;
; -11.257 ; master:master|counter[10] ; master:master|counter[8]  ; clk          ; clk         ; 1.000        ; -0.036     ; 12.208     ;
; -11.257 ; master:master|counter[10] ; master:master|counter[9]  ; clk          ; clk         ; 1.000        ; -0.036     ; 12.208     ;
; -11.257 ; master:master|counter[10] ; master:master|counter[10] ; clk          ; clk         ; 1.000        ; -0.036     ; 12.208     ;
; -11.257 ; master:master|counter[10] ; master:master|counter[11] ; clk          ; clk         ; 1.000        ; -0.036     ; 12.208     ;
; -11.257 ; master:master|counter[10] ; master:master|counter[12] ; clk          ; clk         ; 1.000        ; -0.036     ; 12.208     ;
; -11.256 ; master:master|counter[8]  ; master:master|scl         ; clk          ; clk         ; 1.000        ; -0.038     ; 12.205     ;
; -11.224 ; master:master|counter[11] ; master:master|counter[13] ; clk          ; clk         ; 1.000        ; -0.036     ; 12.175     ;
; -11.224 ; master:master|counter[11] ; master:master|counter[7]  ; clk          ; clk         ; 1.000        ; -0.036     ; 12.175     ;
; -11.224 ; master:master|counter[11] ; master:master|counter[8]  ; clk          ; clk         ; 1.000        ; -0.036     ; 12.175     ;
; -11.224 ; master:master|counter[11] ; master:master|counter[9]  ; clk          ; clk         ; 1.000        ; -0.036     ; 12.175     ;
; -11.224 ; master:master|counter[11] ; master:master|counter[10] ; clk          ; clk         ; 1.000        ; -0.036     ; 12.175     ;
; -11.224 ; master:master|counter[11] ; master:master|counter[11] ; clk          ; clk         ; 1.000        ; -0.036     ; 12.175     ;
; -11.224 ; master:master|counter[11] ; master:master|counter[12] ; clk          ; clk         ; 1.000        ; -0.036     ; 12.175     ;
; -11.223 ; master:master|counter[9]  ; master:master|scl         ; clk          ; clk         ; 1.000        ; -0.038     ; 12.172     ;
; -11.190 ; master:master|counter[12] ; master:master|counter[13] ; clk          ; clk         ; 1.000        ; -0.036     ; 12.141     ;
; -11.190 ; master:master|counter[12] ; master:master|counter[7]  ; clk          ; clk         ; 1.000        ; -0.036     ; 12.141     ;
; -11.190 ; master:master|counter[12] ; master:master|counter[8]  ; clk          ; clk         ; 1.000        ; -0.036     ; 12.141     ;
; -11.190 ; master:master|counter[12] ; master:master|counter[9]  ; clk          ; clk         ; 1.000        ; -0.036     ; 12.141     ;
; -11.190 ; master:master|counter[12] ; master:master|counter[10] ; clk          ; clk         ; 1.000        ; -0.036     ; 12.141     ;
; -11.190 ; master:master|counter[12] ; master:master|counter[11] ; clk          ; clk         ; 1.000        ; -0.036     ; 12.141     ;
; -11.190 ; master:master|counter[12] ; master:master|counter[12] ; clk          ; clk         ; 1.000        ; -0.036     ; 12.141     ;
; -11.188 ; master:master|counter[10] ; master:master|scl         ; clk          ; clk         ; 1.000        ; -0.038     ; 12.137     ;
; -11.164 ; master:master|counter[13] ; master:master|counter[13] ; clk          ; clk         ; 1.000        ; -0.036     ; 12.115     ;
; -11.164 ; master:master|counter[13] ; master:master|counter[7]  ; clk          ; clk         ; 1.000        ; -0.036     ; 12.115     ;
; -11.164 ; master:master|counter[13] ; master:master|counter[8]  ; clk          ; clk         ; 1.000        ; -0.036     ; 12.115     ;
; -11.164 ; master:master|counter[13] ; master:master|counter[9]  ; clk          ; clk         ; 1.000        ; -0.036     ; 12.115     ;
; -11.164 ; master:master|counter[13] ; master:master|counter[10] ; clk          ; clk         ; 1.000        ; -0.036     ; 12.115     ;
; -11.164 ; master:master|counter[13] ; master:master|counter[11] ; clk          ; clk         ; 1.000        ; -0.036     ; 12.115     ;
; -11.164 ; master:master|counter[13] ; master:master|counter[12] ; clk          ; clk         ; 1.000        ; -0.036     ; 12.115     ;
; -11.155 ; master:master|counter[11] ; master:master|scl         ; clk          ; clk         ; 1.000        ; -0.038     ; 12.104     ;
; -11.122 ; master:master|counter[7]  ; master:master|counter[6]  ; clk          ; clk         ; 1.000        ; -0.038     ; 12.071     ;
; -11.122 ; master:master|counter[7]  ; master:master|counter[0]  ; clk          ; clk         ; 1.000        ; -0.038     ; 12.071     ;
; -11.122 ; master:master|counter[7]  ; master:master|counter[1]  ; clk          ; clk         ; 1.000        ; -0.038     ; 12.071     ;
; -11.122 ; master:master|counter[7]  ; master:master|counter[2]  ; clk          ; clk         ; 1.000        ; -0.038     ; 12.071     ;
; -11.122 ; master:master|counter[7]  ; master:master|counter[3]  ; clk          ; clk         ; 1.000        ; -0.038     ; 12.071     ;
; -11.122 ; master:master|counter[7]  ; master:master|counter[4]  ; clk          ; clk         ; 1.000        ; -0.038     ; 12.071     ;
; -11.122 ; master:master|counter[7]  ; master:master|counter[5]  ; clk          ; clk         ; 1.000        ; -0.038     ; 12.071     ;
; -11.121 ; master:master|counter[12] ; master:master|scl         ; clk          ; clk         ; 1.000        ; -0.038     ; 12.070     ;
; -11.095 ; master:master|counter[13] ; master:master|scl         ; clk          ; clk         ; 1.000        ; -0.038     ; 12.044     ;
; -11.089 ; master:master|counter[8]  ; master:master|counter[6]  ; clk          ; clk         ; 1.000        ; -0.038     ; 12.038     ;
; -11.089 ; master:master|counter[8]  ; master:master|counter[0]  ; clk          ; clk         ; 1.000        ; -0.038     ; 12.038     ;
; -11.089 ; master:master|counter[8]  ; master:master|counter[1]  ; clk          ; clk         ; 1.000        ; -0.038     ; 12.038     ;
; -11.089 ; master:master|counter[8]  ; master:master|counter[2]  ; clk          ; clk         ; 1.000        ; -0.038     ; 12.038     ;
; -11.089 ; master:master|counter[8]  ; master:master|counter[3]  ; clk          ; clk         ; 1.000        ; -0.038     ; 12.038     ;
; -11.089 ; master:master|counter[8]  ; master:master|counter[4]  ; clk          ; clk         ; 1.000        ; -0.038     ; 12.038     ;
; -11.089 ; master:master|counter[8]  ; master:master|counter[5]  ; clk          ; clk         ; 1.000        ; -0.038     ; 12.038     ;
; -11.056 ; master:master|counter[9]  ; master:master|counter[6]  ; clk          ; clk         ; 1.000        ; -0.038     ; 12.005     ;
; -11.056 ; master:master|counter[9]  ; master:master|counter[0]  ; clk          ; clk         ; 1.000        ; -0.038     ; 12.005     ;
; -11.056 ; master:master|counter[9]  ; master:master|counter[1]  ; clk          ; clk         ; 1.000        ; -0.038     ; 12.005     ;
; -11.056 ; master:master|counter[9]  ; master:master|counter[2]  ; clk          ; clk         ; 1.000        ; -0.038     ; 12.005     ;
; -11.056 ; master:master|counter[9]  ; master:master|counter[3]  ; clk          ; clk         ; 1.000        ; -0.038     ; 12.005     ;
; -11.056 ; master:master|counter[9]  ; master:master|counter[4]  ; clk          ; clk         ; 1.000        ; -0.038     ; 12.005     ;
; -11.056 ; master:master|counter[9]  ; master:master|counter[5]  ; clk          ; clk         ; 1.000        ; -0.038     ; 12.005     ;
; -11.021 ; master:master|counter[10] ; master:master|counter[6]  ; clk          ; clk         ; 1.000        ; -0.038     ; 11.970     ;
; -11.021 ; master:master|counter[10] ; master:master|counter[0]  ; clk          ; clk         ; 1.000        ; -0.038     ; 11.970     ;
; -11.021 ; master:master|counter[10] ; master:master|counter[1]  ; clk          ; clk         ; 1.000        ; -0.038     ; 11.970     ;
; -11.021 ; master:master|counter[10] ; master:master|counter[2]  ; clk          ; clk         ; 1.000        ; -0.038     ; 11.970     ;
; -11.021 ; master:master|counter[10] ; master:master|counter[3]  ; clk          ; clk         ; 1.000        ; -0.038     ; 11.970     ;
; -11.021 ; master:master|counter[10] ; master:master|counter[4]  ; clk          ; clk         ; 1.000        ; -0.038     ; 11.970     ;
; -11.021 ; master:master|counter[10] ; master:master|counter[5]  ; clk          ; clk         ; 1.000        ; -0.038     ; 11.970     ;
; -10.988 ; master:master|counter[11] ; master:master|counter[6]  ; clk          ; clk         ; 1.000        ; -0.038     ; 11.937     ;
; -10.988 ; master:master|counter[11] ; master:master|counter[0]  ; clk          ; clk         ; 1.000        ; -0.038     ; 11.937     ;
; -10.988 ; master:master|counter[11] ; master:master|counter[1]  ; clk          ; clk         ; 1.000        ; -0.038     ; 11.937     ;
; -10.988 ; master:master|counter[11] ; master:master|counter[2]  ; clk          ; clk         ; 1.000        ; -0.038     ; 11.937     ;
; -10.988 ; master:master|counter[11] ; master:master|counter[3]  ; clk          ; clk         ; 1.000        ; -0.038     ; 11.937     ;
; -10.988 ; master:master|counter[11] ; master:master|counter[4]  ; clk          ; clk         ; 1.000        ; -0.038     ; 11.937     ;
; -10.988 ; master:master|counter[11] ; master:master|counter[5]  ; clk          ; clk         ; 1.000        ; -0.038     ; 11.937     ;
; -10.954 ; master:master|counter[12] ; master:master|counter[6]  ; clk          ; clk         ; 1.000        ; -0.038     ; 11.903     ;
; -10.954 ; master:master|counter[12] ; master:master|counter[0]  ; clk          ; clk         ; 1.000        ; -0.038     ; 11.903     ;
; -10.954 ; master:master|counter[12] ; master:master|counter[1]  ; clk          ; clk         ; 1.000        ; -0.038     ; 11.903     ;
; -10.954 ; master:master|counter[12] ; master:master|counter[2]  ; clk          ; clk         ; 1.000        ; -0.038     ; 11.903     ;
; -10.954 ; master:master|counter[12] ; master:master|counter[3]  ; clk          ; clk         ; 1.000        ; -0.038     ; 11.903     ;
; -10.954 ; master:master|counter[12] ; master:master|counter[4]  ; clk          ; clk         ; 1.000        ; -0.038     ; 11.903     ;
; -10.954 ; master:master|counter[12] ; master:master|counter[5]  ; clk          ; clk         ; 1.000        ; -0.038     ; 11.903     ;
; -10.928 ; master:master|counter[13] ; master:master|counter[6]  ; clk          ; clk         ; 1.000        ; -0.038     ; 11.877     ;
; -10.928 ; master:master|counter[13] ; master:master|counter[0]  ; clk          ; clk         ; 1.000        ; -0.038     ; 11.877     ;
+---------+---------------------------+---------------------------+--------------+-------------+--------------+------------+------------+


+-------------------------------------------------------------------------------------------------------------------------------------------------------------------------------------------------------------------------------+
; Fast 1200mV 0C Model Setup: 'lcddin_mod:lcd_display|clk_16ms'                                                                                                                                                                 ;
+--------+----------------------------------------------------+----------------------------------------------------+---------------------------------+---------------------------------+--------------+------------+------------+
; Slack  ; From Node                                          ; To Node                                            ; Launch Clock                    ; Latch Clock                     ; Relationship ; Clock Skew ; Data Delay ;
+--------+----------------------------------------------------+----------------------------------------------------+---------------------------------+---------------------------------+--------------+------------+------------+
; -1.027 ; lcddin_mod:lcd_display|data_counter[1]             ; lcddin_mod:lcd_display|data[0]                     ; lcddin_mod:lcd_display|clk_16ms ; lcddin_mod:lcd_display|clk_16ms ; 1.000        ; -0.036     ; 1.978      ;
; -0.881 ; lcddin_mod:lcd_display|data_counter[1]             ; lcddin_mod:lcd_display|data[1]                     ; lcddin_mod:lcd_display|clk_16ms ; lcddin_mod:lcd_display|clk_16ms ; 1.000        ; -0.036     ; 1.832      ;
; -0.868 ; lcddin_mod:lcd_display|data_counter[0]             ; lcddin_mod:lcd_display|data[0]                     ; lcddin_mod:lcd_display|clk_16ms ; lcddin_mod:lcd_display|clk_16ms ; 1.000        ; -0.036     ; 1.819      ;
; -0.807 ; lcddin_mod:lcd_display|data_counter[2]             ; lcddin_mod:lcd_display|data[0]                     ; lcddin_mod:lcd_display|clk_16ms ; lcddin_mod:lcd_display|clk_16ms ; 1.000        ; -0.036     ; 1.758      ;
; -0.796 ; lcddin_mod:lcd_display|data_counter[0]             ; lcddin_mod:lcd_display|data[1]                     ; lcddin_mod:lcd_display|clk_16ms ; lcddin_mod:lcd_display|clk_16ms ; 1.000        ; -0.036     ; 1.747      ;
; -0.784 ; lcddin_mod:lcd_display|data_counter[2]             ; lcddin_mod:lcd_display|data[1]                     ; lcddin_mod:lcd_display|clk_16ms ; lcddin_mod:lcd_display|clk_16ms ; 1.000        ; -0.036     ; 1.735      ;
; -0.726 ; lcddin_mod:lcd_display|data_counter[0]             ; lcddin_mod:lcd_display|data[2]                     ; lcddin_mod:lcd_display|clk_16ms ; lcddin_mod:lcd_display|clk_16ms ; 1.000        ; -0.036     ; 1.677      ;
; -0.689 ; lcddin_mod:lcd_display|data_counter[0]             ; lcddin_mod:lcd_display|data[3]                     ; lcddin_mod:lcd_display|clk_16ms ; lcddin_mod:lcd_display|clk_16ms ; 1.000        ; -0.036     ; 1.640      ;
; -0.683 ; lcddin_mod:lcd_display|data_counter[1]             ; lcddin_mod:lcd_display|data[2]                     ; lcddin_mod:lcd_display|clk_16ms ; lcddin_mod:lcd_display|clk_16ms ; 1.000        ; -0.036     ; 1.634      ;
; -0.656 ; lcddin_mod:lcd_display|data_counter[2]             ; lcddin_mod:lcd_display|data[2]                     ; lcddin_mod:lcd_display|clk_16ms ; lcddin_mod:lcd_display|clk_16ms ; 1.000        ; -0.036     ; 1.607      ;
; -0.568 ; lcddin_mod:lcd_display|data_counter[1]             ; lcddin_mod:lcd_display|data[3]                     ; lcddin_mod:lcd_display|clk_16ms ; lcddin_mod:lcd_display|clk_16ms ; 1.000        ; -0.036     ; 1.519      ;
; -0.549 ; lcddin_mod:lcd_display|fsm_state.WR_STATIC_TEXT_1L ; lcddin_mod:lcd_display|data[3]                     ; lcddin_mod:lcd_display|clk_16ms ; lcddin_mod:lcd_display|clk_16ms ; 1.000        ; -0.241     ; 1.295      ;
; -0.511 ; lcddin_mod:lcd_display|fsm_state.WR_STATIC_TEXT_1L ; lcddin_mod:lcd_display|data[0]                     ; lcddin_mod:lcd_display|clk_16ms ; lcddin_mod:lcd_display|clk_16ms ; 1.000        ; -0.241     ; 1.257      ;
; -0.511 ; lcddin_mod:lcd_display|fsm_state.WR_STATIC_TEXT_1L ; lcddin_mod:lcd_display|data[1]                     ; lcddin_mod:lcd_display|clk_16ms ; lcddin_mod:lcd_display|clk_16ms ; 1.000        ; -0.241     ; 1.257      ;
; -0.486 ; lcddin_mod:lcd_display|fsm_state.IDLE              ; lcddin_mod:lcd_display|data[0]                     ; lcddin_mod:lcd_display|clk_16ms ; lcddin_mod:lcd_display|clk_16ms ; 1.000        ; -0.040     ; 1.433      ;
; -0.481 ; lcddin_mod:lcd_display|command_counter[1]          ; lcddin_mod:lcd_display|data[0]                     ; lcddin_mod:lcd_display|clk_16ms ; lcddin_mod:lcd_display|clk_16ms ; 1.000        ; -0.040     ; 1.428      ;
; -0.473 ; lcddin_mod:lcd_display|fsm_state.IDLE              ; lcddin_mod:lcd_display|data[1]                     ; lcddin_mod:lcd_display|clk_16ms ; lcddin_mod:lcd_display|clk_16ms ; 1.000        ; -0.040     ; 1.420      ;
; -0.413 ; lcddin_mod:lcd_display|fsm_state.WR_STATIC_TEXT_1L ; lcddin_mod:lcd_display|data[6]                     ; lcddin_mod:lcd_display|clk_16ms ; lcddin_mod:lcd_display|clk_16ms ; 1.000        ; -0.241     ; 1.159      ;
; -0.411 ; lcddin_mod:lcd_display|fsm_state.WR_STATIC_TEXT_1L ; lcddin_mod:lcd_display|data[2]                     ; lcddin_mod:lcd_display|clk_16ms ; lcddin_mod:lcd_display|clk_16ms ; 1.000        ; -0.241     ; 1.157      ;
; -0.358 ; lcddin_mod:lcd_display|command_counter[0]          ; lcddin_mod:lcd_display|data[0]                     ; lcddin_mod:lcd_display|clk_16ms ; lcddin_mod:lcd_display|clk_16ms ; 1.000        ; -0.040     ; 1.305      ;
; -0.354 ; lcddin_mod:lcd_display|data_counter[1]             ; lcddin_mod:lcd_display|data[5]                     ; lcddin_mod:lcd_display|clk_16ms ; lcddin_mod:lcd_display|clk_16ms ; 1.000        ; -0.030     ; 1.311      ;
; -0.345 ; lcddin_mod:lcd_display|data_counter[0]             ; lcddin_mod:lcd_display|data[5]                     ; lcddin_mod:lcd_display|clk_16ms ; lcddin_mod:lcd_display|clk_16ms ; 1.000        ; -0.030     ; 1.302      ;
; -0.335 ; lcddin_mod:lcd_display|fsm_state.CONFIG_CMD1       ; lcddin_mod:lcd_display|data[5]                     ; lcddin_mod:lcd_display|clk_16ms ; lcddin_mod:lcd_display|clk_16ms ; 1.000        ; -0.034     ; 1.288      ;
; -0.313 ; lcddin_mod:lcd_display|fsm_state.CONFIG_CMD2       ; lcddin_mod:lcd_display|data[0]                     ; lcddin_mod:lcd_display|clk_16ms ; lcddin_mod:lcd_display|clk_16ms ; 1.000        ; -0.040     ; 1.260      ;
; -0.300 ; lcddin_mod:lcd_display|fsm_state.CONFIG_CMD2       ; lcddin_mod:lcd_display|data[1]                     ; lcddin_mod:lcd_display|clk_16ms ; lcddin_mod:lcd_display|clk_16ms ; 1.000        ; -0.040     ; 1.247      ;
; -0.289 ; lcddin_mod:lcd_display|fsm_state.WR_STATIC_TEXT_2L ; lcddin_mod:lcd_display|data[3]                     ; lcddin_mod:lcd_display|clk_16ms ; lcddin_mod:lcd_display|clk_16ms ; 1.000        ; -0.042     ; 1.234      ;
; -0.289 ; lcddin_mod:lcd_display|fsm_state.CONFIG_CMD1       ; lcddin_mod:lcd_display|data[0]                     ; lcddin_mod:lcd_display|clk_16ms ; lcddin_mod:lcd_display|clk_16ms ; 1.000        ; -0.040     ; 1.236      ;
; -0.276 ; lcddin_mod:lcd_display|fsm_state.CONFIG_CMD1       ; lcddin_mod:lcd_display|data[1]                     ; lcddin_mod:lcd_display|clk_16ms ; lcddin_mod:lcd_display|clk_16ms ; 1.000        ; -0.040     ; 1.223      ;
; -0.271 ; lcddin_mod:lcd_display|fsm_state.CONFIG_CMD1       ; lcddin_mod:lcd_display|data[2]                     ; lcddin_mod:lcd_display|clk_16ms ; lcddin_mod:lcd_display|clk_16ms ; 1.000        ; -0.040     ; 1.218      ;
; -0.262 ; lcddin_mod:lcd_display|text[10][0]                 ; lcddin_mod:lcd_display|data[0]                     ; clk                             ; lcddin_mod:lcd_display|clk_16ms ; 1.000        ; 0.359      ; 1.598      ;
; -0.256 ; lcddin_mod:lcd_display|data_counter[2]             ; lcddin_mod:lcd_display|data[5]                     ; lcddin_mod:lcd_display|clk_16ms ; lcddin_mod:lcd_display|clk_16ms ; 1.000        ; -0.030     ; 1.213      ;
; -0.254 ; lcddin_mod:lcd_display|command_counter[1]          ; lcddin_mod:lcd_display|data[5]                     ; lcddin_mod:lcd_display|clk_16ms ; lcddin_mod:lcd_display|clk_16ms ; 1.000        ; -0.034     ; 1.207      ;
; -0.240 ; lcddin_mod:lcd_display|text[9][0]                  ; lcddin_mod:lcd_display|data[0]                     ; clk                             ; lcddin_mod:lcd_display|clk_16ms ; 1.000        ; 0.359      ; 1.576      ;
; -0.237 ; lcddin_mod:lcd_display|data_counter[4]             ; lcddin_mod:lcd_display|data[5]                     ; lcddin_mod:lcd_display|clk_16ms ; lcddin_mod:lcd_display|clk_16ms ; 1.000        ; -0.030     ; 1.194      ;
; -0.236 ; lcddin_mod:lcd_display|data_counter[1]             ; lcddin_mod:lcd_display|data[4]                     ; lcddin_mod:lcd_display|clk_16ms ; lcddin_mod:lcd_display|clk_16ms ; 1.000        ; -0.030     ; 1.193      ;
; -0.233 ; lcddin_mod:lcd_display|data_counter[4]             ; lcddin_mod:lcd_display|data[4]                     ; lcddin_mod:lcd_display|clk_16ms ; lcddin_mod:lcd_display|clk_16ms ; 1.000        ; -0.030     ; 1.190      ;
; -0.230 ; lcddin_mod:lcd_display|command_counter[1]          ; lcddin_mod:lcd_display|data[2]                     ; lcddin_mod:lcd_display|clk_16ms ; lcddin_mod:lcd_display|clk_16ms ; 1.000        ; -0.040     ; 1.177      ;
; -0.200 ; lcddin_mod:lcd_display|data_counter[3]             ; lcddin_mod:lcd_display|data[5]                     ; lcddin_mod:lcd_display|clk_16ms ; lcddin_mod:lcd_display|clk_16ms ; 1.000        ; -0.030     ; 1.157      ;
; -0.193 ; lcddin_mod:lcd_display|data_counter[1]             ; lcddin_mod:lcd_display|fsm_state.WR_STATIC_TEXT_2L ; lcddin_mod:lcd_display|clk_16ms ; lcddin_mod:lcd_display|clk_16ms ; 1.000        ; -0.030     ; 1.150      ;
; -0.187 ; lcddin_mod:lcd_display|data_counter[0]             ; lcddin_mod:lcd_display|data[4]                     ; lcddin_mod:lcd_display|clk_16ms ; lcddin_mod:lcd_display|clk_16ms ; 1.000        ; -0.030     ; 1.144      ;
; -0.182 ; lcddin_mod:lcd_display|data_counter[0]             ; lcddin_mod:lcd_display|fsm_state.WR_STATIC_TEXT_2L ; lcddin_mod:lcd_display|clk_16ms ; lcddin_mod:lcd_display|clk_16ms ; 1.000        ; -0.030     ; 1.139      ;
; -0.166 ; lcddin_mod:lcd_display|data_counter[1]             ; lcddin_mod:lcd_display|fsm_state.WR_STATIC_TEXT_1L ; lcddin_mod:lcd_display|clk_16ms ; lcddin_mod:lcd_display|clk_16ms ; 1.000        ; 0.161      ; 1.314      ;
; -0.164 ; lcddin_mod:lcd_display|fsm_state.CONFIG_CMD1       ; lcddin_mod:lcd_display|data[4]                     ; lcddin_mod:lcd_display|clk_16ms ; lcddin_mod:lcd_display|clk_16ms ; 1.000        ; -0.034     ; 1.117      ;
; -0.157 ; lcddin_mod:lcd_display|data_counter[0]             ; lcddin_mod:lcd_display|fsm_state.WR_STATIC_TEXT_1L ; lcddin_mod:lcd_display|clk_16ms ; lcddin_mod:lcd_display|clk_16ms ; 1.000        ; 0.161      ; 1.305      ;
; -0.155 ; lcddin_mod:lcd_display|text[9][1]                  ; lcddin_mod:lcd_display|data[1]                     ; clk                             ; lcddin_mod:lcd_display|clk_16ms ; 1.000        ; 0.357      ; 1.489      ;
; -0.155 ; lcddin_mod:lcd_display|fsm_state.WR_STATIC_TEXT_2L ; lcddin_mod:lcd_display|data[0]                     ; lcddin_mod:lcd_display|clk_16ms ; lcddin_mod:lcd_display|clk_16ms ; 1.000        ; -0.042     ; 1.100      ;
; -0.155 ; lcddin_mod:lcd_display|fsm_state.WR_STATIC_TEXT_2L ; lcddin_mod:lcd_display|data[1]                     ; lcddin_mod:lcd_display|clk_16ms ; lcddin_mod:lcd_display|clk_16ms ; 1.000        ; -0.042     ; 1.100      ;
; -0.154 ; lcddin_mod:lcd_display|command_counter[1]          ; lcddin_mod:lcd_display|data[1]                     ; lcddin_mod:lcd_display|clk_16ms ; lcddin_mod:lcd_display|clk_16ms ; 1.000        ; -0.040     ; 1.101      ;
; -0.153 ; lcddin_mod:lcd_display|fsm_state.WR_STATIC_TEXT_2L ; lcddin_mod:lcd_display|data[6]                     ; lcddin_mod:lcd_display|clk_16ms ; lcddin_mod:lcd_display|clk_16ms ; 1.000        ; -0.042     ; 1.098      ;
; -0.152 ; lcddin_mod:lcd_display|data_counter[2]             ; lcddin_mod:lcd_display|data[4]                     ; lcddin_mod:lcd_display|clk_16ms ; lcddin_mod:lcd_display|clk_16ms ; 1.000        ; -0.030     ; 1.109      ;
; -0.151 ; lcddin_mod:lcd_display|fsm_state.WR_STATIC_TEXT_2L ; lcddin_mod:lcd_display|data[2]                     ; lcddin_mod:lcd_display|clk_16ms ; lcddin_mod:lcd_display|clk_16ms ; 1.000        ; -0.042     ; 1.096      ;
; -0.113 ; lcddin_mod:lcd_display|data_counter[3]             ; lcddin_mod:lcd_display|data[2]                     ; lcddin_mod:lcd_display|clk_16ms ; lcddin_mod:lcd_display|clk_16ms ; 1.000        ; -0.036     ; 1.064      ;
; -0.111 ; lcddin_mod:lcd_display|command_counter[0]          ; lcddin_mod:lcd_display|data[5]                     ; lcddin_mod:lcd_display|clk_16ms ; lcddin_mod:lcd_display|clk_16ms ; 1.000        ; -0.034     ; 1.064      ;
; -0.098 ; lcddin_mod:lcd_display|data_counter[2]             ; lcddin_mod:lcd_display|fsm_state.WR_STATIC_TEXT_2L ; lcddin_mod:lcd_display|clk_16ms ; lcddin_mod:lcd_display|clk_16ms ; 1.000        ; -0.030     ; 1.055      ;
; -0.089 ; lcddin_mod:lcd_display|data_counter[3]             ; lcddin_mod:lcd_display|data[0]                     ; lcddin_mod:lcd_display|clk_16ms ; lcddin_mod:lcd_display|clk_16ms ; 1.000        ; -0.036     ; 1.040      ;
; -0.083 ; lcddin_mod:lcd_display|text[6][0]                  ; lcddin_mod:lcd_display|data[0]                     ; clk                             ; lcddin_mod:lcd_display|clk_16ms ; 1.000        ; 0.357      ; 1.417      ;
; -0.083 ; lcddin_mod:lcd_display|data_counter[1]             ; lcddin_mod:lcd_display|fsm_state.IDLE              ; lcddin_mod:lcd_display|clk_16ms ; lcddin_mod:lcd_display|clk_16ms ; 1.000        ; -0.032     ; 1.038      ;
; -0.083 ; lcddin_mod:lcd_display|command_counter[1]          ; lcddin_mod:lcd_display|data[4]                     ; lcddin_mod:lcd_display|clk_16ms ; lcddin_mod:lcd_display|clk_16ms ; 1.000        ; -0.034     ; 1.036      ;
; -0.082 ; lcddin_mod:lcd_display|fsm_state.CONFIG_CMD2       ; lcddin_mod:lcd_display|data_counter[4]             ; lcddin_mod:lcd_display|clk_16ms ; lcddin_mod:lcd_display|clk_16ms ; 1.000        ; -0.040     ; 1.029      ;
; -0.082 ; lcddin_mod:lcd_display|fsm_state.CONFIG_CMD2       ; lcddin_mod:lcd_display|data_counter[3]             ; lcddin_mod:lcd_display|clk_16ms ; lcddin_mod:lcd_display|clk_16ms ; 1.000        ; -0.040     ; 1.029      ;
; -0.082 ; lcddin_mod:lcd_display|fsm_state.CONFIG_CMD2       ; lcddin_mod:lcd_display|data_counter[2]             ; lcddin_mod:lcd_display|clk_16ms ; lcddin_mod:lcd_display|clk_16ms ; 1.000        ; -0.040     ; 1.029      ;
; -0.082 ; lcddin_mod:lcd_display|fsm_state.CONFIG_CMD2       ; lcddin_mod:lcd_display|data_counter[1]             ; lcddin_mod:lcd_display|clk_16ms ; lcddin_mod:lcd_display|clk_16ms ; 1.000        ; -0.040     ; 1.029      ;
; -0.082 ; lcddin_mod:lcd_display|fsm_state.CONFIG_CMD2       ; lcddin_mod:lcd_display|data_counter[0]             ; lcddin_mod:lcd_display|clk_16ms ; lcddin_mod:lcd_display|clk_16ms ; 1.000        ; -0.040     ; 1.029      ;
; -0.081 ; lcddin_mod:lcd_display|data_counter[1]             ; lcddin_mod:lcd_display|fsm_state.CONFIG_CMD2       ; lcddin_mod:lcd_display|clk_16ms ; lcddin_mod:lcd_display|clk_16ms ; 1.000        ; -0.032     ; 1.036      ;
; -0.077 ; lcddin_mod:lcd_display|data_counter[3]             ; lcddin_mod:lcd_display|data[1]                     ; lcddin_mod:lcd_display|clk_16ms ; lcddin_mod:lcd_display|clk_16ms ; 1.000        ; -0.036     ; 1.028      ;
; -0.077 ; lcddin_mod:lcd_display|command_counter[0]          ; lcddin_mod:lcd_display|data[2]                     ; lcddin_mod:lcd_display|clk_16ms ; lcddin_mod:lcd_display|clk_16ms ; 1.000        ; -0.040     ; 1.024      ;
; -0.077 ; lcddin_mod:lcd_display|data_counter[3]             ; lcddin_mod:lcd_display|data[4]                     ; lcddin_mod:lcd_display|clk_16ms ; lcddin_mod:lcd_display|clk_16ms ; 1.000        ; -0.030     ; 1.034      ;
; -0.077 ; lcddin_mod:lcd_display|command_counter[0]          ; lcddin_mod:lcd_display|data[1]                     ; lcddin_mod:lcd_display|clk_16ms ; lcddin_mod:lcd_display|clk_16ms ; 1.000        ; -0.040     ; 1.024      ;
; -0.074 ; lcddin_mod:lcd_display|data_counter[0]             ; lcddin_mod:lcd_display|fsm_state.IDLE              ; lcddin_mod:lcd_display|clk_16ms ; lcddin_mod:lcd_display|clk_16ms ; 1.000        ; -0.032     ; 1.029      ;
; -0.070 ; lcddin_mod:lcd_display|data_counter[0]             ; lcddin_mod:lcd_display|fsm_state.CONFIG_CMD2       ; lcddin_mod:lcd_display|clk_16ms ; lcddin_mod:lcd_display|clk_16ms ; 1.000        ; -0.032     ; 1.025      ;
; -0.067 ; lcddin_mod:lcd_display|fsm_state.CONFIG_CMD1       ; lcddin_mod:lcd_display|fsm_state.WR_STATIC_TEXT_1L ; lcddin_mod:lcd_display|clk_16ms ; lcddin_mod:lcd_display|clk_16ms ; 1.000        ; 0.157      ; 1.211      ;
; -0.067 ; lcddin_mod:lcd_display|data_counter[2]             ; lcddin_mod:lcd_display|fsm_state.WR_STATIC_TEXT_1L ; lcddin_mod:lcd_display|clk_16ms ; lcddin_mod:lcd_display|clk_16ms ; 1.000        ; 0.161      ; 1.215      ;
; -0.059 ; lcddin_mod:lcd_display|data_counter[4]             ; lcddin_mod:lcd_display|data[3]                     ; lcddin_mod:lcd_display|clk_16ms ; lcddin_mod:lcd_display|clk_16ms ; 1.000        ; -0.036     ; 1.010      ;
; -0.055 ; lcddin_mod:lcd_display|data_counter[4]             ; lcddin_mod:lcd_display|data[0]                     ; lcddin_mod:lcd_display|clk_16ms ; lcddin_mod:lcd_display|clk_16ms ; 1.000        ; -0.036     ; 1.006      ;
; -0.055 ; lcddin_mod:lcd_display|data_counter[4]             ; lcddin_mod:lcd_display|data[1]                     ; lcddin_mod:lcd_display|clk_16ms ; lcddin_mod:lcd_display|clk_16ms ; 1.000        ; -0.036     ; 1.006      ;
; -0.048 ; lcddin_mod:lcd_display|fsm_state.WR_STATIC_TEXT_1L ; lcddin_mod:lcd_display|data[4]                     ; lcddin_mod:lcd_display|clk_16ms ; lcddin_mod:lcd_display|clk_16ms ; 1.000        ; -0.235     ; 0.800      ;
; -0.046 ; lcddin_mod:lcd_display|data_counter[4]             ; lcddin_mod:lcd_display|fsm_state.WR_STATIC_TEXT_2L ; lcddin_mod:lcd_display|clk_16ms ; lcddin_mod:lcd_display|clk_16ms ; 1.000        ; -0.030     ; 1.003      ;
; -0.040 ; lcddin_mod:lcd_display|data_counter[3]             ; lcddin_mod:lcd_display|fsm_state.WR_STATIC_TEXT_2L ; lcddin_mod:lcd_display|clk_16ms ; lcddin_mod:lcd_display|clk_16ms ; 1.000        ; -0.030     ; 0.997      ;
; -0.031 ; lcddin_mod:lcd_display|data_counter[4]             ; lcddin_mod:lcd_display|fsm_state.WR_STATIC_TEXT_1L ; lcddin_mod:lcd_display|clk_16ms ; lcddin_mod:lcd_display|clk_16ms ; 1.000        ; 0.161      ; 1.179      ;
; -0.028 ; lcddin_mod:lcd_display|data_counter[3]             ; lcddin_mod:lcd_display|data[3]                     ; lcddin_mod:lcd_display|clk_16ms ; lcddin_mod:lcd_display|clk_16ms ; 1.000        ; -0.036     ; 0.979      ;
; -0.012 ; lcddin_mod:lcd_display|data_counter[3]             ; lcddin_mod:lcd_display|fsm_state.WR_STATIC_TEXT_1L ; lcddin_mod:lcd_display|clk_16ms ; lcddin_mod:lcd_display|clk_16ms ; 1.000        ; 0.161      ; 1.160      ;
; -0.002 ; lcddin_mod:lcd_display|fsm_state.IDLE              ; lcddin_mod:lcd_display|data_counter[4]             ; lcddin_mod:lcd_display|clk_16ms ; lcddin_mod:lcd_display|clk_16ms ; 1.000        ; -0.040     ; 0.949      ;
; -0.002 ; lcddin_mod:lcd_display|fsm_state.IDLE              ; lcddin_mod:lcd_display|data_counter[3]             ; lcddin_mod:lcd_display|clk_16ms ; lcddin_mod:lcd_display|clk_16ms ; 1.000        ; -0.040     ; 0.949      ;
; -0.002 ; lcddin_mod:lcd_display|fsm_state.IDLE              ; lcddin_mod:lcd_display|data_counter[2]             ; lcddin_mod:lcd_display|clk_16ms ; lcddin_mod:lcd_display|clk_16ms ; 1.000        ; -0.040     ; 0.949      ;
; -0.002 ; lcddin_mod:lcd_display|fsm_state.IDLE              ; lcddin_mod:lcd_display|data_counter[1]             ; lcddin_mod:lcd_display|clk_16ms ; lcddin_mod:lcd_display|clk_16ms ; 1.000        ; -0.040     ; 0.949      ;
; -0.002 ; lcddin_mod:lcd_display|fsm_state.IDLE              ; lcddin_mod:lcd_display|data_counter[0]             ; lcddin_mod:lcd_display|clk_16ms ; lcddin_mod:lcd_display|clk_16ms ; 1.000        ; -0.040     ; 0.949      ;
; 0.009  ; lcddin_mod:lcd_display|data_counter[1]             ; lcddin_mod:lcd_display|data_counter[4]             ; lcddin_mod:lcd_display|clk_16ms ; lcddin_mod:lcd_display|clk_16ms ; 1.000        ; -0.036     ; 0.942      ;
; 0.011  ; lcddin_mod:lcd_display|fsm_state.WR_STATIC_TEXT_1L ; lcddin_mod:lcd_display|data[5]                     ; lcddin_mod:lcd_display|clk_16ms ; lcddin_mod:lcd_display|clk_16ms ; 1.000        ; -0.235     ; 0.741      ;
; 0.013  ; lcddin_mod:lcd_display|text[13][0]                 ; lcddin_mod:lcd_display|data[0]                     ; clk                             ; lcddin_mod:lcd_display|clk_16ms ; 1.000        ; 0.357      ; 1.321      ;
; 0.014  ; lcddin_mod:lcd_display|data_counter[2]             ; lcddin_mod:lcd_display|fsm_state.CONFIG_CMD2       ; lcddin_mod:lcd_display|clk_16ms ; lcddin_mod:lcd_display|clk_16ms ; 1.000        ; -0.032     ; 0.941      ;
; 0.014  ; lcddin_mod:lcd_display|command_counter[1]          ; lcddin_mod:lcd_display|fsm_state.WR_STATIC_TEXT_1L ; lcddin_mod:lcd_display|clk_16ms ; lcddin_mod:lcd_display|clk_16ms ; 1.000        ; 0.157      ; 1.130      ;
; 0.016  ; lcddin_mod:lcd_display|text[10][1]                 ; lcddin_mod:lcd_display|data[1]                     ; clk                             ; lcddin_mod:lcd_display|clk_16ms ; 1.000        ; 0.357      ; 1.318      ;
; 0.017  ; lcddin_mod:lcd_display|data_counter[2]             ; lcddin_mod:lcd_display|fsm_state.IDLE              ; lcddin_mod:lcd_display|clk_16ms ; lcddin_mod:lcd_display|clk_16ms ; 1.000        ; -0.032     ; 0.938      ;
; 0.029  ; lcddin_mod:lcd_display|text[12][1]                 ; lcddin_mod:lcd_display|data[1]                     ; clk                             ; lcddin_mod:lcd_display|clk_16ms ; 1.000        ; 0.357      ; 1.305      ;
; 0.049  ; lcddin_mod:lcd_display|fsm_state.WR_STATIC_TEXT_2L ; lcddin_mod:lcd_display|data[4]                     ; lcddin_mod:lcd_display|clk_16ms ; lcddin_mod:lcd_display|clk_16ms ; 1.000        ; -0.036     ; 0.902      ;
; 0.060  ; lcddin_mod:lcd_display|command_counter[0]          ; lcddin_mod:lcd_display|data[4]                     ; lcddin_mod:lcd_display|clk_16ms ; lcddin_mod:lcd_display|clk_16ms ; 1.000        ; -0.034     ; 0.893      ;
; 0.070  ; lcddin_mod:lcd_display|text[6][1]                  ; lcddin_mod:lcd_display|data[1]                     ; clk                             ; lcddin_mod:lcd_display|clk_16ms ; 1.000        ; 0.357      ; 1.264      ;
; 0.070  ; lcddin_mod:lcd_display|data_counter[0]             ; lcddin_mod:lcd_display|data_counter[4]             ; lcddin_mod:lcd_display|clk_16ms ; lcddin_mod:lcd_display|clk_16ms ; 1.000        ; -0.036     ; 0.881      ;
; 0.071  ; lcddin_mod:lcd_display|data_counter[3]             ; lcddin_mod:lcd_display|fsm_state.IDLE              ; lcddin_mod:lcd_display|clk_16ms ; lcddin_mod:lcd_display|clk_16ms ; 1.000        ; -0.032     ; 0.884      ;
; 0.072  ; lcddin_mod:lcd_display|data_counter[3]             ; lcddin_mod:lcd_display|fsm_state.CONFIG_CMD2       ; lcddin_mod:lcd_display|clk_16ms ; lcddin_mod:lcd_display|clk_16ms ; 1.000        ; -0.032     ; 0.883      ;
+--------+----------------------------------------------------+----------------------------------------------------+---------------------------------+---------------------------------+--------------+------------+------------+


+-------------------------------------------------------------------------------------------------------------------------------------------+
; Fast 1200mV 0C Model Setup: 'master:master|scl'                                                                                           ;
+--------+------------------------+------------------------+-------------------+-------------------+--------------+------------+------------+
; Slack  ; From Node              ; To Node                ; Launch Clock      ; Latch Clock       ; Relationship ; Clock Skew ; Data Delay ;
+--------+------------------------+------------------------+-------------------+-------------------+--------------+------------+------------+
; -0.632 ; listen:listen|count[5] ; listen:listen|data[16] ; master:master|scl ; master:master|scl ; 1.000        ; -0.036     ; 1.583      ;
; -0.619 ; listen:listen|count[6] ; listen:listen|data[16] ; master:master|scl ; master:master|scl ; 1.000        ; -0.036     ; 1.570      ;
; -0.586 ; listen:listen|count[5] ; listen:listen|data[7]  ; master:master|scl ; master:master|scl ; 1.000        ; -0.034     ; 1.539      ;
; -0.579 ; listen:listen|count[6] ; listen:listen|data[7]  ; master:master|scl ; master:master|scl ; 1.000        ; -0.034     ; 1.532      ;
; -0.548 ; listen:listen|count[3] ; listen:listen|data[16] ; master:master|scl ; master:master|scl ; 1.000        ; -0.036     ; 1.499      ;
; -0.537 ; listen:listen|count[3] ; listen:listen|data[9]  ; master:master|scl ; master:master|scl ; 1.000        ; -0.034     ; 1.490      ;
; -0.537 ; listen:listen|count[1] ; listen:listen|data[16] ; master:master|scl ; master:master|scl ; 1.000        ; -0.036     ; 1.488      ;
; -0.532 ; listen:listen|count[0] ; listen:listen|data[16] ; master:master|scl ; master:master|scl ; 1.000        ; -0.036     ; 1.483      ;
; -0.531 ; listen:listen|count[3] ; listen:listen|data[8]  ; master:master|scl ; master:master|scl ; 1.000        ; -0.032     ; 1.486      ;
; -0.528 ; listen:listen|count[0] ; listen:listen|data[9]  ; master:master|scl ; master:master|scl ; 1.000        ; -0.034     ; 1.481      ;
; -0.525 ; listen:listen|count[3] ; listen:listen|data[7]  ; master:master|scl ; master:master|scl ; 1.000        ; -0.034     ; 1.478      ;
; -0.510 ; listen:listen|count[5] ; listen:listen|data[4]  ; master:master|scl ; master:master|scl ; 1.000        ; -0.034     ; 1.463      ;
; -0.510 ; listen:listen|count[5] ; listen:listen|data[6]  ; master:master|scl ; master:master|scl ; 1.000        ; -0.034     ; 1.463      ;
; -0.505 ; listen:listen|count[6] ; listen:listen|data[9]  ; master:master|scl ; master:master|scl ; 1.000        ; -0.034     ; 1.458      ;
; -0.503 ; listen:listen|count[6] ; listen:listen|data[4]  ; master:master|scl ; master:master|scl ; 1.000        ; -0.034     ; 1.456      ;
; -0.503 ; listen:listen|count[6] ; listen:listen|data[6]  ; master:master|scl ; master:master|scl ; 1.000        ; -0.034     ; 1.456      ;
; -0.501 ; listen:listen|count[5] ; listen:listen|data[3]  ; master:master|scl ; master:master|scl ; 1.000        ; -0.034     ; 1.454      ;
; -0.500 ; listen:listen|count[4] ; listen:listen|data[16] ; master:master|scl ; master:master|scl ; 1.000        ; -0.036     ; 1.451      ;
; -0.495 ; listen:listen|data[16] ; listen:listen|data[16] ; master:master|scl ; master:master|scl ; 1.000        ; -0.036     ; 1.446      ;
; -0.494 ; listen:listen|count[3] ; listen:listen|data[13] ; master:master|scl ; master:master|scl ; 1.000        ; -0.035     ; 1.446      ;
; -0.494 ; listen:listen|count[6] ; listen:listen|data[3]  ; master:master|scl ; master:master|scl ; 1.000        ; -0.034     ; 1.447      ;
; -0.491 ; listen:listen|count[1] ; listen:listen|data[11] ; master:master|scl ; master:master|scl ; 1.000        ; -0.034     ; 1.444      ;
; -0.491 ; listen:listen|count[1] ; listen:listen|data[3]  ; master:master|scl ; master:master|scl ; 1.000        ; -0.034     ; 1.444      ;
; -0.490 ; listen:listen|count[6] ; listen:listen|data[8]  ; master:master|scl ; master:master|scl ; 1.000        ; -0.032     ; 1.445      ;
; -0.487 ; listen:listen|count[2] ; listen:listen|data[13] ; master:master|scl ; master:master|scl ; 1.000        ; -0.035     ; 1.439      ;
; -0.484 ; listen:listen|count[0] ; listen:listen|data[13] ; master:master|scl ; master:master|scl ; 1.000        ; -0.035     ; 1.436      ;
; -0.476 ; listen:listen|count[2] ; listen:listen|data[16] ; master:master|scl ; master:master|scl ; 1.000        ; -0.036     ; 1.427      ;
; -0.476 ; listen:listen|count[0] ; listen:listen|data[11] ; master:master|scl ; master:master|scl ; 1.000        ; -0.034     ; 1.429      ;
; -0.476 ; listen:listen|count[0] ; listen:listen|data[3]  ; master:master|scl ; master:master|scl ; 1.000        ; -0.034     ; 1.429      ;
; -0.473 ; master:master|sda_en   ; listen:listen|data[16] ; clk               ; master:master|scl ; 1.000        ; 0.294      ; 1.744      ;
; -0.470 ; listen:listen|count[5] ; listen:listen|data[20] ; master:master|scl ; master:master|scl ; 1.000        ; -0.033     ; 1.424      ;
; -0.467 ; listen:listen|count[3] ; listen:listen|data[12] ; master:master|scl ; master:master|scl ; 1.000        ; -0.035     ; 1.419      ;
; -0.463 ; listen:listen|count[6] ; listen:listen|data[20] ; master:master|scl ; master:master|scl ; 1.000        ; -0.033     ; 1.417      ;
; -0.458 ; listen:listen|count[6] ; listen:listen|data[12] ; master:master|scl ; master:master|scl ; 1.000        ; -0.035     ; 1.410      ;
; -0.455 ; listen:listen|count[0] ; listen:listen|data[21] ; master:master|scl ; master:master|scl ; 1.000        ; -0.034     ; 1.408      ;
; -0.455 ; listen:listen|count[6] ; listen:listen|data[13] ; master:master|scl ; master:master|scl ; 1.000        ; -0.035     ; 1.407      ;
; -0.451 ; master:master|sda_en   ; listen:listen|data[7]  ; clk               ; master:master|scl ; 1.000        ; 0.296      ; 1.724      ;
; -0.449 ; listen:listen|count[3] ; listen:listen|data[4]  ; master:master|scl ; master:master|scl ; 1.000        ; -0.034     ; 1.402      ;
; -0.449 ; listen:listen|count[3] ; listen:listen|data[6]  ; master:master|scl ; master:master|scl ; 1.000        ; -0.034     ; 1.402      ;
; -0.440 ; listen:listen|count[5] ; listen:listen|data[9]  ; master:master|scl ; master:master|scl ; 1.000        ; -0.034     ; 1.393      ;
; -0.440 ; listen:listen|count[3] ; listen:listen|data[3]  ; master:master|scl ; master:master|scl ; 1.000        ; -0.034     ; 1.393      ;
; -0.434 ; listen:listen|count[5] ; listen:listen|data[8]  ; master:master|scl ; master:master|scl ; 1.000        ; -0.032     ; 1.389      ;
; -0.429 ; listen:listen|count[5] ; listen:listen|data[19] ; master:master|scl ; master:master|scl ; 1.000        ; -0.034     ; 1.382      ;
; -0.422 ; listen:listen|count[1] ; listen:listen|data[19] ; master:master|scl ; master:master|scl ; 1.000        ; -0.034     ; 1.375      ;
; -0.422 ; listen:listen|count[6] ; listen:listen|data[19] ; master:master|scl ; master:master|scl ; 1.000        ; -0.034     ; 1.375      ;
; -0.411 ; listen:listen|count[0] ; listen:listen|count[5] ; master:master|scl ; master:master|scl ; 1.000        ; -0.036     ; 1.362      ;
; -0.411 ; listen:listen|count[0] ; listen:listen|count[6] ; master:master|scl ; master:master|scl ; 1.000        ; -0.036     ; 1.362      ;
; -0.411 ; listen:listen|count[0] ; listen:listen|count[0] ; master:master|scl ; master:master|scl ; 1.000        ; -0.036     ; 1.362      ;
; -0.411 ; listen:listen|count[0] ; listen:listen|count[1] ; master:master|scl ; master:master|scl ; 1.000        ; -0.036     ; 1.362      ;
; -0.411 ; listen:listen|count[0] ; listen:listen|count[2] ; master:master|scl ; master:master|scl ; 1.000        ; -0.036     ; 1.362      ;
; -0.411 ; listen:listen|count[0] ; listen:listen|count[3] ; master:master|scl ; master:master|scl ; 1.000        ; -0.036     ; 1.362      ;
; -0.411 ; listen:listen|count[0] ; listen:listen|count[4] ; master:master|scl ; master:master|scl ; 1.000        ; -0.036     ; 1.362      ;
; -0.409 ; listen:listen|count[3] ; listen:listen|data[20] ; master:master|scl ; master:master|scl ; 1.000        ; -0.033     ; 1.363      ;
; -0.407 ; listen:listen|count[0] ; listen:listen|data[19] ; master:master|scl ; master:master|scl ; 1.000        ; -0.034     ; 1.360      ;
; -0.397 ; listen:listen|count[5] ; listen:listen|data[13] ; master:master|scl ; master:master|scl ; 1.000        ; -0.035     ; 1.349      ;
; -0.396 ; listen:listen|count[4] ; listen:listen|data[13] ; master:master|scl ; master:master|scl ; 1.000        ; -0.035     ; 1.348      ;
; -0.392 ; listen:listen|data[9]  ; listen:listen|data[9]  ; master:master|scl ; master:master|scl ; 1.000        ; -0.036     ; 1.343      ;
; -0.390 ; listen:listen|count[4] ; listen:listen|data[9]  ; master:master|scl ; master:master|scl ; 1.000        ; -0.034     ; 1.343      ;
; -0.386 ; listen:listen|count[5] ; listen:listen|data[21] ; master:master|scl ; master:master|scl ; 1.000        ; -0.034     ; 1.339      ;
; -0.383 ; listen:listen|count[1] ; listen:listen|data[8]  ; master:master|scl ; master:master|scl ; 1.000        ; -0.032     ; 1.338      ;
; -0.379 ; listen:listen|count[6] ; listen:listen|data[21] ; master:master|scl ; master:master|scl ; 1.000        ; -0.034     ; 1.332      ;
; -0.375 ; master:master|sda_en   ; listen:listen|data[6]  ; clk               ; master:master|scl ; 1.000        ; 0.296      ; 1.648      ;
; -0.375 ; master:master|sda_en   ; listen:listen|data[4]  ; clk               ; master:master|scl ; 1.000        ; 0.296      ; 1.648      ;
; -0.374 ; listen:listen|count[5] ; listen:listen|data[12] ; master:master|scl ; master:master|scl ; 1.000        ; -0.035     ; 1.326      ;
; -0.370 ; listen:listen|count[1] ; listen:listen|data[20] ; master:master|scl ; master:master|scl ; 1.000        ; -0.033     ; 1.324      ;
; -0.369 ; listen:listen|count[5] ; listen:listen|data[23] ; master:master|scl ; master:master|scl ; 1.000        ; -0.038     ; 1.318      ;
; -0.368 ; listen:listen|count[1] ; listen:listen|data[12] ; master:master|scl ; master:master|scl ; 1.000        ; -0.035     ; 1.320      ;
; -0.368 ; listen:listen|count[3] ; listen:listen|data[19] ; master:master|scl ; master:master|scl ; 1.000        ; -0.034     ; 1.321      ;
; -0.367 ; listen:listen|count[5] ; listen:listen|data[18] ; master:master|scl ; master:master|scl ; 1.000        ; -0.038     ; 1.316      ;
; -0.366 ; master:master|sda_en   ; listen:listen|data[3]  ; clk               ; master:master|scl ; 1.000        ; 0.296      ; 1.639      ;
; -0.362 ; listen:listen|count[4] ; listen:listen|data[20] ; master:master|scl ; master:master|scl ; 1.000        ; -0.033     ; 1.316      ;
; -0.362 ; listen:listen|count[6] ; listen:listen|data[23] ; master:master|scl ; master:master|scl ; 1.000        ; -0.038     ; 1.311      ;
; -0.360 ; master:master|sda_en   ; listen:listen|data[9]  ; clk               ; master:master|scl ; 1.000        ; 0.296      ; 1.633      ;
; -0.360 ; listen:listen|count[6] ; listen:listen|data[18] ; master:master|scl ; master:master|scl ; 1.000        ; -0.038     ; 1.309      ;
; -0.356 ; listen:listen|count[3] ; listen:listen|data[25] ; master:master|scl ; master:master|scl ; 1.000        ; -0.037     ; 1.306      ;
; -0.354 ; master:master|sda_en   ; listen:listen|data[8]  ; clk               ; master:master|scl ; 1.000        ; 0.298      ; 1.629      ;
; -0.346 ; listen:listen|count[0] ; listen:listen|data[25] ; master:master|scl ; master:master|scl ; 1.000        ; -0.037     ; 1.296      ;
; -0.340 ; listen:listen|count[4] ; listen:listen|data[7]  ; master:master|scl ; master:master|scl ; 1.000        ; -0.034     ; 1.293      ;
; -0.340 ; listen:listen|count[3] ; listen:listen|data[11] ; master:master|scl ; master:master|scl ; 1.000        ; -0.034     ; 1.293      ;
; -0.339 ; listen:listen|count[4] ; listen:listen|data[8]  ; master:master|scl ; master:master|scl ; 1.000        ; -0.032     ; 1.294      ;
; -0.336 ; listen:listen|count[5] ; listen:listen|data[22] ; master:master|scl ; master:master|scl ; 1.000        ; -0.037     ; 1.286      ;
; -0.335 ; master:master|sda_en   ; listen:listen|data[20] ; clk               ; master:master|scl ; 1.000        ; 0.297      ; 1.609      ;
; -0.329 ; listen:listen|count[1] ; listen:listen|data[9]  ; master:master|scl ; master:master|scl ; 1.000        ; -0.034     ; 1.282      ;
; -0.329 ; listen:listen|count[6] ; listen:listen|data[22] ; master:master|scl ; master:master|scl ; 1.000        ; -0.037     ; 1.279      ;
; -0.327 ; listen:listen|count[4] ; listen:listen|data[12] ; master:master|scl ; master:master|scl ; 1.000        ; -0.035     ; 1.279      ;
; -0.325 ; listen:listen|count[3] ; listen:listen|data[21] ; master:master|scl ; master:master|scl ; 1.000        ; -0.034     ; 1.278      ;
; -0.325 ; listen:listen|count[6] ; listen:listen|data[25] ; master:master|scl ; master:master|scl ; 1.000        ; -0.037     ; 1.275      ;
; -0.317 ; master:master|sda_en   ; listen:listen|data[13] ; clk               ; master:master|scl ; 1.000        ; 0.295      ; 1.589      ;
; -0.317 ; listen:listen|count[0] ; listen:listen|data[5]  ; master:master|scl ; master:master|scl ; 1.000        ; -0.037     ; 1.267      ;
; -0.312 ; listen:listen|count[3] ; listen:listen|data[15] ; master:master|scl ; master:master|scl ; 1.000        ; -0.038     ; 1.261      ;
; -0.312 ; listen:listen|count[3] ; listen:listen|data[14] ; master:master|scl ; master:master|scl ; 1.000        ; -0.038     ; 1.261      ;
; -0.311 ; listen:listen|count[3] ; listen:listen|data[10] ; master:master|scl ; master:master|scl ; 1.000        ; -0.038     ; 1.260      ;
; -0.311 ; listen:listen|count[5] ; listen:listen|data[5]  ; master:master|scl ; master:master|scl ; 1.000        ; -0.037     ; 1.261      ;
; -0.308 ; listen:listen|count[3] ; listen:listen|data[23] ; master:master|scl ; master:master|scl ; 1.000        ; -0.038     ; 1.257      ;
; -0.306 ; listen:listen|count[3] ; listen:listen|data[18] ; master:master|scl ; master:master|scl ; 1.000        ; -0.038     ; 1.255      ;
; -0.304 ; listen:listen|count[0] ; listen:listen|data[12] ; master:master|scl ; master:master|scl ; 1.000        ; -0.035     ; 1.256      ;
; -0.303 ; listen:listen|count[2] ; listen:listen|data[11] ; master:master|scl ; master:master|scl ; 1.000        ; -0.034     ; 1.256      ;
; -0.303 ; listen:listen|count[2] ; listen:listen|data[3]  ; master:master|scl ; master:master|scl ; 1.000        ; -0.034     ; 1.256      ;
; -0.301 ; listen:listen|count[3] ; listen:listen|count[5] ; master:master|scl ; master:master|scl ; 1.000        ; -0.036     ; 1.252      ;
; -0.301 ; listen:listen|count[3] ; listen:listen|count[6] ; master:master|scl ; master:master|scl ; 1.000        ; -0.036     ; 1.252      ;
+--------+------------------------+------------------------+-------------------+-------------------+--------------+------------+------------+


+-----------------------------------------------------------------------------------------------------------------------------------------------+
; Fast 1200mV 0C Model Setup: 'beg_com:beg_com|beg'                                                                                             ;
+--------+------------------------+--------------------------+-------------------+---------------------+--------------+------------+------------+
; Slack  ; From Node              ; To Node                  ; Launch Clock      ; Latch Clock         ; Relationship ; Clock Skew ; Data Delay ;
+--------+------------------------+--------------------------+-------------------+---------------------+--------------+------------+------------+
; -0.318 ; listen:listen|data[11] ; listen:listen|Minutes[0] ; master:master|scl ; beg_com:beg_com|beg ; 0.500        ; -0.089     ; 0.716      ;
; -0.298 ; listen:listen|data[4]  ; listen:listen|Seconds[1] ; master:master|scl ; beg_com:beg_com|beg ; 0.500        ; -0.086     ; 0.699      ;
; -0.295 ; listen:listen|data[7]  ; listen:listen|Seconds[4] ; master:master|scl ; beg_com:beg_com|beg ; 0.500        ; -0.086     ; 0.696      ;
; -0.291 ; listen:listen|data[15] ; listen:listen|Minutes[4] ; master:master|scl ; beg_com:beg_com|beg ; 0.500        ; -0.085     ; 0.693      ;
; -0.287 ; listen:listen|data[14] ; listen:listen|Minutes[3] ; master:master|scl ; beg_com:beg_com|beg ; 0.500        ; -0.085     ; 0.689      ;
; -0.252 ; listen:listen|data[6]  ; listen:listen|Seconds[3] ; master:master|scl ; beg_com:beg_com|beg ; 0.500        ; -0.086     ; 0.653      ;
; -0.246 ; listen:listen|data[5]  ; listen:listen|Seconds[2] ; master:master|scl ; beg_com:beg_com|beg ; 0.500        ; -0.083     ; 0.650      ;
; -0.149 ; listen:listen|data[13] ; listen:listen|Minutes[2] ; master:master|scl ; beg_com:beg_com|beg ; 0.500        ; -0.088     ; 0.548      ;
; -0.148 ; listen:listen|data[8]  ; listen:listen|Seconds[5] ; master:master|scl ; beg_com:beg_com|beg ; 0.500        ; -0.088     ; 0.547      ;
; -0.141 ; listen:listen|data[3]  ; listen:listen|Seconds[0] ; master:master|scl ; beg_com:beg_com|beg ; 0.500        ; -0.086     ; 0.542      ;
; -0.133 ; listen:listen|data[12] ; listen:listen|Minutes[1] ; master:master|scl ; beg_com:beg_com|beg ; 0.500        ; -0.088     ; 0.532      ;
; -0.127 ; listen:listen|data[16] ; listen:listen|Minutes[5] ; master:master|scl ; beg_com:beg_com|beg ; 0.500        ; -0.087     ; 0.527      ;
; -0.076 ; listen:listen|data[20] ; listen:listen|Hours[6]   ; master:master|scl ; beg_com:beg_com|beg ; 0.500        ; -0.088     ; 0.475      ;
; -0.067 ; listen:listen|data[9]  ; listen:listen|Seconds[6] ; master:master|scl ; beg_com:beg_com|beg ; 0.500        ; -0.086     ; 0.468      ;
; -0.066 ; listen:listen|data[24] ; listen:listen|Hours[2]   ; master:master|scl ; beg_com:beg_com|beg ; 0.500        ; -0.086     ; 0.467      ;
; -0.060 ; listen:listen|data[21] ; listen:listen|Hours[5]   ; master:master|scl ; beg_com:beg_com|beg ; 0.500        ; -0.087     ; 0.460      ;
; -0.052 ; listen:listen|data[18] ; listen:listen|Minutes[7] ; master:master|scl ; beg_com:beg_com|beg ; 0.500        ; -0.086     ; 0.453      ;
; -0.049 ; listen:listen|data[17] ; listen:listen|Minutes[6] ; master:master|scl ; beg_com:beg_com|beg ; 0.500        ; -0.086     ; 0.450      ;
; 0.013  ; listen:listen|data[19] ; listen:listen|Hours[7]   ; master:master|scl ; beg_com:beg_com|beg ; 0.500        ; -0.087     ; 0.387      ;
; 0.014  ; listen:listen|data[26] ; listen:listen|Hours[0]   ; master:master|scl ; beg_com:beg_com|beg ; 0.500        ; -0.087     ; 0.386      ;
; 0.015  ; listen:listen|data[25] ; listen:listen|Hours[1]   ; master:master|scl ; beg_com:beg_com|beg ; 0.500        ; -0.086     ; 0.386      ;
; 0.016  ; listen:listen|data[10] ; listen:listen|Seconds[7] ; master:master|scl ; beg_com:beg_com|beg ; 0.500        ; -0.086     ; 0.385      ;
; 0.017  ; listen:listen|data[23] ; listen:listen|Hours[3]   ; master:master|scl ; beg_com:beg_com|beg ; 0.500        ; -0.086     ; 0.384      ;
; 0.017  ; listen:listen|data[22] ; listen:listen|Hours[4]   ; master:master|scl ; beg_com:beg_com|beg ; 0.500        ; -0.086     ; 0.384      ;
+--------+------------------------+--------------------------+-------------------+---------------------+--------------+------------+------------+


+----------------------------------------------------------------------------------------------------------------------------------------------------------------------------------+
; Fast 1200mV 0C Model Hold: 'clk'                                                                                                                                                 ;
+-------+----------------------------------------+----------------------------------------+---------------------------------+-------------+--------------+------------+------------+
; Slack ; From Node                              ; To Node                                ; Launch Clock                    ; Latch Clock ; Relationship ; Clock Skew ; Data Delay ;
+-------+----------------------------------------+----------------------------------------+---------------------------------+-------------+--------------+------------+------------+
; 0.179 ; alarm_led:alarm_led|buzzer_minute      ; alarm_led:alarm_led|buzzer_minute      ; clk                             ; clk         ; 0.000        ; 0.044      ; 0.307      ;
; 0.180 ; alarm_led:alarm_led|led_index[2]       ; alarm_led:alarm_led|led_index[2]       ; clk                             ; clk         ; 0.000        ; 0.043      ; 0.307      ;
; 0.187 ; alarm_led:alarm_led|led_index[0]       ; alarm_led:alarm_led|led_index[0]       ; clk                             ; clk         ; 0.000        ; 0.043      ; 0.314      ;
; 0.187 ; master:master|listen_count[2]          ; master:master|listen_count[2]          ; clk                             ; clk         ; 0.000        ; 0.036      ; 0.307      ;
; 0.187 ; master:master|listen_count[1]          ; master:master|listen_count[1]          ; clk                             ; clk         ; 0.000        ; 0.036      ; 0.307      ;
; 0.187 ; master:master|listen_count[0]          ; master:master|listen_count[0]          ; clk                             ; clk         ; 0.000        ; 0.036      ; 0.307      ;
; 0.187 ; master:master|listen_count[3]          ; master:master|listen_count[3]          ; clk                             ; clk         ; 0.000        ; 0.036      ; 0.307      ;
; 0.187 ; master:master|state.Send_Add           ; master:master|state.Send_Add           ; clk                             ; clk         ; 0.000        ; 0.036      ; 0.307      ;
; 0.187 ; master:master|state.Stretch            ; master:master|state.Stretch            ; clk                             ; clk         ; 0.000        ; 0.036      ; 0.307      ;
; 0.187 ; master:master|st_prev.Send_Add         ; master:master|st_prev.Send_Add         ; clk                             ; clk         ; 0.000        ; 0.036      ; 0.307      ;
; 0.187 ; master:master|st_prev.Restart          ; master:master|st_prev.Restart          ; clk                             ; clk         ; 0.000        ; 0.036      ; 0.307      ;
; 0.187 ; master:master|st_prev.Send_Reg         ; master:master|st_prev.Send_Reg         ; clk                             ; clk         ; 0.000        ; 0.036      ; 0.307      ;
; 0.187 ; master:master|state.Default            ; master:master|state.Default            ; clk                             ; clk         ; 0.000        ; 0.036      ; 0.307      ;
; 0.187 ; master:master|state.Listen             ; master:master|state.Listen             ; clk                             ; clk         ; 0.000        ; 0.036      ; 0.307      ;
; 0.205 ; beg_com:beg_com|count[25]              ; beg_com:beg_com|count[25]              ; clk                             ; clk         ; 0.000        ; 0.036      ; 0.325      ;
; 0.237 ; alarm_led:alarm_led|led_index[2]       ; alarm_led:alarm_led|led_index[0]       ; clk                             ; clk         ; 0.000        ; 0.043      ; 0.364      ;
; 0.291 ; beg_com:beg_com|count[1]               ; beg_com:beg_com|count[1]               ; clk                             ; clk         ; 0.000        ; 0.044      ; 0.419      ;
; 0.292 ; lcddin_mod:lcd_display|clk_16ms        ; lcddin_mod:lcd_display|clk_16ms        ; lcddin_mod:lcd_display|clk_16ms ; clk         ; 0.000        ; 1.183      ; 1.694      ;
; 0.296 ; lcddin_mod:lcd_display|clk_counter[1]  ; lcddin_mod:lcd_display|clk_counter[1]  ; clk                             ; clk         ; 0.000        ; 0.045      ; 0.425      ;
; 0.298 ; beg_com:beg_com|count[3]               ; beg_com:beg_com|count[3]               ; clk                             ; clk         ; 0.000        ; 0.036      ; 0.418      ;
; 0.298 ; beg_com:beg_com|count[2]               ; beg_com:beg_com|count[2]               ; clk                             ; clk         ; 0.000        ; 0.036      ; 0.418      ;
; 0.299 ; beg_com:beg_com|count[4]               ; beg_com:beg_com|count[4]               ; clk                             ; clk         ; 0.000        ; 0.036      ; 0.419      ;
; 0.302 ; master:master|scl                      ; master:master|scl                      ; master:master|scl               ; clk         ; 0.000        ; 1.168      ; 1.689      ;
; 0.303 ; lcddin_mod:lcd_display|clk_counter[3]  ; lcddin_mod:lcd_display|clk_counter[3]  ; clk                             ; clk         ; 0.000        ; 0.037      ; 0.424      ;
; 0.303 ; master:master|counter[5]               ; master:master|counter[5]               ; clk                             ; clk         ; 0.000        ; 0.037      ; 0.424      ;
; 0.304 ; lcddin_mod:lcd_display|clk_counter[11] ; lcddin_mod:lcd_display|clk_counter[11] ; clk                             ; clk         ; 0.000        ; 0.037      ; 0.425      ;
; 0.304 ; master:master|counter[1]               ; master:master|counter[1]               ; clk                             ; clk         ; 0.000        ; 0.037      ; 0.425      ;
; 0.304 ; master:master|counter[2]               ; master:master|counter[2]               ; clk                             ; clk         ; 0.000        ; 0.037      ; 0.425      ;
; 0.304 ; master:master|counter[4]               ; master:master|counter[4]               ; clk                             ; clk         ; 0.000        ; 0.037      ; 0.425      ;
; 0.305 ; lcddin_mod:lcd_display|clk_counter[9]  ; lcddin_mod:lcd_display|clk_counter[9]  ; clk                             ; clk         ; 0.000        ; 0.037      ; 0.426      ;
; 0.305 ; lcddin_mod:lcd_display|clk_counter[7]  ; lcddin_mod:lcd_display|clk_counter[7]  ; clk                             ; clk         ; 0.000        ; 0.037      ; 0.426      ;
; 0.305 ; lcddin_mod:lcd_display|clk_counter[6]  ; lcddin_mod:lcd_display|clk_counter[6]  ; clk                             ; clk         ; 0.000        ; 0.037      ; 0.426      ;
; 0.305 ; lcddin_mod:lcd_display|clk_counter[2]  ; lcddin_mod:lcd_display|clk_counter[2]  ; clk                             ; clk         ; 0.000        ; 0.037      ; 0.426      ;
; 0.305 ; master:master|counter[3]               ; master:master|counter[3]               ; clk                             ; clk         ; 0.000        ; 0.037      ; 0.426      ;
; 0.305 ; beg_com:beg_com|count[15]              ; beg_com:beg_com|count[15]              ; clk                             ; clk         ; 0.000        ; 0.036      ; 0.425      ;
; 0.305 ; beg_com:beg_com|count[10]              ; beg_com:beg_com|count[10]              ; clk                             ; clk         ; 0.000        ; 0.036      ; 0.425      ;
; 0.305 ; beg_com:beg_com|count[5]               ; beg_com:beg_com|count[5]               ; clk                             ; clk         ; 0.000        ; 0.036      ; 0.425      ;
; 0.306 ; beg_com:beg_com|count[23]              ; beg_com:beg_com|count[23]              ; clk                             ; clk         ; 0.000        ; 0.036      ; 0.426      ;
; 0.306 ; beg_com:beg_com|count[17]              ; beg_com:beg_com|count[17]              ; clk                             ; clk         ; 0.000        ; 0.036      ; 0.426      ;
; 0.306 ; beg_com:beg_com|count[9]               ; beg_com:beg_com|count[9]               ; clk                             ; clk         ; 0.000        ; 0.036      ; 0.426      ;
; 0.306 ; beg_com:beg_com|count[8]               ; beg_com:beg_com|count[8]               ; clk                             ; clk         ; 0.000        ; 0.036      ; 0.426      ;
; 0.306 ; beg_com:beg_com|count[7]               ; beg_com:beg_com|count[7]               ; clk                             ; clk         ; 0.000        ; 0.036      ; 0.426      ;
; 0.307 ; lcddin_mod:lcd_display|clk_counter[0]  ; lcddin_mod:lcd_display|clk_counter[0]  ; clk                             ; clk         ; 0.000        ; 0.045      ; 0.436      ;
; 0.316 ; master:master|counter[0]               ; master:master|counter[0]               ; clk                             ; clk         ; 0.000        ; 0.037      ; 0.437      ;
; 0.317 ; master:master|state.Send_Reg           ; master:master|st_prev.Send_Reg         ; clk                             ; clk         ; 0.000        ; 0.036      ; 0.437      ;
; 0.317 ; master:master|counter[6]               ; master:master|counter[6]               ; clk                             ; clk         ; 0.000        ; 0.037      ; 0.438      ;
; 0.321 ; master:master|listen_count[2]          ; master:master|listen_count[3]          ; clk                             ; clk         ; 0.000        ; 0.036      ; 0.441      ;
; 0.330 ; alarm_led:alarm_led|led_index[1]       ; alarm_led:alarm_led|led_index[2]       ; clk                             ; clk         ; 0.000        ; 0.043      ; 0.457      ;
; 0.333 ; master:master|state.Send_Reg           ; master:master|st_prev.Default          ; clk                             ; clk         ; 0.000        ; 0.036      ; 0.453      ;
; 0.334 ; master:master|listen_count[0]          ; master:master|listen_count[1]          ; clk                             ; clk         ; 0.000        ; 0.036      ; 0.454      ;
; 0.337 ; alarm_led:alarm_led|led_index[0]       ; alarm_led:alarm_led|led_index[2]       ; clk                             ; clk         ; 0.000        ; 0.043      ; 0.464      ;
; 0.353 ; alarm_led:alarm_led|led_index[1]       ; alarm_led:alarm_led|led_index[0]       ; clk                             ; clk         ; 0.000        ; 0.043      ; 0.480      ;
; 0.355 ; master:master|listen_count[3]          ; master:master|listen_count[0]          ; clk                             ; clk         ; 0.000        ; 0.036      ; 0.475      ;
; 0.356 ; master:master|listen_count[3]          ; master:master|listen_count[2]          ; clk                             ; clk         ; 0.000        ; 0.036      ; 0.476      ;
; 0.360 ; alarm_led:alarm_led|led_index[2]       ; alarm_led:alarm_led|leds[6]            ; clk                             ; clk         ; 0.000        ; 0.075      ; 0.519      ;
; 0.361 ; master:master|listen_count[3]          ; master:master|listen_count[1]          ; clk                             ; clk         ; 0.000        ; 0.036      ; 0.481      ;
; 0.362 ; alarm_led:alarm_led|led_index[1]       ; alarm_led:alarm_led|leds[6]            ; clk                             ; clk         ; 0.000        ; 0.075      ; 0.521      ;
; 0.364 ; beg_com:beg_com|beg                    ; master:master|sda_out                  ; beg_com:beg_com|beg             ; clk         ; 0.000        ; 1.171      ; 1.754      ;
; 0.385 ; beg_com:beg_com|beg                    ; beg_com:beg_com|beg                    ; beg_com:beg_com|beg             ; clk         ; 0.000        ; 1.171      ; 1.775      ;
; 0.412 ; beg_com:beg_com|beg                    ; master:master|counter[6]               ; beg_com:beg_com|beg             ; clk         ; 0.000        ; 1.173      ; 1.804      ;
; 0.412 ; beg_com:beg_com|beg                    ; master:master|counter[0]               ; beg_com:beg_com|beg             ; clk         ; 0.000        ; 1.173      ; 1.804      ;
; 0.412 ; beg_com:beg_com|beg                    ; master:master|counter[1]               ; beg_com:beg_com|beg             ; clk         ; 0.000        ; 1.173      ; 1.804      ;
; 0.412 ; beg_com:beg_com|beg                    ; master:master|counter[2]               ; beg_com:beg_com|beg             ; clk         ; 0.000        ; 1.173      ; 1.804      ;
; 0.412 ; beg_com:beg_com|beg                    ; master:master|counter[3]               ; beg_com:beg_com|beg             ; clk         ; 0.000        ; 1.173      ; 1.804      ;
; 0.412 ; beg_com:beg_com|beg                    ; master:master|counter[4]               ; beg_com:beg_com|beg             ; clk         ; 0.000        ; 1.173      ; 1.804      ;
; 0.412 ; beg_com:beg_com|beg                    ; master:master|counter[5]               ; beg_com:beg_com|beg             ; clk         ; 0.000        ; 1.173      ; 1.804      ;
; 0.414 ; beg_com:beg_com|beg                    ; master:master|state.Stretch            ; beg_com:beg_com|beg             ; clk         ; 0.000        ; 1.168      ; 1.801      ;
; 0.416 ; beg_com:beg_com|beg                    ; master:master|state.Send_Add           ; beg_com:beg_com|beg             ; clk         ; 0.000        ; 1.168      ; 1.803      ;
; 0.443 ; beg_com:beg_com|beg                    ; master:master|scl                      ; beg_com:beg_com|beg             ; clk         ; 0.000        ; 1.168      ; 1.830      ;
; 0.447 ; beg_com:beg_com|count[3]               ; beg_com:beg_com|count[4]               ; clk                             ; clk         ; 0.000        ; 0.036      ; 0.567      ;
; 0.452 ; master:master|counter[5]               ; master:master|counter[6]               ; clk                             ; clk         ; 0.000        ; 0.037      ; 0.573      ;
; 0.453 ; master:master|counter[1]               ; master:master|counter[2]               ; clk                             ; clk         ; 0.000        ; 0.037      ; 0.574      ;
; 0.454 ; lcddin_mod:lcd_display|clk_counter[0]  ; lcddin_mod:lcd_display|clk_counter[1]  ; clk                             ; clk         ; 0.000        ; 0.045      ; 0.583      ;
; 0.454 ; master:master|counter[3]               ; master:master|counter[4]               ; clk                             ; clk         ; 0.000        ; 0.037      ; 0.575      ;
; 0.454 ; beg_com:beg_com|beg                    ; master:master|state.Start              ; beg_com:beg_com|beg             ; clk         ; 0.000        ; 1.171      ; 1.844      ;
; 0.455 ; beg_com:beg_com|count[9]               ; beg_com:beg_com|count[10]              ; clk                             ; clk         ; 0.000        ; 0.036      ; 0.575      ;
; 0.455 ; beg_com:beg_com|count[7]               ; beg_com:beg_com|count[8]               ; clk                             ; clk         ; 0.000        ; 0.036      ; 0.575      ;
; 0.456 ; lcddin_mod:lcd_display|clk_counter[12] ; lcddin_mod:lcd_display|clk_counter[12] ; clk                             ; clk         ; 0.000        ; 0.037      ; 0.577      ;
; 0.456 ; beg_com:beg_com|count[0]               ; beg_com:beg_com|count[1]               ; clk                             ; clk         ; 0.000        ; 0.044      ; 0.584      ;
; 0.456 ; beg_com:beg_com|count[2]               ; beg_com:beg_com|count[3]               ; clk                             ; clk         ; 0.000        ; 0.036      ; 0.576      ;
; 0.457 ; beg_com:beg_com|count[4]               ; beg_com:beg_com|count[5]               ; clk                             ; clk         ; 0.000        ; 0.036      ; 0.577      ;
; 0.458 ; beg_com:beg_com|count[21]              ; beg_com:beg_com|count[21]              ; clk                             ; clk         ; 0.000        ; 0.036      ; 0.578      ;
; 0.459 ; beg_com:beg_com|count[2]               ; beg_com:beg_com|count[4]               ; clk                             ; clk         ; 0.000        ; 0.036      ; 0.579      ;
; 0.461 ; beg_com:beg_com|count[6]               ; beg_com:beg_com|count[6]               ; clk                             ; clk         ; 0.000        ; 0.036      ; 0.581      ;
; 0.462 ; beg_com:beg_com|count[18]              ; beg_com:beg_com|count[18]              ; clk                             ; clk         ; 0.000        ; 0.036      ; 0.582      ;
; 0.462 ; master:master|counter[4]               ; master:master|counter[5]               ; clk                             ; clk         ; 0.000        ; 0.037      ; 0.583      ;
; 0.462 ; master:master|counter[2]               ; master:master|counter[3]               ; clk                             ; clk         ; 0.000        ; 0.037      ; 0.583      ;
; 0.463 ; lcddin_mod:lcd_display|clk_counter[2]  ; lcddin_mod:lcd_display|clk_counter[3]  ; clk                             ; clk         ; 0.000        ; 0.037      ; 0.584      ;
; 0.463 ; master:master|counter[0]               ; master:master|counter[1]               ; clk                             ; clk         ; 0.000        ; 0.037      ; 0.584      ;
; 0.463 ; lcddin_mod:lcd_display|clk_counter[6]  ; lcddin_mod:lcd_display|clk_counter[7]  ; clk                             ; clk         ; 0.000        ; 0.037      ; 0.584      ;
; 0.464 ; beg_com:beg_com|count[8]               ; beg_com:beg_com|count[9]               ; clk                             ; clk         ; 0.000        ; 0.036      ; 0.584      ;
; 0.465 ; master:master|counter[4]               ; master:master|counter[6]               ; clk                             ; clk         ; 0.000        ; 0.037      ; 0.586      ;
; 0.465 ; master:master|counter[2]               ; master:master|counter[4]               ; clk                             ; clk         ; 0.000        ; 0.037      ; 0.586      ;
; 0.466 ; beg_com:beg_com|count[6]               ; beg_com:beg_com|count[7]               ; clk                             ; clk         ; 0.000        ; 0.036      ; 0.586      ;
; 0.466 ; master:master|counter[0]               ; master:master|counter[2]               ; clk                             ; clk         ; 0.000        ; 0.037      ; 0.587      ;
; 0.467 ; alarm_led:alarm_led|led_index[0]       ; alarm_led:alarm_led|leds[1]            ; clk                             ; clk         ; 0.000        ; -0.139     ; 0.412      ;
; 0.467 ; alarm_led:alarm_led|led_index[0]       ; alarm_led:alarm_led|leds[0]            ; clk                             ; clk         ; 0.000        ; -0.139     ; 0.412      ;
; 0.467 ; beg_com:beg_com|count[8]               ; beg_com:beg_com|count[10]              ; clk                             ; clk         ; 0.000        ; 0.036      ; 0.587      ;
; 0.469 ; alarm_led:alarm_led|led_index[0]       ; alarm_led:alarm_led|leds[3]            ; clk                             ; clk         ; 0.000        ; -0.139     ; 0.414      ;
; 0.469 ; beg_com:beg_com|count[6]               ; beg_com:beg_com|count[8]               ; clk                             ; clk         ; 0.000        ; 0.036      ; 0.589      ;
+-------+----------------------------------------+----------------------------------------+---------------------------------+-------------+--------------+------------+------------+


+------------------------------------------------------------------------------------------------------------------------------------------------------------------------------------------------------------------------------+
; Fast 1200mV 0C Model Hold: 'lcddin_mod:lcd_display|clk_16ms'                                                                                                                                                                 ;
+-------+----------------------------------------------------+----------------------------------------------------+---------------------------------+---------------------------------+--------------+------------+------------+
; Slack ; From Node                                          ; To Node                                            ; Launch Clock                    ; Latch Clock                     ; Relationship ; Clock Skew ; Data Delay ;
+-------+----------------------------------------------------+----------------------------------------------------+---------------------------------+---------------------------------+--------------+------------+------------+
; 0.179 ; lcddin_mod:lcd_display|fsm_state.WR_STATIC_TEXT_1L ; lcddin_mod:lcd_display|fsm_state.WR_STATIC_TEXT_1L ; lcddin_mod:lcd_display|clk_16ms ; lcddin_mod:lcd_display|clk_16ms ; 0.000        ; 0.044      ; 0.307      ;
; 0.187 ; lcddin_mod:lcd_display|fsm_state.WR_STATIC_TEXT_2L ; lcddin_mod:lcd_display|fsm_state.WR_STATIC_TEXT_2L ; lcddin_mod:lcd_display|clk_16ms ; lcddin_mod:lcd_display|clk_16ms ; 0.000        ; 0.036      ; 0.307      ;
; 0.187 ; lcddin_mod:lcd_display|command_counter[2]          ; lcddin_mod:lcd_display|command_counter[2]          ; lcddin_mod:lcd_display|clk_16ms ; lcddin_mod:lcd_display|clk_16ms ; 0.000        ; 0.036      ; 0.307      ;
; 0.187 ; lcddin_mod:lcd_display|command_counter[1]          ; lcddin_mod:lcd_display|command_counter[1]          ; lcddin_mod:lcd_display|clk_16ms ; lcddin_mod:lcd_display|clk_16ms ; 0.000        ; 0.036      ; 0.307      ;
; 0.187 ; lcddin_mod:lcd_display|command_counter[0]          ; lcddin_mod:lcd_display|command_counter[0]          ; lcddin_mod:lcd_display|clk_16ms ; lcddin_mod:lcd_display|clk_16ms ; 0.000        ; 0.036      ; 0.307      ;
; 0.225 ; lcddin_mod:lcd_display|command_counter[0]          ; lcddin_mod:lcd_display|command_counter[1]          ; lcddin_mod:lcd_display|clk_16ms ; lcddin_mod:lcd_display|clk_16ms ; 0.000        ; 0.036      ; 0.345      ;
; 0.227 ; lcddin_mod:lcd_display|fsm_state.IDLE              ; lcddin_mod:lcd_display|fsm_state.CONFIG_CMD1       ; lcddin_mod:lcd_display|clk_16ms ; lcddin_mod:lcd_display|clk_16ms ; 0.000        ; 0.036      ; 0.347      ;
; 0.239 ; lcddin_mod:lcd_display|fsm_state.CONFIG_CMD1       ; lcddin_mod:lcd_display|command_counter[0]          ; lcddin_mod:lcd_display|clk_16ms ; lcddin_mod:lcd_display|clk_16ms ; 0.000        ; 0.036      ; 0.359      ;
; 0.258 ; lcddin_mod:lcd_display|text[12][3]                 ; lcddin_mod:lcd_display|data[3]                     ; clk                             ; lcddin_mod:lcd_display|clk_16ms ; 0.000        ; 0.477      ; 0.849      ;
; 0.276 ; lcddin_mod:lcd_display|data_counter[4]             ; lcddin_mod:lcd_display|data_counter[4]             ; lcddin_mod:lcd_display|clk_16ms ; lcddin_mod:lcd_display|clk_16ms ; 0.000        ; 0.036      ; 0.396      ;
; 0.305 ; lcddin_mod:lcd_display|text[10][2]                 ; lcddin_mod:lcd_display|data[2]                     ; clk                             ; lcddin_mod:lcd_display|clk_16ms ; 0.000        ; 0.477      ; 0.896      ;
; 0.318 ; lcddin_mod:lcd_display|fsm_state.WR_STATIC_TEXT_2L ; lcddin_mod:lcd_display|rs                          ; lcddin_mod:lcd_display|clk_16ms ; lcddin_mod:lcd_display|clk_16ms ; 0.000        ; 0.036      ; 0.438      ;
; 0.325 ; lcddin_mod:lcd_display|data_counter[3]             ; lcddin_mod:lcd_display|data_counter[3]             ; lcddin_mod:lcd_display|clk_16ms ; lcddin_mod:lcd_display|clk_16ms ; 0.000        ; 0.036      ; 0.445      ;
; 0.329 ; lcddin_mod:lcd_display|data_counter[2]             ; lcddin_mod:lcd_display|data_counter[2]             ; lcddin_mod:lcd_display|clk_16ms ; lcddin_mod:lcd_display|clk_16ms ; 0.000        ; 0.036      ; 0.449      ;
; 0.332 ; lcddin_mod:lcd_display|fsm_state.IDLE              ; lcddin_mod:lcd_display|command_counter[1]          ; lcddin_mod:lcd_display|clk_16ms ; lcddin_mod:lcd_display|clk_16ms ; 0.000        ; 0.036      ; 0.452      ;
; 0.334 ; lcddin_mod:lcd_display|text[13][3]                 ; lcddin_mod:lcd_display|data[3]                     ; clk                             ; lcddin_mod:lcd_display|clk_16ms ; 0.000        ; 0.477      ; 0.925      ;
; 0.334 ; lcddin_mod:lcd_display|fsm_state.IDLE              ; lcddin_mod:lcd_display|command_counter[2]          ; lcddin_mod:lcd_display|clk_16ms ; lcddin_mod:lcd_display|clk_16ms ; 0.000        ; 0.036      ; 0.454      ;
; 0.336 ; lcddin_mod:lcd_display|data_counter[1]             ; lcddin_mod:lcd_display|data_counter[1]             ; lcddin_mod:lcd_display|clk_16ms ; lcddin_mod:lcd_display|clk_16ms ; 0.000        ; 0.036      ; 0.456      ;
; 0.337 ; lcddin_mod:lcd_display|data_counter[0]             ; lcddin_mod:lcd_display|data_counter[0]             ; lcddin_mod:lcd_display|clk_16ms ; lcddin_mod:lcd_display|clk_16ms ; 0.000        ; 0.036      ; 0.457      ;
; 0.338 ; lcddin_mod:lcd_display|fsm_state.CONFIG_CMD1       ; lcddin_mod:lcd_display|command_counter[2]          ; lcddin_mod:lcd_display|clk_16ms ; lcddin_mod:lcd_display|clk_16ms ; 0.000        ; 0.036      ; 0.458      ;
; 0.342 ; lcddin_mod:lcd_display|text[10][3]                 ; lcddin_mod:lcd_display|data[3]                     ; clk                             ; lcddin_mod:lcd_display|clk_16ms ; 0.000        ; 0.477      ; 0.933      ;
; 0.342 ; lcddin_mod:lcd_display|fsm_state.WR_STATIC_TEXT_2L ; lcddin_mod:lcd_display|data[5]                     ; lcddin_mod:lcd_display|clk_16ms ; lcddin_mod:lcd_display|clk_16ms ; 0.000        ; 0.036      ; 0.462      ;
; 0.342 ; lcddin_mod:lcd_display|fsm_state.CONFIG_CMD1       ; lcddin_mod:lcd_display|command_counter[1]          ; lcddin_mod:lcd_display|clk_16ms ; lcddin_mod:lcd_display|clk_16ms ; 0.000        ; 0.036      ; 0.462      ;
; 0.343 ; lcddin_mod:lcd_display|data_counter[3]             ; lcddin_mod:lcd_display|data[6]                     ; lcddin_mod:lcd_display|clk_16ms ; lcddin_mod:lcd_display|clk_16ms ; 0.000        ; 0.036      ; 0.463      ;
; 0.345 ; lcddin_mod:lcd_display|data_counter[2]             ; lcddin_mod:lcd_display|data[6]                     ; lcddin_mod:lcd_display|clk_16ms ; lcddin_mod:lcd_display|clk_16ms ; 0.000        ; 0.036      ; 0.465      ;
; 0.346 ; lcddin_mod:lcd_display|fsm_state.IDLE              ; lcddin_mod:lcd_display|command_counter[0]          ; lcddin_mod:lcd_display|clk_16ms ; lcddin_mod:lcd_display|clk_16ms ; 0.000        ; 0.036      ; 0.466      ;
; 0.351 ; lcddin_mod:lcd_display|text[7][1]                  ; lcddin_mod:lcd_display|data[1]                     ; clk                             ; lcddin_mod:lcd_display|clk_16ms ; 0.000        ; 0.474      ; 0.939      ;
; 0.352 ; lcddin_mod:lcd_display|command_counter[2]          ; lcddin_mod:lcd_display|fsm_state.WR_STATIC_TEXT_1L ; lcddin_mod:lcd_display|clk_16ms ; lcddin_mod:lcd_display|clk_16ms ; 0.000        ; 0.237      ; 0.673      ;
; 0.358 ; lcddin_mod:lcd_display|text[7][3]                  ; lcddin_mod:lcd_display|data[3]                     ; clk                             ; lcddin_mod:lcd_display|clk_16ms ; 0.000        ; 0.477      ; 0.949      ;
; 0.359 ; lcddin_mod:lcd_display|text[7][0]                  ; lcddin_mod:lcd_display|data[0]                     ; clk                             ; lcddin_mod:lcd_display|clk_16ms ; 0.000        ; 0.474      ; 0.947      ;
; 0.368 ; lcddin_mod:lcd_display|text[6][3]                  ; lcddin_mod:lcd_display|data[3]                     ; clk                             ; lcddin_mod:lcd_display|clk_16ms ; 0.000        ; 0.477      ; 0.959      ;
; 0.379 ; lcddin_mod:lcd_display|text[9][2]                  ; lcddin_mod:lcd_display|data[2]                     ; clk                             ; lcddin_mod:lcd_display|clk_16ms ; 0.000        ; 0.477      ; 0.970      ;
; 0.386 ; lcddin_mod:lcd_display|text[12][0]                 ; lcddin_mod:lcd_display|data[0]                     ; clk                             ; lcddin_mod:lcd_display|clk_16ms ; 0.000        ; 0.474      ; 0.974      ;
; 0.388 ; lcddin_mod:lcd_display|text[13][2]                 ; lcddin_mod:lcd_display|data[2]                     ; clk                             ; lcddin_mod:lcd_display|clk_16ms ; 0.000        ; 0.477      ; 0.979      ;
; 0.390 ; lcddin_mod:lcd_display|command_counter[0]          ; lcddin_mod:lcd_display|command_counter[2]          ; lcddin_mod:lcd_display|clk_16ms ; lcddin_mod:lcd_display|clk_16ms ; 0.000        ; 0.036      ; 0.510      ;
; 0.394 ; lcddin_mod:lcd_display|text[13][1]                 ; lcddin_mod:lcd_display|data[1]                     ; clk                             ; lcddin_mod:lcd_display|clk_16ms ; 0.000        ; 0.474      ; 0.982      ;
; 0.415 ; lcddin_mod:lcd_display|text[9][3]                  ; lcddin_mod:lcd_display|data[3]                     ; clk                             ; lcddin_mod:lcd_display|clk_16ms ; 0.000        ; 0.477      ; 1.006      ;
; 0.419 ; lcddin_mod:lcd_display|text[12][2]                 ; lcddin_mod:lcd_display|data[2]                     ; clk                             ; lcddin_mod:lcd_display|clk_16ms ; 0.000        ; 0.477      ; 1.010      ;
; 0.438 ; lcddin_mod:lcd_display|command_counter[0]          ; lcddin_mod:lcd_display|fsm_state.CONFIG_CMD1       ; lcddin_mod:lcd_display|clk_16ms ; lcddin_mod:lcd_display|clk_16ms ; 0.000        ; 0.036      ; 0.558      ;
; 0.440 ; lcddin_mod:lcd_display|fsm_state.CONFIG_CMD2       ; lcddin_mod:lcd_display|data[7]                     ; lcddin_mod:lcd_display|clk_16ms ; lcddin_mod:lcd_display|clk_16ms ; 0.000        ; 0.038      ; 0.562      ;
; 0.449 ; lcddin_mod:lcd_display|text[7][2]                  ; lcddin_mod:lcd_display|data[2]                     ; clk                             ; lcddin_mod:lcd_display|clk_16ms ; 0.000        ; 0.476      ; 1.039      ;
; 0.457 ; lcddin_mod:lcd_display|text[6][2]                  ; lcddin_mod:lcd_display|data[2]                     ; clk                             ; lcddin_mod:lcd_display|clk_16ms ; 0.000        ; 0.476      ; 1.047      ;
; 0.463 ; lcddin_mod:lcd_display|fsm_state.WR_STATIC_TEXT_1L ; lcddin_mod:lcd_display|rs                          ; lcddin_mod:lcd_display|clk_16ms ; lcddin_mod:lcd_display|clk_16ms ; 0.000        ; -0.155     ; 0.392      ;
; 0.474 ; lcddin_mod:lcd_display|data_counter[3]             ; lcddin_mod:lcd_display|data_counter[4]             ; lcddin_mod:lcd_display|clk_16ms ; lcddin_mod:lcd_display|clk_16ms ; 0.000        ; 0.036      ; 0.594      ;
; 0.480 ; lcddin_mod:lcd_display|command_counter[1]          ; lcddin_mod:lcd_display|command_counter[2]          ; lcddin_mod:lcd_display|clk_16ms ; lcddin_mod:lcd_display|clk_16ms ; 0.000        ; 0.036      ; 0.600      ;
; 0.485 ; lcddin_mod:lcd_display|data_counter[1]             ; lcddin_mod:lcd_display|data_counter[2]             ; lcddin_mod:lcd_display|clk_16ms ; lcddin_mod:lcd_display|clk_16ms ; 0.000        ; 0.036      ; 0.605      ;
; 0.486 ; lcddin_mod:lcd_display|data_counter[0]             ; lcddin_mod:lcd_display|data_counter[1]             ; lcddin_mod:lcd_display|clk_16ms ; lcddin_mod:lcd_display|clk_16ms ; 0.000        ; 0.036      ; 0.606      ;
; 0.487 ; lcddin_mod:lcd_display|data_counter[2]             ; lcddin_mod:lcd_display|data_counter[3]             ; lcddin_mod:lcd_display|clk_16ms ; lcddin_mod:lcd_display|clk_16ms ; 0.000        ; 0.036      ; 0.607      ;
; 0.489 ; lcddin_mod:lcd_display|data_counter[0]             ; lcddin_mod:lcd_display|data_counter[2]             ; lcddin_mod:lcd_display|clk_16ms ; lcddin_mod:lcd_display|clk_16ms ; 0.000        ; 0.036      ; 0.609      ;
; 0.490 ; lcddin_mod:lcd_display|data_counter[2]             ; lcddin_mod:lcd_display|data_counter[4]             ; lcddin_mod:lcd_display|clk_16ms ; lcddin_mod:lcd_display|clk_16ms ; 0.000        ; 0.036      ; 0.610      ;
; 0.492 ; lcddin_mod:lcd_display|fsm_state.CONFIG_CMD1       ; lcddin_mod:lcd_display|data[3]                     ; lcddin_mod:lcd_display|clk_16ms ; lcddin_mod:lcd_display|clk_16ms ; 0.000        ; 0.032      ; 0.608      ;
; 0.495 ; lcddin_mod:lcd_display|fsm_state.CONFIG_CMD2       ; lcddin_mod:lcd_display|data[6]                     ; lcddin_mod:lcd_display|clk_16ms ; lcddin_mod:lcd_display|clk_16ms ; 0.000        ; 0.032      ; 0.611      ;
; 0.496 ; lcddin_mod:lcd_display|text[13][0]                 ; lcddin_mod:lcd_display|data[0]                     ; clk                             ; lcddin_mod:lcd_display|clk_16ms ; 0.000        ; 0.474      ; 1.084      ;
; 0.501 ; lcddin_mod:lcd_display|text[12][1]                 ; lcddin_mod:lcd_display|data[1]                     ; clk                             ; lcddin_mod:lcd_display|clk_16ms ; 0.000        ; 0.474      ; 1.089      ;
; 0.501 ; lcddin_mod:lcd_display|data_counter[3]             ; lcddin_mod:lcd_display|data[3]                     ; lcddin_mod:lcd_display|clk_16ms ; lcddin_mod:lcd_display|clk_16ms ; 0.000        ; 0.036      ; 0.621      ;
; 0.504 ; lcddin_mod:lcd_display|command_counter[2]          ; lcddin_mod:lcd_display|fsm_state.CONFIG_CMD1       ; lcddin_mod:lcd_display|clk_16ms ; lcddin_mod:lcd_display|clk_16ms ; 0.000        ; 0.036      ; 0.624      ;
; 0.510 ; lcddin_mod:lcd_display|text[6][1]                  ; lcddin_mod:lcd_display|data[1]                     ; clk                             ; lcddin_mod:lcd_display|clk_16ms ; 0.000        ; 0.474      ; 1.098      ;
; 0.529 ; lcddin_mod:lcd_display|data_counter[4]             ; lcddin_mod:lcd_display|fsm_state.CONFIG_CMD2       ; lcddin_mod:lcd_display|clk_16ms ; lcddin_mod:lcd_display|clk_16ms ; 0.000        ; 0.040      ; 0.653      ;
; 0.541 ; lcddin_mod:lcd_display|fsm_state.CONFIG_CMD2       ; lcddin_mod:lcd_display|fsm_state.WR_STATIC_TEXT_2L ; lcddin_mod:lcd_display|clk_16ms ; lcddin_mod:lcd_display|clk_16ms ; 0.000        ; 0.038      ; 0.663      ;
; 0.547 ; lcddin_mod:lcd_display|text[10][1]                 ; lcddin_mod:lcd_display|data[1]                     ; clk                             ; lcddin_mod:lcd_display|clk_16ms ; 0.000        ; 0.474      ; 1.135      ;
; 0.547 ; lcddin_mod:lcd_display|command_counter[0]          ; lcddin_mod:lcd_display|data[3]                     ; lcddin_mod:lcd_display|clk_16ms ; lcddin_mod:lcd_display|clk_16ms ; 0.000        ; 0.032      ; 0.663      ;
; 0.548 ; lcddin_mod:lcd_display|command_counter[1]          ; lcddin_mod:lcd_display|fsm_state.CONFIG_CMD1       ; lcddin_mod:lcd_display|clk_16ms ; lcddin_mod:lcd_display|clk_16ms ; 0.000        ; 0.036      ; 0.668      ;
; 0.548 ; lcddin_mod:lcd_display|data_counter[1]             ; lcddin_mod:lcd_display|data_counter[3]             ; lcddin_mod:lcd_display|clk_16ms ; lcddin_mod:lcd_display|clk_16ms ; 0.000        ; 0.036      ; 0.668      ;
; 0.551 ; lcddin_mod:lcd_display|data_counter[1]             ; lcddin_mod:lcd_display|data_counter[4]             ; lcddin_mod:lcd_display|clk_16ms ; lcddin_mod:lcd_display|clk_16ms ; 0.000        ; 0.036      ; 0.671      ;
; 0.552 ; lcddin_mod:lcd_display|data_counter[4]             ; lcddin_mod:lcd_display|fsm_state.IDLE              ; lcddin_mod:lcd_display|clk_16ms ; lcddin_mod:lcd_display|clk_16ms ; 0.000        ; 0.040      ; 0.676      ;
; 0.552 ; lcddin_mod:lcd_display|data_counter[0]             ; lcddin_mod:lcd_display|data_counter[3]             ; lcddin_mod:lcd_display|clk_16ms ; lcddin_mod:lcd_display|clk_16ms ; 0.000        ; 0.036      ; 0.672      ;
; 0.555 ; lcddin_mod:lcd_display|data_counter[0]             ; lcddin_mod:lcd_display|data_counter[4]             ; lcddin_mod:lcd_display|clk_16ms ; lcddin_mod:lcd_display|clk_16ms ; 0.000        ; 0.036      ; 0.675      ;
; 0.557 ; lcddin_mod:lcd_display|fsm_state.CONFIG_CMD1       ; lcddin_mod:lcd_display|fsm_state.CONFIG_CMD1       ; lcddin_mod:lcd_display|clk_16ms ; lcddin_mod:lcd_display|clk_16ms ; 0.000        ; 0.036      ; 0.677      ;
; 0.559 ; lcddin_mod:lcd_display|command_counter[0]          ; lcddin_mod:lcd_display|fsm_state.WR_STATIC_TEXT_1L ; lcddin_mod:lcd_display|clk_16ms ; lcddin_mod:lcd_display|clk_16ms ; 0.000        ; 0.237      ; 0.880      ;
; 0.566 ; lcddin_mod:lcd_display|data_counter[3]             ; lcddin_mod:lcd_display|data[2]                     ; lcddin_mod:lcd_display|clk_16ms ; lcddin_mod:lcd_display|clk_16ms ; 0.000        ; 0.036      ; 0.686      ;
; 0.569 ; lcddin_mod:lcd_display|fsm_state.WR_STATIC_TEXT_2L ; lcddin_mod:lcd_display|data[4]                     ; lcddin_mod:lcd_display|clk_16ms ; lcddin_mod:lcd_display|clk_16ms ; 0.000        ; 0.036      ; 0.689      ;
; 0.577 ; lcddin_mod:lcd_display|fsm_state.WR_STATIC_TEXT_2L ; lcddin_mod:lcd_display|fsm_state.IDLE              ; lcddin_mod:lcd_display|clk_16ms ; lcddin_mod:lcd_display|clk_16ms ; 0.000        ; 0.034      ; 0.695      ;
; 0.595 ; lcddin_mod:lcd_display|data_counter[2]             ; lcddin_mod:lcd_display|data[3]                     ; lcddin_mod:lcd_display|clk_16ms ; lcddin_mod:lcd_display|clk_16ms ; 0.000        ; 0.036      ; 0.715      ;
; 0.607 ; lcddin_mod:lcd_display|data_counter[4]             ; lcddin_mod:lcd_display|data[2]                     ; lcddin_mod:lcd_display|clk_16ms ; lcddin_mod:lcd_display|clk_16ms ; 0.000        ; 0.036      ; 0.727      ;
; 0.609 ; lcddin_mod:lcd_display|data_counter[4]             ; lcddin_mod:lcd_display|data[6]                     ; lcddin_mod:lcd_display|clk_16ms ; lcddin_mod:lcd_display|clk_16ms ; 0.000        ; 0.036      ; 0.729      ;
; 0.619 ; lcddin_mod:lcd_display|text[6][0]                  ; lcddin_mod:lcd_display|data[0]                     ; clk                             ; lcddin_mod:lcd_display|clk_16ms ; 0.000        ; 0.474      ; 1.207      ;
; 0.634 ; lcddin_mod:lcd_display|fsm_state.WR_STATIC_TEXT_1L ; lcddin_mod:lcd_display|fsm_state.CONFIG_CMD2       ; lcddin_mod:lcd_display|clk_16ms ; lcddin_mod:lcd_display|clk_16ms ; 0.000        ; -0.157     ; 0.561      ;
; 0.652 ; lcddin_mod:lcd_display|data_counter[1]             ; lcddin_mod:lcd_display|data[3]                     ; lcddin_mod:lcd_display|clk_16ms ; lcddin_mod:lcd_display|clk_16ms ; 0.000        ; 0.036      ; 0.772      ;
; 0.654 ; lcddin_mod:lcd_display|data_counter[2]             ; lcddin_mod:lcd_display|data[2]                     ; lcddin_mod:lcd_display|clk_16ms ; lcddin_mod:lcd_display|clk_16ms ; 0.000        ; 0.036      ; 0.774      ;
; 0.657 ; lcddin_mod:lcd_display|fsm_state.CONFIG_CMD1       ; lcddin_mod:lcd_display|fsm_state.WR_STATIC_TEXT_1L ; lcddin_mod:lcd_display|clk_16ms ; lcddin_mod:lcd_display|clk_16ms ; 0.000        ; 0.237      ; 0.978      ;
; 0.660 ; lcddin_mod:lcd_display|fsm_state.CONFIG_CMD1       ; lcddin_mod:lcd_display|data[0]                     ; lcddin_mod:lcd_display|clk_16ms ; lcddin_mod:lcd_display|clk_16ms ; 0.000        ; 0.031      ; 0.775      ;
; 0.660 ; lcddin_mod:lcd_display|fsm_state.WR_STATIC_TEXT_1L ; lcddin_mod:lcd_display|data[5]                     ; lcddin_mod:lcd_display|clk_16ms ; lcddin_mod:lcd_display|clk_16ms ; 0.000        ; -0.155     ; 0.589      ;
; 0.693 ; lcddin_mod:lcd_display|data_counter[4]             ; lcddin_mod:lcd_display|fsm_state.WR_STATIC_TEXT_1L ; lcddin_mod:lcd_display|clk_16ms ; lcddin_mod:lcd_display|clk_16ms ; 0.000        ; 0.241      ; 1.018      ;
; 0.699 ; lcddin_mod:lcd_display|text[9][1]                  ; lcddin_mod:lcd_display|data[1]                     ; clk                             ; lcddin_mod:lcd_display|clk_16ms ; 0.000        ; 0.474      ; 1.287      ;
; 0.700 ; lcddin_mod:lcd_display|data_counter[3]             ; lcddin_mod:lcd_display|fsm_state.IDLE              ; lcddin_mod:lcd_display|clk_16ms ; lcddin_mod:lcd_display|clk_16ms ; 0.000        ; 0.040      ; 0.824      ;
; 0.702 ; lcddin_mod:lcd_display|command_counter[1]          ; lcddin_mod:lcd_display|fsm_state.WR_STATIC_TEXT_1L ; lcddin_mod:lcd_display|clk_16ms ; lcddin_mod:lcd_display|clk_16ms ; 0.000        ; 0.237      ; 1.023      ;
; 0.704 ; lcddin_mod:lcd_display|data_counter[1]             ; lcddin_mod:lcd_display|data[2]                     ; lcddin_mod:lcd_display|clk_16ms ; lcddin_mod:lcd_display|clk_16ms ; 0.000        ; 0.036      ; 0.824      ;
; 0.710 ; lcddin_mod:lcd_display|data_counter[4]             ; lcddin_mod:lcd_display|data[3]                     ; lcddin_mod:lcd_display|clk_16ms ; lcddin_mod:lcd_display|clk_16ms ; 0.000        ; 0.036      ; 0.830      ;
; 0.715 ; lcddin_mod:lcd_display|command_counter[0]          ; lcddin_mod:lcd_display|data[2]                     ; lcddin_mod:lcd_display|clk_16ms ; lcddin_mod:lcd_display|clk_16ms ; 0.000        ; 0.032      ; 0.831      ;
; 0.716 ; lcddin_mod:lcd_display|data_counter[3]             ; lcddin_mod:lcd_display|fsm_state.CONFIG_CMD2       ; lcddin_mod:lcd_display|clk_16ms ; lcddin_mod:lcd_display|clk_16ms ; 0.000        ; 0.040      ; 0.840      ;
; 0.717 ; lcddin_mod:lcd_display|fsm_state.CONFIG_CMD1       ; lcddin_mod:lcd_display|data_counter[4]             ; lcddin_mod:lcd_display|clk_16ms ; lcddin_mod:lcd_display|clk_16ms ; 0.000        ; 0.032      ; 0.833      ;
; 0.717 ; lcddin_mod:lcd_display|fsm_state.CONFIG_CMD1       ; lcddin_mod:lcd_display|data_counter[3]             ; lcddin_mod:lcd_display|clk_16ms ; lcddin_mod:lcd_display|clk_16ms ; 0.000        ; 0.032      ; 0.833      ;
; 0.717 ; lcddin_mod:lcd_display|fsm_state.CONFIG_CMD1       ; lcddin_mod:lcd_display|data_counter[2]             ; lcddin_mod:lcd_display|clk_16ms ; lcddin_mod:lcd_display|clk_16ms ; 0.000        ; 0.032      ; 0.833      ;
; 0.717 ; lcddin_mod:lcd_display|fsm_state.CONFIG_CMD1       ; lcddin_mod:lcd_display|data_counter[1]             ; lcddin_mod:lcd_display|clk_16ms ; lcddin_mod:lcd_display|clk_16ms ; 0.000        ; 0.032      ; 0.833      ;
; 0.717 ; lcddin_mod:lcd_display|fsm_state.CONFIG_CMD1       ; lcddin_mod:lcd_display|data_counter[0]             ; lcddin_mod:lcd_display|clk_16ms ; lcddin_mod:lcd_display|clk_16ms ; 0.000        ; 0.032      ; 0.833      ;
; 0.717 ; lcddin_mod:lcd_display|command_counter[0]          ; lcddin_mod:lcd_display|data[4]                     ; lcddin_mod:lcd_display|clk_16ms ; lcddin_mod:lcd_display|clk_16ms ; 0.000        ; 0.038      ; 0.839      ;
; 0.718 ; lcddin_mod:lcd_display|fsm_state.WR_STATIC_TEXT_1L ; lcddin_mod:lcd_display|data[4]                     ; lcddin_mod:lcd_display|clk_16ms ; lcddin_mod:lcd_display|clk_16ms ; 0.000        ; -0.155     ; 0.647      ;
; 0.732 ; lcddin_mod:lcd_display|data_counter[4]             ; lcddin_mod:lcd_display|fsm_state.WR_STATIC_TEXT_2L ; lcddin_mod:lcd_display|clk_16ms ; lcddin_mod:lcd_display|clk_16ms ; 0.000        ; 0.042      ; 0.858      ;
; 0.733 ; lcddin_mod:lcd_display|fsm_state.IDLE              ; lcddin_mod:lcd_display|data_counter[4]             ; lcddin_mod:lcd_display|clk_16ms ; lcddin_mod:lcd_display|clk_16ms ; 0.000        ; 0.032      ; 0.849      ;
; 0.733 ; lcddin_mod:lcd_display|fsm_state.IDLE              ; lcddin_mod:lcd_display|data_counter[3]             ; lcddin_mod:lcd_display|clk_16ms ; lcddin_mod:lcd_display|clk_16ms ; 0.000        ; 0.032      ; 0.849      ;
+-------+----------------------------------------------------+----------------------------------------------------+---------------------------------+---------------------------------+--------------+------------+------------+


+------------------------------------------------------------------------------------------------------------------------------------------+
; Fast 1200mV 0C Model Hold: 'master:master|scl'                                                                                           ;
+-------+------------------------+------------------------+-------------------+-------------------+--------------+------------+------------+
; Slack ; From Node              ; To Node                ; Launch Clock      ; Latch Clock       ; Relationship ; Clock Skew ; Data Delay ;
+-------+------------------------+------------------------+-------------------+-------------------+--------------+------------+------------+
; 0.205 ; listen:listen|count[6] ; listen:listen|count[6] ; master:master|scl ; master:master|scl ; 0.000        ; 0.036      ; 0.325      ;
; 0.254 ; master:master|sda_en   ; listen:listen|count[0] ; clk               ; master:master|scl ; 0.000        ; 0.409      ; 0.777      ;
; 0.315 ; listen:listen|count[5] ; listen:listen|count[5] ; master:master|scl ; master:master|scl ; 0.000        ; 0.036      ; 0.435      ;
; 0.323 ; listen:listen|count[4] ; listen:listen|count[4] ; master:master|scl ; master:master|scl ; 0.000        ; 0.036      ; 0.443      ;
; 0.327 ; listen:listen|count[1] ; listen:listen|count[1] ; master:master|scl ; master:master|scl ; 0.000        ; 0.036      ; 0.447      ;
; 0.328 ; listen:listen|count[0] ; listen:listen|count[0] ; master:master|scl ; master:master|scl ; 0.000        ; 0.036      ; 0.448      ;
; 0.332 ; listen:listen|count[2] ; listen:listen|count[2] ; master:master|scl ; master:master|scl ; 0.000        ; 0.036      ; 0.452      ;
; 0.380 ; listen:listen|count[3] ; listen:listen|count[3] ; master:master|scl ; master:master|scl ; 0.000        ; 0.036      ; 0.500      ;
; 0.406 ; master:master|sda_en   ; listen:listen|count[1] ; clk               ; master:master|scl ; 0.000        ; 0.409      ; 0.929      ;
; 0.409 ; master:master|sda_en   ; listen:listen|count[2] ; clk               ; master:master|scl ; 0.000        ; 0.409      ; 0.932      ;
; 0.417 ; listen:listen|data[11] ; listen:listen|data[11] ; master:master|scl ; master:master|scl ; 0.000        ; 0.036      ; 0.537      ;
; 0.418 ; listen:listen|data[15] ; listen:listen|data[15] ; master:master|scl ; master:master|scl ; 0.000        ; 0.036      ; 0.538      ;
; 0.420 ; listen:listen|data[6]  ; listen:listen|data[6]  ; master:master|scl ; master:master|scl ; 0.000        ; 0.036      ; 0.540      ;
; 0.457 ; listen:listen|data[7]  ; listen:listen|data[7]  ; master:master|scl ; master:master|scl ; 0.000        ; 0.036      ; 0.577      ;
; 0.460 ; listen:listen|data[3]  ; listen:listen|data[3]  ; master:master|scl ; master:master|scl ; 0.000        ; 0.036      ; 0.580      ;
; 0.461 ; listen:listen|data[14] ; listen:listen|data[14] ; master:master|scl ; master:master|scl ; 0.000        ; 0.036      ; 0.581      ;
; 0.463 ; listen:listen|data[8]  ; listen:listen|data[8]  ; master:master|scl ; master:master|scl ; 0.000        ; 0.036      ; 0.583      ;
; 0.464 ; listen:listen|data[4]  ; listen:listen|data[4]  ; master:master|scl ; master:master|scl ; 0.000        ; 0.036      ; 0.584      ;
; 0.464 ; listen:listen|count[5] ; listen:listen|count[6] ; master:master|scl ; master:master|scl ; 0.000        ; 0.036      ; 0.584      ;
; 0.472 ; master:master|sda_en   ; listen:listen|count[3] ; clk               ; master:master|scl ; 0.000        ; 0.409      ; 0.995      ;
; 0.475 ; master:master|sda_en   ; listen:listen|count[4] ; clk               ; master:master|scl ; 0.000        ; 0.409      ; 0.998      ;
; 0.476 ; listen:listen|count[1] ; listen:listen|count[2] ; master:master|scl ; master:master|scl ; 0.000        ; 0.036      ; 0.596      ;
; 0.481 ; listen:listen|data[5]  ; listen:listen|data[5]  ; master:master|scl ; master:master|scl ; 0.000        ; 0.036      ; 0.601      ;
; 0.481 ; listen:listen|count[4] ; listen:listen|count[5] ; master:master|scl ; master:master|scl ; 0.000        ; 0.036      ; 0.601      ;
; 0.481 ; listen:listen|count[0] ; listen:listen|count[1] ; master:master|scl ; master:master|scl ; 0.000        ; 0.036      ; 0.601      ;
; 0.484 ; listen:listen|count[4] ; listen:listen|count[6] ; master:master|scl ; master:master|scl ; 0.000        ; 0.036      ; 0.604      ;
; 0.484 ; listen:listen|count[0] ; listen:listen|count[2] ; master:master|scl ; master:master|scl ; 0.000        ; 0.036      ; 0.604      ;
; 0.490 ; listen:listen|count[2] ; listen:listen|count[3] ; master:master|scl ; master:master|scl ; 0.000        ; 0.036      ; 0.610      ;
; 0.491 ; listen:listen|data[19] ; listen:listen|data[19] ; master:master|scl ; master:master|scl ; 0.000        ; 0.036      ; 0.611      ;
; 0.493 ; listen:listen|count[2] ; listen:listen|count[4] ; master:master|scl ; master:master|scl ; 0.000        ; 0.036      ; 0.613      ;
; 0.519 ; listen:listen|count[6] ; listen:listen|count[5] ; master:master|scl ; master:master|scl ; 0.000        ; 0.036      ; 0.639      ;
; 0.519 ; listen:listen|count[6] ; listen:listen|count[0] ; master:master|scl ; master:master|scl ; 0.000        ; 0.036      ; 0.639      ;
; 0.519 ; listen:listen|count[6] ; listen:listen|count[1] ; master:master|scl ; master:master|scl ; 0.000        ; 0.036      ; 0.639      ;
; 0.519 ; listen:listen|count[6] ; listen:listen|count[2] ; master:master|scl ; master:master|scl ; 0.000        ; 0.036      ; 0.639      ;
; 0.519 ; listen:listen|count[6] ; listen:listen|count[3] ; master:master|scl ; master:master|scl ; 0.000        ; 0.036      ; 0.639      ;
; 0.519 ; listen:listen|count[6] ; listen:listen|count[4] ; master:master|scl ; master:master|scl ; 0.000        ; 0.036      ; 0.639      ;
; 0.525 ; listen:listen|data[18] ; listen:listen|data[18] ; master:master|scl ; master:master|scl ; 0.000        ; 0.036      ; 0.645      ;
; 0.526 ; listen:listen|data[22] ; listen:listen|data[22] ; master:master|scl ; master:master|scl ; 0.000        ; 0.036      ; 0.646      ;
; 0.528 ; listen:listen|data[23] ; listen:listen|data[23] ; master:master|scl ; master:master|scl ; 0.000        ; 0.036      ; 0.648      ;
; 0.529 ; listen:listen|count[3] ; listen:listen|count[4] ; master:master|scl ; master:master|scl ; 0.000        ; 0.036      ; 0.649      ;
; 0.538 ; master:master|sda_en   ; listen:listen|count[5] ; clk               ; master:master|scl ; 0.000        ; 0.409      ; 1.061      ;
; 0.539 ; listen:listen|count[1] ; listen:listen|count[3] ; master:master|scl ; master:master|scl ; 0.000        ; 0.036      ; 0.659      ;
; 0.541 ; master:master|sda_en   ; listen:listen|count[6] ; clk               ; master:master|scl ; 0.000        ; 0.409      ; 1.064      ;
; 0.542 ; listen:listen|count[1] ; listen:listen|count[4] ; master:master|scl ; master:master|scl ; 0.000        ; 0.036      ; 0.662      ;
; 0.543 ; listen:listen|data[13] ; listen:listen|data[13] ; master:master|scl ; master:master|scl ; 0.000        ; 0.036      ; 0.663      ;
; 0.547 ; listen:listen|count[0] ; listen:listen|count[3] ; master:master|scl ; master:master|scl ; 0.000        ; 0.036      ; 0.667      ;
; 0.548 ; listen:listen|data[17] ; listen:listen|data[17] ; master:master|scl ; master:master|scl ; 0.000        ; 0.036      ; 0.668      ;
; 0.550 ; listen:listen|count[0] ; listen:listen|count[4] ; master:master|scl ; master:master|scl ; 0.000        ; 0.036      ; 0.670      ;
; 0.556 ; listen:listen|count[2] ; listen:listen|count[5] ; master:master|scl ; master:master|scl ; 0.000        ; 0.036      ; 0.676      ;
; 0.559 ; listen:listen|count[2] ; listen:listen|count[6] ; master:master|scl ; master:master|scl ; 0.000        ; 0.036      ; 0.679      ;
; 0.564 ; listen:listen|data[20] ; listen:listen|data[20] ; master:master|scl ; master:master|scl ; 0.000        ; 0.035      ; 0.683      ;
; 0.579 ; listen:listen|data[21] ; listen:listen|data[21] ; master:master|scl ; master:master|scl ; 0.000        ; 0.036      ; 0.699      ;
; 0.592 ; listen:listen|count[3] ; listen:listen|count[5] ; master:master|scl ; master:master|scl ; 0.000        ; 0.036      ; 0.712      ;
; 0.595 ; listen:listen|count[3] ; listen:listen|count[6] ; master:master|scl ; master:master|scl ; 0.000        ; 0.036      ; 0.715      ;
; 0.605 ; listen:listen|count[1] ; listen:listen|count[5] ; master:master|scl ; master:master|scl ; 0.000        ; 0.036      ; 0.725      ;
; 0.608 ; listen:listen|count[1] ; listen:listen|count[6] ; master:master|scl ; master:master|scl ; 0.000        ; 0.036      ; 0.728      ;
; 0.613 ; listen:listen|data[24] ; listen:listen|data[24] ; master:master|scl ; master:master|scl ; 0.000        ; 0.036      ; 0.733      ;
; 0.613 ; listen:listen|count[0] ; listen:listen|count[5] ; master:master|scl ; master:master|scl ; 0.000        ; 0.036      ; 0.733      ;
; 0.616 ; listen:listen|count[0] ; listen:listen|count[6] ; master:master|scl ; master:master|scl ; 0.000        ; 0.036      ; 0.736      ;
; 0.625 ; listen:listen|count[1] ; listen:listen|data[26] ; master:master|scl ; master:master|scl ; 0.000        ; 0.038      ; 0.747      ;
; 0.628 ; listen:listen|count[1] ; listen:listen|data[24] ; master:master|scl ; master:master|scl ; 0.000        ; 0.036      ; 0.748      ;
; 0.647 ; master:master|sda_en   ; listen:listen|data[26] ; clk               ; master:master|scl ; 0.000        ; 0.411      ; 1.172      ;
; 0.647 ; listen:listen|data[10] ; listen:listen|data[10] ; master:master|scl ; master:master|scl ; 0.000        ; 0.036      ; 0.767      ;
; 0.656 ; master:master|sda_en   ; listen:listen|data[24] ; clk               ; master:master|scl ; 0.000        ; 0.409      ; 1.179      ;
; 0.671 ; listen:listen|count[2] ; listen:listen|data[5]  ; master:master|scl ; master:master|scl ; 0.000        ; 0.035      ; 0.790      ;
; 0.672 ; master:master|sda_en   ; listen:listen|data[17] ; clk               ; master:master|scl ; 0.000        ; 0.408      ; 1.194      ;
; 0.675 ; listen:listen|count[1] ; listen:listen|data[4]  ; master:master|scl ; master:master|scl ; 0.000        ; 0.038      ; 0.797      ;
; 0.693 ; master:master|sda_en   ; listen:listen|data[10] ; clk               ; master:master|scl ; 0.000        ; 0.407      ; 1.214      ;
; 0.694 ; master:master|sda_en   ; listen:listen|data[14] ; clk               ; master:master|scl ; 0.000        ; 0.407      ; 1.215      ;
; 0.694 ; master:master|sda_en   ; listen:listen|data[15] ; clk               ; master:master|scl ; 0.000        ; 0.407      ; 1.215      ;
; 0.700 ; listen:listen|data[26] ; listen:listen|data[26] ; master:master|scl ; master:master|scl ; 0.000        ; 0.035      ; 0.819      ;
; 0.708 ; master:master|sda_en   ; listen:listen|data[11] ; clk               ; master:master|scl ; 0.000        ; 0.411      ; 1.233      ;
; 0.710 ; listen:listen|data[25] ; listen:listen|data[25] ; master:master|scl ; master:master|scl ; 0.000        ; 0.036      ; 0.830      ;
; 0.712 ; master:master|sda_en   ; listen:listen|data[5]  ; clk               ; master:master|scl ; 0.000        ; 0.408      ; 1.234      ;
; 0.719 ; master:master|sda_en   ; listen:listen|data[25] ; clk               ; master:master|scl ; 0.000        ; 0.408      ; 1.241      ;
; 0.719 ; listen:listen|count[1] ; listen:listen|data[6]  ; master:master|scl ; master:master|scl ; 0.000        ; 0.038      ; 0.841      ;
; 0.738 ; listen:listen|count[4] ; listen:listen|count[0] ; master:master|scl ; master:master|scl ; 0.000        ; 0.036      ; 0.858      ;
; 0.738 ; listen:listen|count[4] ; listen:listen|count[1] ; master:master|scl ; master:master|scl ; 0.000        ; 0.036      ; 0.858      ;
; 0.738 ; listen:listen|count[4] ; listen:listen|count[2] ; master:master|scl ; master:master|scl ; 0.000        ; 0.036      ; 0.858      ;
; 0.738 ; listen:listen|count[4] ; listen:listen|count[3] ; master:master|scl ; master:master|scl ; 0.000        ; 0.036      ; 0.858      ;
; 0.742 ; master:master|sda_en   ; listen:listen|data[22] ; clk               ; master:master|scl ; 0.000        ; 0.408      ; 1.264      ;
; 0.753 ; listen:listen|count[0] ; listen:listen|data[7]  ; master:master|scl ; master:master|scl ; 0.000        ; 0.038      ; 0.875      ;
; 0.757 ; listen:listen|count[2] ; listen:listen|data[17] ; master:master|scl ; master:master|scl ; 0.000        ; 0.035      ; 0.876      ;
; 0.765 ; listen:listen|count[0] ; listen:listen|data[23] ; master:master|scl ; master:master|scl ; 0.000        ; 0.034      ; 0.883      ;
; 0.766 ; master:master|sda_en   ; listen:listen|data[18] ; clk               ; master:master|scl ; 0.000        ; 0.407      ; 1.287      ;
; 0.768 ; master:master|sda_en   ; listen:listen|data[23] ; clk               ; master:master|scl ; 0.000        ; 0.407      ; 1.289      ;
; 0.780 ; listen:listen|count[0] ; listen:listen|data[6]  ; master:master|scl ; master:master|scl ; 0.000        ; 0.038      ; 0.902      ;
; 0.780 ; listen:listen|count[0] ; listen:listen|data[4]  ; master:master|scl ; master:master|scl ; 0.000        ; 0.038      ; 0.902      ;
; 0.785 ; listen:listen|count[4] ; listen:listen|data[22] ; master:master|scl ; master:master|scl ; 0.000        ; 0.035      ; 0.904      ;
; 0.788 ; listen:listen|count[1] ; listen:listen|data[22] ; master:master|scl ; master:master|scl ; 0.000        ; 0.035      ; 0.907      ;
; 0.794 ; master:master|sda_en   ; listen:listen|data[21] ; clk               ; master:master|scl ; 0.000        ; 0.411      ; 1.319      ;
; 0.794 ; listen:listen|count[4] ; listen:listen|data[26] ; master:master|scl ; master:master|scl ; 0.000        ; 0.038      ; 0.916      ;
; 0.799 ; listen:listen|count[2] ; listen:listen|data[22] ; master:master|scl ; master:master|scl ; 0.000        ; 0.035      ; 0.918      ;
; 0.803 ; listen:listen|count[4] ; listen:listen|data[24] ; master:master|scl ; master:master|scl ; 0.000        ; 0.036      ; 0.923      ;
; 0.805 ; listen:listen|count[4] ; listen:listen|data[5]  ; master:master|scl ; master:master|scl ; 0.000        ; 0.035      ; 0.924      ;
; 0.809 ; listen:listen|count[4] ; listen:listen|data[18] ; master:master|scl ; master:master|scl ; 0.000        ; 0.034      ; 0.927      ;
; 0.811 ; listen:listen|count[0] ; listen:listen|data[15] ; master:master|scl ; master:master|scl ; 0.000        ; 0.034      ; 0.929      ;
; 0.811 ; listen:listen|count[4] ; listen:listen|data[23] ; master:master|scl ; master:master|scl ; 0.000        ; 0.034      ; 0.929      ;
; 0.811 ; listen:listen|count[2] ; listen:listen|data[25] ; master:master|scl ; master:master|scl ; 0.000        ; 0.035      ; 0.930      ;
; 0.812 ; listen:listen|count[1] ; listen:listen|data[18] ; master:master|scl ; master:master|scl ; 0.000        ; 0.034      ; 0.930      ;
+-------+------------------------+------------------------+-------------------+-------------------+--------------+------------+------------+


+----------------------------------------------------------------------------------------------------------------------------------------------+
; Fast 1200mV 0C Model Hold: 'beg_com:beg_com|beg'                                                                                             ;
+-------+------------------------+--------------------------+-------------------+---------------------+--------------+------------+------------+
; Slack ; From Node              ; To Node                  ; Launch Clock      ; Latch Clock         ; Relationship ; Clock Skew ; Data Delay ;
+-------+------------------------+--------------------------+-------------------+---------------------+--------------+------------+------------+
; 0.665 ; listen:listen|data[23] ; listen:listen|Hours[3]   ; master:master|scl ; beg_com:beg_com|beg ; -0.500       ; 0.056      ; 0.325      ;
; 0.665 ; listen:listen|data[22] ; listen:listen|Hours[4]   ; master:master|scl ; beg_com:beg_com|beg ; -0.500       ; 0.056      ; 0.325      ;
; 0.666 ; listen:listen|data[10] ; listen:listen|Seconds[7] ; master:master|scl ; beg_com:beg_com|beg ; -0.500       ; 0.056      ; 0.326      ;
; 0.667 ; listen:listen|data[19] ; listen:listen|Hours[7]   ; master:master|scl ; beg_com:beg_com|beg ; -0.500       ; 0.056      ; 0.327      ;
; 0.667 ; listen:listen|data[25] ; listen:listen|Hours[1]   ; master:master|scl ; beg_com:beg_com|beg ; -0.500       ; 0.056      ; 0.327      ;
; 0.668 ; listen:listen|data[26] ; listen:listen|Hours[0]   ; master:master|scl ; beg_com:beg_com|beg ; -0.500       ; 0.055      ; 0.327      ;
; 0.726 ; listen:listen|data[21] ; listen:listen|Hours[5]   ; master:master|scl ; beg_com:beg_com|beg ; -0.500       ; 0.056      ; 0.386      ;
; 0.730 ; listen:listen|data[24] ; listen:listen|Hours[2]   ; master:master|scl ; beg_com:beg_com|beg ; -0.500       ; 0.057      ; 0.391      ;
; 0.732 ; listen:listen|data[9]  ; listen:listen|Seconds[6] ; master:master|scl ; beg_com:beg_com|beg ; -0.500       ; 0.057      ; 0.393      ;
; 0.739 ; listen:listen|data[20] ; listen:listen|Hours[6]   ; master:master|scl ; beg_com:beg_com|beg ; -0.500       ; 0.054      ; 0.397      ;
; 0.739 ; listen:listen|data[17] ; listen:listen|Minutes[6] ; master:master|scl ; beg_com:beg_com|beg ; -0.500       ; 0.056      ; 0.399      ;
; 0.741 ; listen:listen|data[18] ; listen:listen|Minutes[7] ; master:master|scl ; beg_com:beg_com|beg ; -0.500       ; 0.056      ; 0.401      ;
; 0.800 ; listen:listen|data[16] ; listen:listen|Minutes[5] ; master:master|scl ; beg_com:beg_com|beg ; -0.500       ; 0.056      ; 0.460      ;
; 0.809 ; listen:listen|data[12] ; listen:listen|Minutes[1] ; master:master|scl ; beg_com:beg_com|beg ; -0.500       ; 0.055      ; 0.468      ;
; 0.816 ; listen:listen|data[3]  ; listen:listen|Seconds[0] ; master:master|scl ; beg_com:beg_com|beg ; -0.500       ; 0.057      ; 0.477      ;
; 0.821 ; listen:listen|data[13] ; listen:listen|Minutes[2] ; master:master|scl ; beg_com:beg_com|beg ; -0.500       ; 0.055      ; 0.480      ;
; 0.822 ; listen:listen|data[8]  ; listen:listen|Seconds[5] ; master:master|scl ; beg_com:beg_com|beg ; -0.500       ; 0.055      ; 0.481      ;
; 0.891 ; listen:listen|data[6]  ; listen:listen|Seconds[3] ; master:master|scl ; beg_com:beg_com|beg ; -0.500       ; 0.057      ; 0.552      ;
; 0.915 ; listen:listen|data[5]  ; listen:listen|Seconds[2] ; master:master|scl ; beg_com:beg_com|beg ; -0.500       ; 0.060      ; 0.579      ;
; 0.944 ; listen:listen|data[14] ; listen:listen|Minutes[3] ; master:master|scl ; beg_com:beg_com|beg ; -0.500       ; 0.058      ; 0.606      ;
; 0.947 ; listen:listen|data[15] ; listen:listen|Minutes[4] ; master:master|scl ; beg_com:beg_com|beg ; -0.500       ; 0.058      ; 0.609      ;
; 0.948 ; listen:listen|data[7]  ; listen:listen|Seconds[4] ; master:master|scl ; beg_com:beg_com|beg ; -0.500       ; 0.057      ; 0.609      ;
; 0.954 ; listen:listen|data[4]  ; listen:listen|Seconds[1] ; master:master|scl ; beg_com:beg_com|beg ; -0.500       ; 0.057      ; 0.615      ;
; 0.962 ; listen:listen|data[11] ; listen:listen|Minutes[0] ; master:master|scl ; beg_com:beg_com|beg ; -0.500       ; 0.054      ; 0.620      ;
+-------+------------------------+--------------------------+-------------------+---------------------+--------------+------------+------------+


----------------------------------------------
; Fast 1200mV 0C Model Metastability Summary ;
----------------------------------------------
No synchronizer chains to report.


+-------------------------------------------------------------------------------------------------+
; Multicorner Timing Analysis Summary                                                             ;
+----------------------------------+-----------+-------+----------+---------+---------------------+
; Clock                            ; Setup     ; Hold  ; Recovery ; Removal ; Minimum Pulse Width ;
+----------------------------------+-----------+-------+----------+---------+---------------------+
; Worst-case Slack                 ; -27.642   ; 0.179 ; N/A      ; N/A     ; -3.000              ;
;  beg_com:beg_com|beg             ; -1.556    ; 0.665 ; N/A      ; N/A     ; -1.487              ;
;  clk                             ; -27.642   ; 0.179 ; N/A      ; N/A     ; -3.000              ;
;  lcddin_mod:lcd_display|clk_16ms ; -3.675    ; 0.179 ; N/A      ; N/A     ; -1.487              ;
;  master:master|scl               ; -2.958    ; 0.205 ; N/A      ; N/A     ; -1.487              ;
; Design-wide TNS                  ; -1367.445 ; 0.0   ; 0.0      ; 0.0     ; -294.452            ;
;  beg_com:beg_com|beg             ; -27.518   ; 0.000 ; N/A      ; N/A     ; -35.688             ;
;  clk                             ; -1230.052 ; 0.000 ; N/A      ; N/A     ; -179.953            ;
;  lcddin_mod:lcd_display|clk_16ms ; -36.934   ; 0.000 ; N/A      ; N/A     ; -32.714             ;
;  master:master|scl               ; -72.941   ; 0.000 ; N/A      ; N/A     ; -46.097             ;
+----------------------------------+-----------+-------+----------+---------+---------------------+


+------------------------------------------------------------------------------------------------------------------------------------------------------------------------------------------------------------------------------------------------------------------------------------------------------------------------------------------------------------------------------------------------------------------+
; Board Trace Model Assignments                                                                                                                                                                                                                                                                                                                                                                                    ;
+---------------+--------------+-------------------+-------------------------+-------------------------+---------------+---------------------+----------------+------------------+--------+------------------+------------------------+------------------------+--------------+---------------+-----------------+-------+---------------------+--------------------+---------------+-----------------+-------------+
; Pin           ; I/O Standard ; Near Tline Length ; Near Tline L per Length ; Near Tline C per Length ; Near Series R ; Near Differential R ; Near Pull-up R ; Near Pull-down R ; Near C ; Far Tline Length ; Far Tline L per Length ; Far Tline C per Length ; Far Series R ; Far Pull-up R ; Far Pull-down R ; Far C ; Termination Voltage ; Far Differential R ; EBD File Name ; EBD Signal Name ; EBD Far-end ;
+---------------+--------------+-------------------+-------------------------+-------------------------+---------------+---------------------+----------------+------------------+--------+------------------+------------------------+------------------------+--------------+---------------+-----------------+-------+---------------------+--------------------+---------------+-----------------+-------------+
; scl           ; 2.5 V        ; 0 in              ; 0 H/in                  ; 0 F/in                  ; short         ; -                   ; open           ; open             ; open   ; 0 in             ; 0 H/in                 ; 0 F/in                 ; short        ; open          ; open            ; open  ; 0 V                 ; -                  ; n/a           ; n/a             ; n/a         ;
; data[0]       ; 2.5 V        ; 0 in              ; 0 H/in                  ; 0 F/in                  ; short         ; -                   ; open           ; open             ; open   ; 0 in             ; 0 H/in                 ; 0 F/in                 ; short        ; open          ; open            ; open  ; 0 V                 ; -                  ; n/a           ; n/a             ; n/a         ;
; data[1]       ; 2.5 V        ; 0 in              ; 0 H/in                  ; 0 F/in                  ; short         ; -                   ; open           ; open             ; open   ; 0 in             ; 0 H/in                 ; 0 F/in                 ; short        ; open          ; open            ; open  ; 0 V                 ; -                  ; n/a           ; n/a             ; n/a         ;
; data[2]       ; 2.5 V        ; 0 in              ; 0 H/in                  ; 0 F/in                  ; short         ; -                   ; open           ; open             ; open   ; 0 in             ; 0 H/in                 ; 0 F/in                 ; short        ; open          ; open            ; open  ; 0 V                 ; -                  ; n/a           ; n/a             ; n/a         ;
; data[3]       ; 2.5 V        ; 0 in              ; 0 H/in                  ; 0 F/in                  ; short         ; -                   ; open           ; open             ; open   ; 0 in             ; 0 H/in                 ; 0 F/in                 ; short        ; open          ; open            ; open  ; 0 V                 ; -                  ; n/a           ; n/a             ; n/a         ;
; data[4]       ; 2.5 V        ; 0 in              ; 0 H/in                  ; 0 F/in                  ; short         ; -                   ; open           ; open             ; open   ; 0 in             ; 0 H/in                 ; 0 F/in                 ; short        ; open          ; open            ; open  ; 0 V                 ; -                  ; n/a           ; n/a             ; n/a         ;
; data[5]       ; 2.5 V        ; 0 in              ; 0 H/in                  ; 0 F/in                  ; short         ; -                   ; open           ; open             ; open   ; 0 in             ; 0 H/in                 ; 0 F/in                 ; short        ; open          ; open            ; open  ; 0 V                 ; -                  ; n/a           ; n/a             ; n/a         ;
; data[6]       ; 2.5 V        ; 0 in              ; 0 H/in                  ; 0 F/in                  ; short         ; -                   ; open           ; open             ; open   ; 0 in             ; 0 H/in                 ; 0 F/in                 ; short        ; open          ; open            ; open  ; 0 V                 ; -                  ; n/a           ; n/a             ; n/a         ;
; data[7]       ; 2.5 V        ; 0 in              ; 0 H/in                  ; 0 F/in                  ; short         ; -                   ; open           ; open             ; open   ; 0 in             ; 0 H/in                 ; 0 F/in                 ; short        ; open          ; open            ; open  ; 0 V                 ; -                  ; n/a           ; n/a             ; n/a         ;
; rs            ; 2.5 V        ; 0 in              ; 0 H/in                  ; 0 F/in                  ; short         ; -                   ; open           ; open             ; open   ; 0 in             ; 0 H/in                 ; 0 F/in                 ; short        ; open          ; open            ; open  ; 0 V                 ; -                  ; n/a           ; n/a             ; n/a         ;
; rw            ; 2.5 V        ; 0 in              ; 0 H/in                  ; 0 F/in                  ; short         ; -                   ; open           ; open             ; open   ; 0 in             ; 0 H/in                 ; 0 F/in                 ; short        ; open          ; open            ; open  ; 0 V                 ; -                  ; n/a           ; n/a             ; n/a         ;
; enable        ; 2.5 V        ; 0 in              ; 0 H/in                  ; 0 F/in                  ; short         ; -                   ; open           ; open             ; open   ; 0 in             ; 0 H/in                 ; 0 F/in                 ; short        ; open          ; open            ; open  ; 0 V                 ; -                  ; n/a           ; n/a             ; n/a         ;
; leds[0]       ; 2.5 V        ; 0 in              ; 0 H/in                  ; 0 F/in                  ; short         ; -                   ; open           ; open             ; open   ; 0 in             ; 0 H/in                 ; 0 F/in                 ; short        ; open          ; open            ; open  ; 0 V                 ; -                  ; n/a           ; n/a             ; n/a         ;
; leds[1]       ; 2.5 V        ; 0 in              ; 0 H/in                  ; 0 F/in                  ; short         ; -                   ; open           ; open             ; open   ; 0 in             ; 0 H/in                 ; 0 F/in                 ; short        ; open          ; open            ; open  ; 0 V                 ; -                  ; n/a           ; n/a             ; n/a         ;
; leds[2]       ; 2.5 V        ; 0 in              ; 0 H/in                  ; 0 F/in                  ; short         ; -                   ; open           ; open             ; open   ; 0 in             ; 0 H/in                 ; 0 F/in                 ; short        ; open          ; open            ; open  ; 0 V                 ; -                  ; n/a           ; n/a             ; n/a         ;
; leds[3]       ; 2.5 V        ; 0 in              ; 0 H/in                  ; 0 F/in                  ; short         ; -                   ; open           ; open             ; open   ; 0 in             ; 0 H/in                 ; 0 F/in                 ; short        ; open          ; open            ; open  ; 0 V                 ; -                  ; n/a           ; n/a             ; n/a         ;
; leds[4]       ; 2.5 V        ; 0 in              ; 0 H/in                  ; 0 F/in                  ; short         ; -                   ; open           ; open             ; open   ; 0 in             ; 0 H/in                 ; 0 F/in                 ; short        ; open          ; open            ; open  ; 0 V                 ; -                  ; n/a           ; n/a             ; n/a         ;
; leds[5]       ; 2.5 V        ; 0 in              ; 0 H/in                  ; 0 F/in                  ; short         ; -                   ; open           ; open             ; open   ; 0 in             ; 0 H/in                 ; 0 F/in                 ; short        ; open          ; open            ; open  ; 0 V                 ; -                  ; n/a           ; n/a             ; n/a         ;
; leds[6]       ; 2.5 V        ; 0 in              ; 0 H/in                  ; 0 F/in                  ; short         ; -                   ; open           ; open             ; open   ; 0 in             ; 0 H/in                 ; 0 F/in                 ; short        ; open          ; open            ; open  ; 0 V                 ; -                  ; n/a           ; n/a             ; n/a         ;
; vcc           ; 2.5 V        ; 0 in              ; 0 H/in                  ; 0 F/in                  ; short         ; -                   ; open           ; open             ; open   ; 0 in             ; 0 H/in                 ; 0 F/in                 ; short        ; open          ; open            ; open  ; 0 V                 ; -                  ; n/a           ; n/a             ; n/a         ;
; buzzer        ; 2.5 V        ; 0 in              ; 0 H/in                  ; 0 F/in                  ; short         ; -                   ; open           ; open             ; open   ; 0 in             ; 0 H/in                 ; 0 F/in                 ; short        ; open          ; open            ; open  ; 0 V                 ; -                  ; n/a           ; n/a             ; n/a         ;
; sda           ; 2.5 V        ; 0 in              ; 0 H/in                  ; 0 F/in                  ; short         ; -                   ; open           ; open             ; open   ; 0 in             ; 0 H/in                 ; 0 F/in                 ; short        ; open          ; open            ; open  ; 0 V                 ; -                  ; n/a           ; n/a             ; n/a         ;
; ~ALTERA_DCLK~ ; 2.5 V        ; 0 in              ; 0 H/in                  ; 0 F/in                  ; short         ; -                   ; open           ; open             ; open   ; 0 in             ; 0 H/in                 ; 0 F/in                 ; short        ; open          ; open            ; open  ; 0 V                 ; -                  ; n/a           ; n/a             ; n/a         ;
+---------------+--------------+-------------------+-------------------------+-------------------------+---------------+---------------------+----------------+------------------+--------+------------------+------------------------+------------------------+--------------+---------------+-----------------+-------+---------------------+--------------------+---------------+-----------------+-------------+


+----------------------------------------------------------------------------+
; Input Transition Times                                                     ;
+-------------------------+--------------+-----------------+-----------------+
; Pin                     ; I/O Standard ; 10-90 Rise Time ; 90-10 Fall Time ;
+-------------------------+--------------+-----------------+-----------------+
; sda                     ; 2.5 V        ; 2000 ps         ; 2000 ps         ;
; clk                     ; 2.5 V        ; 2000 ps         ; 2000 ps         ;
; ~ALTERA_ASDO_DATA1~     ; 2.5 V        ; 2000 ps         ; 2000 ps         ;
; ~ALTERA_FLASH_nCE_nCSO~ ; 2.5 V        ; 2000 ps         ; 2000 ps         ;
; ~ALTERA_DATA0~          ; 2.5 V        ; 2000 ps         ; 2000 ps         ;
+-------------------------+--------------+-----------------+-----------------+


+--------------------------------------------------------------------------------------------------------------------------------------------------------------------------------------------------------------------------------------------------------------------------------------------------------------------------------------------------------------------------------------------------------------------------------------------------------------------------------------------------------------------------------------------------------------------------------------------------------------------------------------------------------------------------------------------+
; Signal Integrity Metrics (Slow 1200mv 0c Model)                                                                                                                                                                                                                                                                                                                                                                                                                                                                                                                                                                                                                                            ;
+---------------+--------------+---------------------+---------------------+------------------------------+------------------------------+---------------------+---------------------+--------------------------------------+--------------------------------------+-----------------------------+-----------------------------+----------------------------+----------------------------+-----------------------------+-----------------------------+--------------------+--------------------+-------------------------------------+-------------------------------------+----------------------------+----------------------------+---------------------------+---------------------------+
; Pin           ; I/O Standard ; Board Delay on Rise ; Board Delay on Fall ; Steady State Voh at FPGA Pin ; Steady State Vol at FPGA Pin ; Voh Max at FPGA Pin ; Vol Min at FPGA Pin ; Ringback Voltage on Rise at FPGA Pin ; Ringback Voltage on Fall at FPGA Pin ; 10-90 Rise Time at FPGA Pin ; 90-10 Fall Time at FPGA Pin ; Monotonic Rise at FPGA Pin ; Monotonic Fall at FPGA Pin ; Steady State Voh at Far-end ; Steady State Vol at Far-end ; Voh Max at Far-end ; Vol Min at Far-end ; Ringback Voltage on Rise at Far-end ; Ringback Voltage on Fall at Far-end ; 10-90 Rise Time at Far-end ; 90-10 Fall Time at Far-end ; Monotonic Rise at Far-end ; Monotonic Fall at Far-end ;
+---------------+--------------+---------------------+---------------------+------------------------------+------------------------------+---------------------+---------------------+--------------------------------------+--------------------------------------+-----------------------------+-----------------------------+----------------------------+----------------------------+-----------------------------+-----------------------------+--------------------+--------------------+-------------------------------------+-------------------------------------+----------------------------+----------------------------+---------------------------+---------------------------+
; scl           ; 2.5 V        ; 0 s                 ; 0 s                 ; 2.32 V                       ; 2.8e-09 V                    ; 2.37 V              ; -0.00373 V          ; 0.104 V                              ; 0.011 V                              ; 4.34e-10 s                  ; 3.82e-10 s                  ; Yes                        ; Yes                        ; 2.32 V                      ; 2.8e-09 V                   ; 2.37 V             ; -0.00373 V         ; 0.104 V                             ; 0.011 V                             ; 4.34e-10 s                 ; 3.82e-10 s                 ; Yes                       ; Yes                       ;
; data[0]       ; 2.5 V        ; 0 s                 ; 0 s                 ; 2.32 V                       ; 2.07e-09 V                   ; 2.36 V              ; -0.00737 V          ; 0.209 V                              ; 0.012 V                              ; 5.22e-10 s                  ; 5.33e-10 s                  ; Yes                        ; Yes                        ; 2.32 V                      ; 2.07e-09 V                  ; 2.36 V             ; -0.00737 V         ; 0.209 V                             ; 0.012 V                             ; 5.22e-10 s                 ; 5.33e-10 s                 ; Yes                       ; Yes                       ;
; data[1]       ; 2.5 V        ; 0 s                 ; 0 s                 ; 2.32 V                       ; 2.07e-09 V                   ; 2.36 V              ; -0.00737 V          ; 0.209 V                              ; 0.012 V                              ; 5.22e-10 s                  ; 5.33e-10 s                  ; Yes                        ; Yes                        ; 2.32 V                      ; 2.07e-09 V                  ; 2.36 V             ; -0.00737 V         ; 0.209 V                             ; 0.012 V                             ; 5.22e-10 s                 ; 5.33e-10 s                 ; Yes                       ; Yes                       ;
; data[2]       ; 2.5 V        ; 0 s                 ; 0 s                 ; 2.32 V                       ; 2.07e-09 V                   ; 2.38 V              ; -0.0073 V           ; 0.097 V                              ; 0.018 V                              ; 4.24e-10 s                  ; 3.65e-10 s                  ; No                         ; Yes                        ; 2.32 V                      ; 2.07e-09 V                  ; 2.38 V             ; -0.0073 V          ; 0.097 V                             ; 0.018 V                             ; 4.24e-10 s                 ; 3.65e-10 s                 ; No                        ; Yes                       ;
; data[3]       ; 2.5 V        ; 0 s                 ; 0 s                 ; 2.32 V                       ; 2.07e-09 V                   ; 2.33 V              ; -0.00421 V          ; 0.165 V                              ; 0.078 V                              ; 3.11e-09 s                  ; 2.85e-09 s                  ; Yes                        ; Yes                        ; 2.32 V                      ; 2.07e-09 V                  ; 2.33 V             ; -0.00421 V         ; 0.165 V                             ; 0.078 V                             ; 3.11e-09 s                 ; 2.85e-09 s                 ; Yes                       ; Yes                       ;
; data[4]       ; 2.5 V        ; 0 s                 ; 0 s                 ; 2.32 V                       ; 2.07e-09 V                   ; 2.36 V              ; -0.00737 V          ; 0.209 V                              ; 0.012 V                              ; 5.22e-10 s                  ; 5.33e-10 s                  ; Yes                        ; Yes                        ; 2.32 V                      ; 2.07e-09 V                  ; 2.36 V             ; -0.00737 V         ; 0.209 V                             ; 0.012 V                             ; 5.22e-10 s                 ; 5.33e-10 s                 ; Yes                       ; Yes                       ;
; data[5]       ; 2.5 V        ; 0 s                 ; 0 s                 ; 2.32 V                       ; 2.8e-09 V                    ; 2.37 V              ; -0.00373 V          ; 0.104 V                              ; 0.011 V                              ; 4.34e-10 s                  ; 3.82e-10 s                  ; Yes                        ; Yes                        ; 2.32 V                      ; 2.8e-09 V                   ; 2.37 V             ; -0.00373 V         ; 0.104 V                             ; 0.011 V                             ; 4.34e-10 s                 ; 3.82e-10 s                 ; Yes                       ; Yes                       ;
; data[6]       ; 2.5 V        ; 0 s                 ; 0 s                 ; 2.32 V                       ; 2.8e-09 V                    ; 2.37 V              ; -0.00373 V          ; 0.104 V                              ; 0.011 V                              ; 4.34e-10 s                  ; 3.82e-10 s                  ; Yes                        ; Yes                        ; 2.32 V                      ; 2.8e-09 V                   ; 2.37 V             ; -0.00373 V         ; 0.104 V                             ; 0.011 V                             ; 4.34e-10 s                 ; 3.82e-10 s                 ; Yes                       ; Yes                       ;
; data[7]       ; 2.5 V        ; 0 s                 ; 0 s                 ; 2.32 V                       ; 2.8e-09 V                    ; 2.37 V              ; -0.00373 V          ; 0.104 V                              ; 0.011 V                              ; 4.34e-10 s                  ; 3.82e-10 s                  ; Yes                        ; Yes                        ; 2.32 V                      ; 2.8e-09 V                   ; 2.37 V             ; -0.00373 V         ; 0.104 V                             ; 0.011 V                             ; 4.34e-10 s                 ; 3.82e-10 s                 ; Yes                       ; Yes                       ;
; rs            ; 2.5 V        ; 0 s                 ; 0 s                 ; 2.32 V                       ; 2.07e-09 V                   ; 2.36 V              ; -0.00737 V          ; 0.209 V                              ; 0.012 V                              ; 5.22e-10 s                  ; 5.33e-10 s                  ; Yes                        ; Yes                        ; 2.32 V                      ; 2.07e-09 V                  ; 2.36 V             ; -0.00737 V         ; 0.209 V                             ; 0.012 V                             ; 5.22e-10 s                 ; 5.33e-10 s                 ; Yes                       ; Yes                       ;
; rw            ; 2.5 V        ; 0 s                 ; 0 s                 ; 2.32 V                       ; 2.07e-09 V                   ; 2.36 V              ; -0.00737 V          ; 0.209 V                              ; 0.012 V                              ; 5.22e-10 s                  ; 5.33e-10 s                  ; Yes                        ; Yes                        ; 2.32 V                      ; 2.07e-09 V                  ; 2.36 V             ; -0.00737 V         ; 0.209 V                             ; 0.012 V                             ; 5.22e-10 s                 ; 5.33e-10 s                 ; Yes                       ; Yes                       ;
; enable        ; 2.5 V        ; 0 s                 ; 0 s                 ; 2.32 V                       ; 2.07e-09 V                   ; 2.38 V              ; -0.0073 V           ; 0.097 V                              ; 0.018 V                              ; 4.24e-10 s                  ; 3.65e-10 s                  ; No                         ; Yes                        ; 2.32 V                      ; 2.07e-09 V                  ; 2.38 V             ; -0.0073 V          ; 0.097 V                             ; 0.018 V                             ; 4.24e-10 s                 ; 3.65e-10 s                 ; No                        ; Yes                       ;
; leds[0]       ; 2.5 V        ; 0 s                 ; 0 s                 ; 2.32 V                       ; 2.07e-09 V                   ; 2.38 V              ; -0.0073 V           ; 0.097 V                              ; 0.018 V                              ; 4.24e-10 s                  ; 3.65e-10 s                  ; No                         ; Yes                        ; 2.32 V                      ; 2.07e-09 V                  ; 2.38 V             ; -0.0073 V          ; 0.097 V                             ; 0.018 V                             ; 4.24e-10 s                 ; 3.65e-10 s                 ; No                        ; Yes                       ;
; leds[1]       ; 2.5 V        ; 0 s                 ; 0 s                 ; 2.32 V                       ; 2.07e-09 V                   ; 2.33 V              ; -0.00421 V          ; 0.165 V                              ; 0.078 V                              ; 3.11e-09 s                  ; 2.85e-09 s                  ; Yes                        ; Yes                        ; 2.32 V                      ; 2.07e-09 V                  ; 2.33 V             ; -0.00421 V         ; 0.165 V                             ; 0.078 V                             ; 3.11e-09 s                 ; 2.85e-09 s                 ; Yes                       ; Yes                       ;
; leds[2]       ; 2.5 V        ; 0 s                 ; 0 s                 ; 2.32 V                       ; 2.07e-09 V                   ; 2.38 V              ; -0.0073 V           ; 0.097 V                              ; 0.018 V                              ; 4.24e-10 s                  ; 3.65e-10 s                  ; No                         ; Yes                        ; 2.32 V                      ; 2.07e-09 V                  ; 2.38 V             ; -0.0073 V          ; 0.097 V                             ; 0.018 V                             ; 4.24e-10 s                 ; 3.65e-10 s                 ; No                        ; Yes                       ;
; leds[3]       ; 2.5 V        ; 0 s                 ; 0 s                 ; 2.32 V                       ; 2.07e-09 V                   ; 2.36 V              ; -0.00737 V          ; 0.209 V                              ; 0.012 V                              ; 5.22e-10 s                  ; 5.33e-10 s                  ; Yes                        ; Yes                        ; 2.32 V                      ; 2.07e-09 V                  ; 2.36 V             ; -0.00737 V         ; 0.209 V                             ; 0.012 V                             ; 5.22e-10 s                 ; 5.33e-10 s                 ; Yes                       ; Yes                       ;
; leds[4]       ; 2.5 V        ; 0 s                 ; 0 s                 ; 2.32 V                       ; 2.07e-09 V                   ; 2.38 V              ; -0.0073 V           ; 0.097 V                              ; 0.018 V                              ; 4.24e-10 s                  ; 3.65e-10 s                  ; No                         ; Yes                        ; 2.32 V                      ; 2.07e-09 V                  ; 2.38 V             ; -0.0073 V          ; 0.097 V                             ; 0.018 V                             ; 4.24e-10 s                 ; 3.65e-10 s                 ; No                        ; Yes                       ;
; leds[5]       ; 2.5 V        ; 0 s                 ; 0 s                 ; 2.32 V                       ; 2.8e-09 V                    ; 2.37 V              ; -0.00373 V          ; 0.104 V                              ; 0.011 V                              ; 4.34e-10 s                  ; 3.82e-10 s                  ; Yes                        ; Yes                        ; 2.32 V                      ; 2.8e-09 V                   ; 2.37 V             ; -0.00373 V         ; 0.104 V                             ; 0.011 V                             ; 4.34e-10 s                 ; 3.82e-10 s                 ; Yes                       ; Yes                       ;
; leds[6]       ; 2.5 V        ; 0 s                 ; 0 s                 ; 2.32 V                       ; 2.07e-09 V                   ; 2.36 V              ; -0.00737 V          ; 0.209 V                              ; 0.012 V                              ; 5.22e-10 s                  ; 5.33e-10 s                  ; Yes                        ; Yes                        ; 2.32 V                      ; 2.07e-09 V                  ; 2.36 V             ; -0.00737 V         ; 0.209 V                             ; 0.012 V                             ; 5.22e-10 s                 ; 5.33e-10 s                 ; Yes                       ; Yes                       ;
; vcc           ; 2.5 V        ; 0 s                 ; 0 s                 ; 2.32 V                       ; 2.8e-09 V                    ; 2.37 V              ; -0.00373 V          ; 0.104 V                              ; 0.011 V                              ; 4.34e-10 s                  ; 3.82e-10 s                  ; Yes                        ; Yes                        ; 2.32 V                      ; 2.8e-09 V                   ; 2.37 V             ; -0.00373 V         ; 0.104 V                             ; 0.011 V                             ; 4.34e-10 s                 ; 3.82e-10 s                 ; Yes                       ; Yes                       ;
; buzzer        ; 2.5 V        ; 0 s                 ; 0 s                 ; 2.32 V                       ; 2.8e-09 V                    ; 2.37 V              ; -0.00373 V          ; 0.104 V                              ; 0.011 V                              ; 4.34e-10 s                  ; 3.82e-10 s                  ; Yes                        ; Yes                        ; 2.32 V                      ; 2.8e-09 V                   ; 2.37 V             ; -0.00373 V         ; 0.104 V                             ; 0.011 V                             ; 4.34e-10 s                 ; 3.82e-10 s                 ; Yes                       ; Yes                       ;
; sda           ; 2.5 V        ; 0 s                 ; 0 s                 ; 2.32 V                       ; 2.8e-09 V                    ; 2.37 V              ; -0.00373 V          ; 0.104 V                              ; 0.011 V                              ; 4.34e-10 s                  ; 3.82e-10 s                  ; Yes                        ; Yes                        ; 2.32 V                      ; 2.8e-09 V                   ; 2.37 V             ; -0.00373 V         ; 0.104 V                             ; 0.011 V                             ; 4.34e-10 s                 ; 3.82e-10 s                 ; Yes                       ; Yes                       ;
; ~ALTERA_DCLK~ ; 2.5 V        ; 0 s                 ; 0 s                 ; 2.32 V                       ; 1.74e-09 V                   ; 2.37 V              ; -0.0346 V           ; 0.198 V                              ; 0.094 V                              ; 3.14e-10 s                  ; 2.92e-10 s                  ; Yes                        ; Yes                        ; 2.32 V                      ; 1.74e-09 V                  ; 2.37 V             ; -0.0346 V          ; 0.198 V                             ; 0.094 V                             ; 3.14e-10 s                 ; 2.92e-10 s                 ; Yes                       ; Yes                       ;
+---------------+--------------+---------------------+---------------------+------------------------------+------------------------------+---------------------+---------------------+--------------------------------------+--------------------------------------+-----------------------------+-----------------------------+----------------------------+----------------------------+-----------------------------+-----------------------------+--------------------+--------------------+-------------------------------------+-------------------------------------+----------------------------+----------------------------+---------------------------+---------------------------+


+--------------------------------------------------------------------------------------------------------------------------------------------------------------------------------------------------------------------------------------------------------------------------------------------------------------------------------------------------------------------------------------------------------------------------------------------------------------------------------------------------------------------------------------------------------------------------------------------------------------------------------------------------------------------------------------------+
; Signal Integrity Metrics (Slow 1200mv 85c Model)                                                                                                                                                                                                                                                                                                                                                                                                                                                                                                                                                                                                                                           ;
+---------------+--------------+---------------------+---------------------+------------------------------+------------------------------+---------------------+---------------------+--------------------------------------+--------------------------------------+-----------------------------+-----------------------------+----------------------------+----------------------------+-----------------------------+-----------------------------+--------------------+--------------------+-------------------------------------+-------------------------------------+----------------------------+----------------------------+---------------------------+---------------------------+
; Pin           ; I/O Standard ; Board Delay on Rise ; Board Delay on Fall ; Steady State Voh at FPGA Pin ; Steady State Vol at FPGA Pin ; Voh Max at FPGA Pin ; Vol Min at FPGA Pin ; Ringback Voltage on Rise at FPGA Pin ; Ringback Voltage on Fall at FPGA Pin ; 10-90 Rise Time at FPGA Pin ; 90-10 Fall Time at FPGA Pin ; Monotonic Rise at FPGA Pin ; Monotonic Fall at FPGA Pin ; Steady State Voh at Far-end ; Steady State Vol at Far-end ; Voh Max at Far-end ; Vol Min at Far-end ; Ringback Voltage on Rise at Far-end ; Ringback Voltage on Fall at Far-end ; 10-90 Rise Time at Far-end ; 90-10 Fall Time at Far-end ; Monotonic Rise at Far-end ; Monotonic Fall at Far-end ;
+---------------+--------------+---------------------+---------------------+------------------------------+------------------------------+---------------------+---------------------+--------------------------------------+--------------------------------------+-----------------------------+-----------------------------+----------------------------+----------------------------+-----------------------------+-----------------------------+--------------------+--------------------+-------------------------------------+-------------------------------------+----------------------------+----------------------------+---------------------------+---------------------------+
; scl           ; 2.5 V        ; 0 s                 ; 0 s                 ; 2.32 V                       ; 2.85e-07 V                   ; 2.35 V              ; -0.0123 V           ; 0.144 V                              ; 0.042 V                              ; 4.81e-10 s                  ; 4.81e-10 s                  ; Yes                        ; Yes                        ; 2.32 V                      ; 2.85e-07 V                  ; 2.35 V             ; -0.0123 V          ; 0.144 V                             ; 0.042 V                             ; 4.81e-10 s                 ; 4.81e-10 s                 ; Yes                       ; Yes                       ;
; data[0]       ; 2.5 V        ; 0 s                 ; 0 s                 ; 2.32 V                       ; 1.93e-07 V                   ; 2.34 V              ; -0.00869 V          ; 0.14 V                               ; 0.046 V                              ; 6.89e-10 s                  ; 6.56e-10 s                  ; Yes                        ; Yes                        ; 2.32 V                      ; 1.93e-07 V                  ; 2.34 V             ; -0.00869 V         ; 0.14 V                              ; 0.046 V                             ; 6.89e-10 s                 ; 6.56e-10 s                 ; Yes                       ; Yes                       ;
; data[1]       ; 2.5 V        ; 0 s                 ; 0 s                 ; 2.32 V                       ; 1.93e-07 V                   ; 2.34 V              ; -0.00869 V          ; 0.14 V                               ; 0.046 V                              ; 6.89e-10 s                  ; 6.56e-10 s                  ; Yes                        ; Yes                        ; 2.32 V                      ; 1.93e-07 V                  ; 2.34 V             ; -0.00869 V         ; 0.14 V                              ; 0.046 V                             ; 6.89e-10 s                 ; 6.56e-10 s                 ; Yes                       ; Yes                       ;
; data[2]       ; 2.5 V        ; 0 s                 ; 0 s                 ; 2.32 V                       ; 1.93e-07 V                   ; 2.35 V              ; -0.00834 V          ; 0.127 V                              ; 0.035 V                              ; 4.7e-10 s                   ; 4.64e-10 s                  ; Yes                        ; Yes                        ; 2.32 V                      ; 1.93e-07 V                  ; 2.35 V             ; -0.00834 V         ; 0.127 V                             ; 0.035 V                             ; 4.7e-10 s                  ; 4.64e-10 s                 ; Yes                       ; Yes                       ;
; data[3]       ; 2.5 V        ; 0 s                 ; 0 s                 ; 2.32 V                       ; 1.93e-07 V                   ; 2.33 V              ; -0.0022 V           ; 0.088 V                              ; 0.056 V                              ; 3.76e-09 s                  ; 3.48e-09 s                  ; Yes                        ; Yes                        ; 2.32 V                      ; 1.93e-07 V                  ; 2.33 V             ; -0.0022 V          ; 0.088 V                             ; 0.056 V                             ; 3.76e-09 s                 ; 3.48e-09 s                 ; Yes                       ; Yes                       ;
; data[4]       ; 2.5 V        ; 0 s                 ; 0 s                 ; 2.32 V                       ; 1.93e-07 V                   ; 2.34 V              ; -0.00869 V          ; 0.14 V                               ; 0.046 V                              ; 6.89e-10 s                  ; 6.56e-10 s                  ; Yes                        ; Yes                        ; 2.32 V                      ; 1.93e-07 V                  ; 2.34 V             ; -0.00869 V         ; 0.14 V                              ; 0.046 V                             ; 6.89e-10 s                 ; 6.56e-10 s                 ; Yes                       ; Yes                       ;
; data[5]       ; 2.5 V        ; 0 s                 ; 0 s                 ; 2.32 V                       ; 2.85e-07 V                   ; 2.35 V              ; -0.0123 V           ; 0.144 V                              ; 0.042 V                              ; 4.81e-10 s                  ; 4.81e-10 s                  ; Yes                        ; Yes                        ; 2.32 V                      ; 2.85e-07 V                  ; 2.35 V             ; -0.0123 V          ; 0.144 V                             ; 0.042 V                             ; 4.81e-10 s                 ; 4.81e-10 s                 ; Yes                       ; Yes                       ;
; data[6]       ; 2.5 V        ; 0 s                 ; 0 s                 ; 2.32 V                       ; 2.85e-07 V                   ; 2.35 V              ; -0.0123 V           ; 0.144 V                              ; 0.042 V                              ; 4.81e-10 s                  ; 4.81e-10 s                  ; Yes                        ; Yes                        ; 2.32 V                      ; 2.85e-07 V                  ; 2.35 V             ; -0.0123 V          ; 0.144 V                             ; 0.042 V                             ; 4.81e-10 s                 ; 4.81e-10 s                 ; Yes                       ; Yes                       ;
; data[7]       ; 2.5 V        ; 0 s                 ; 0 s                 ; 2.32 V                       ; 2.85e-07 V                   ; 2.35 V              ; -0.0123 V           ; 0.144 V                              ; 0.042 V                              ; 4.81e-10 s                  ; 4.81e-10 s                  ; Yes                        ; Yes                        ; 2.32 V                      ; 2.85e-07 V                  ; 2.35 V             ; -0.0123 V          ; 0.144 V                             ; 0.042 V                             ; 4.81e-10 s                 ; 4.81e-10 s                 ; Yes                       ; Yes                       ;
; rs            ; 2.5 V        ; 0 s                 ; 0 s                 ; 2.32 V                       ; 1.93e-07 V                   ; 2.34 V              ; -0.00869 V          ; 0.14 V                               ; 0.046 V                              ; 6.89e-10 s                  ; 6.56e-10 s                  ; Yes                        ; Yes                        ; 2.32 V                      ; 1.93e-07 V                  ; 2.34 V             ; -0.00869 V         ; 0.14 V                              ; 0.046 V                             ; 6.89e-10 s                 ; 6.56e-10 s                 ; Yes                       ; Yes                       ;
; rw            ; 2.5 V        ; 0 s                 ; 0 s                 ; 2.32 V                       ; 1.93e-07 V                   ; 2.34 V              ; -0.00869 V          ; 0.14 V                               ; 0.046 V                              ; 6.89e-10 s                  ; 6.56e-10 s                  ; Yes                        ; Yes                        ; 2.32 V                      ; 1.93e-07 V                  ; 2.34 V             ; -0.00869 V         ; 0.14 V                              ; 0.046 V                             ; 6.89e-10 s                 ; 6.56e-10 s                 ; Yes                       ; Yes                       ;
; enable        ; 2.5 V        ; 0 s                 ; 0 s                 ; 2.32 V                       ; 1.93e-07 V                   ; 2.35 V              ; -0.00834 V          ; 0.127 V                              ; 0.035 V                              ; 4.7e-10 s                   ; 4.64e-10 s                  ; Yes                        ; Yes                        ; 2.32 V                      ; 1.93e-07 V                  ; 2.35 V             ; -0.00834 V         ; 0.127 V                             ; 0.035 V                             ; 4.7e-10 s                  ; 4.64e-10 s                 ; Yes                       ; Yes                       ;
; leds[0]       ; 2.5 V        ; 0 s                 ; 0 s                 ; 2.32 V                       ; 1.93e-07 V                   ; 2.35 V              ; -0.00834 V          ; 0.127 V                              ; 0.035 V                              ; 4.7e-10 s                   ; 4.64e-10 s                  ; Yes                        ; Yes                        ; 2.32 V                      ; 1.93e-07 V                  ; 2.35 V             ; -0.00834 V         ; 0.127 V                             ; 0.035 V                             ; 4.7e-10 s                  ; 4.64e-10 s                 ; Yes                       ; Yes                       ;
; leds[1]       ; 2.5 V        ; 0 s                 ; 0 s                 ; 2.32 V                       ; 1.93e-07 V                   ; 2.33 V              ; -0.0022 V           ; 0.088 V                              ; 0.056 V                              ; 3.76e-09 s                  ; 3.48e-09 s                  ; Yes                        ; Yes                        ; 2.32 V                      ; 1.93e-07 V                  ; 2.33 V             ; -0.0022 V          ; 0.088 V                             ; 0.056 V                             ; 3.76e-09 s                 ; 3.48e-09 s                 ; Yes                       ; Yes                       ;
; leds[2]       ; 2.5 V        ; 0 s                 ; 0 s                 ; 2.32 V                       ; 1.93e-07 V                   ; 2.35 V              ; -0.00834 V          ; 0.127 V                              ; 0.035 V                              ; 4.7e-10 s                   ; 4.64e-10 s                  ; Yes                        ; Yes                        ; 2.32 V                      ; 1.93e-07 V                  ; 2.35 V             ; -0.00834 V         ; 0.127 V                             ; 0.035 V                             ; 4.7e-10 s                  ; 4.64e-10 s                 ; Yes                       ; Yes                       ;
; leds[3]       ; 2.5 V        ; 0 s                 ; 0 s                 ; 2.32 V                       ; 1.93e-07 V                   ; 2.34 V              ; -0.00869 V          ; 0.14 V                               ; 0.046 V                              ; 6.89e-10 s                  ; 6.56e-10 s                  ; Yes                        ; Yes                        ; 2.32 V                      ; 1.93e-07 V                  ; 2.34 V             ; -0.00869 V         ; 0.14 V                              ; 0.046 V                             ; 6.89e-10 s                 ; 6.56e-10 s                 ; Yes                       ; Yes                       ;
; leds[4]       ; 2.5 V        ; 0 s                 ; 0 s                 ; 2.32 V                       ; 1.93e-07 V                   ; 2.35 V              ; -0.00834 V          ; 0.127 V                              ; 0.035 V                              ; 4.7e-10 s                   ; 4.64e-10 s                  ; Yes                        ; Yes                        ; 2.32 V                      ; 1.93e-07 V                  ; 2.35 V             ; -0.00834 V         ; 0.127 V                             ; 0.035 V                             ; 4.7e-10 s                  ; 4.64e-10 s                 ; Yes                       ; Yes                       ;
; leds[5]       ; 2.5 V        ; 0 s                 ; 0 s                 ; 2.32 V                       ; 2.85e-07 V                   ; 2.35 V              ; -0.0123 V           ; 0.144 V                              ; 0.042 V                              ; 4.81e-10 s                  ; 4.81e-10 s                  ; Yes                        ; Yes                        ; 2.32 V                      ; 2.85e-07 V                  ; 2.35 V             ; -0.0123 V          ; 0.144 V                             ; 0.042 V                             ; 4.81e-10 s                 ; 4.81e-10 s                 ; Yes                       ; Yes                       ;
; leds[6]       ; 2.5 V        ; 0 s                 ; 0 s                 ; 2.32 V                       ; 1.93e-07 V                   ; 2.34 V              ; -0.00869 V          ; 0.14 V                               ; 0.046 V                              ; 6.89e-10 s                  ; 6.56e-10 s                  ; Yes                        ; Yes                        ; 2.32 V                      ; 1.93e-07 V                  ; 2.34 V             ; -0.00869 V         ; 0.14 V                              ; 0.046 V                             ; 6.89e-10 s                 ; 6.56e-10 s                 ; Yes                       ; Yes                       ;
; vcc           ; 2.5 V        ; 0 s                 ; 0 s                 ; 2.32 V                       ; 2.85e-07 V                   ; 2.35 V              ; -0.0123 V           ; 0.144 V                              ; 0.042 V                              ; 4.81e-10 s                  ; 4.81e-10 s                  ; Yes                        ; Yes                        ; 2.32 V                      ; 2.85e-07 V                  ; 2.35 V             ; -0.0123 V          ; 0.144 V                             ; 0.042 V                             ; 4.81e-10 s                 ; 4.81e-10 s                 ; Yes                       ; Yes                       ;
; buzzer        ; 2.5 V        ; 0 s                 ; 0 s                 ; 2.32 V                       ; 2.85e-07 V                   ; 2.35 V              ; -0.0123 V           ; 0.144 V                              ; 0.042 V                              ; 4.81e-10 s                  ; 4.81e-10 s                  ; Yes                        ; Yes                        ; 2.32 V                      ; 2.85e-07 V                  ; 2.35 V             ; -0.0123 V          ; 0.144 V                             ; 0.042 V                             ; 4.81e-10 s                 ; 4.81e-10 s                 ; Yes                       ; Yes                       ;
; sda           ; 2.5 V        ; 0 s                 ; 0 s                 ; 2.32 V                       ; 2.85e-07 V                   ; 2.35 V              ; -0.0123 V           ; 0.144 V                              ; 0.042 V                              ; 4.81e-10 s                  ; 4.81e-10 s                  ; Yes                        ; Yes                        ; 2.32 V                      ; 2.85e-07 V                  ; 2.35 V             ; -0.0123 V          ; 0.144 V                             ; 0.042 V                             ; 4.81e-10 s                 ; 4.81e-10 s                 ; Yes                       ; Yes                       ;
; ~ALTERA_DCLK~ ; 2.5 V        ; 0 s                 ; 0 s                 ; 2.32 V                       ; 1.55e-07 V                   ; 2.35 V              ; -0.00221 V          ; 0.097 V                              ; 0.005 V                              ; 4.49e-10 s                  ; 3.85e-10 s                  ; Yes                        ; Yes                        ; 2.32 V                      ; 1.55e-07 V                  ; 2.35 V             ; -0.00221 V         ; 0.097 V                             ; 0.005 V                             ; 4.49e-10 s                 ; 3.85e-10 s                 ; Yes                       ; Yes                       ;
+---------------+--------------+---------------------+---------------------+------------------------------+------------------------------+---------------------+---------------------+--------------------------------------+--------------------------------------+-----------------------------+-----------------------------+----------------------------+----------------------------+-----------------------------+-----------------------------+--------------------+--------------------+-------------------------------------+-------------------------------------+----------------------------+----------------------------+---------------------------+---------------------------+


+--------------------------------------------------------------------------------------------------------------------------------------------------------------------------------------------------------------------------------------------------------------------------------------------------------------------------------------------------------------------------------------------------------------------------------------------------------------------------------------------------------------------------------------------------------------------------------------------------------------------------------------------------------------------------------------------+
; Signal Integrity Metrics (Fast 1200mv 0c Model)                                                                                                                                                                                                                                                                                                                                                                                                                                                                                                                                                                                                                                            ;
+---------------+--------------+---------------------+---------------------+------------------------------+------------------------------+---------------------+---------------------+--------------------------------------+--------------------------------------+-----------------------------+-----------------------------+----------------------------+----------------------------+-----------------------------+-----------------------------+--------------------+--------------------+-------------------------------------+-------------------------------------+----------------------------+----------------------------+---------------------------+---------------------------+
; Pin           ; I/O Standard ; Board Delay on Rise ; Board Delay on Fall ; Steady State Voh at FPGA Pin ; Steady State Vol at FPGA Pin ; Voh Max at FPGA Pin ; Vol Min at FPGA Pin ; Ringback Voltage on Rise at FPGA Pin ; Ringback Voltage on Fall at FPGA Pin ; 10-90 Rise Time at FPGA Pin ; 90-10 Fall Time at FPGA Pin ; Monotonic Rise at FPGA Pin ; Monotonic Fall at FPGA Pin ; Steady State Voh at Far-end ; Steady State Vol at Far-end ; Voh Max at Far-end ; Vol Min at Far-end ; Ringback Voltage on Rise at Far-end ; Ringback Voltage on Fall at Far-end ; 10-90 Rise Time at Far-end ; 90-10 Fall Time at Far-end ; Monotonic Rise at Far-end ; Monotonic Fall at Far-end ;
+---------------+--------------+---------------------+---------------------+------------------------------+------------------------------+---------------------+---------------------+--------------------------------------+--------------------------------------+-----------------------------+-----------------------------+----------------------------+----------------------------+-----------------------------+-----------------------------+--------------------+--------------------+-------------------------------------+-------------------------------------+----------------------------+----------------------------+---------------------------+---------------------------+
; scl           ; 2.5 V        ; 0 s                 ; 0 s                 ; 2.62 V                       ; 4.05e-08 V                   ; 2.72 V              ; -0.0349 V           ; 0.173 V                              ; 0.1 V                                ; 2.72e-10 s                  ; 2.69e-10 s                  ; Yes                        ; Yes                        ; 2.62 V                      ; 4.05e-08 V                  ; 2.72 V             ; -0.0349 V          ; 0.173 V                             ; 0.1 V                               ; 2.72e-10 s                 ; 2.69e-10 s                 ; Yes                       ; Yes                       ;
; data[0]       ; 2.5 V        ; 0 s                 ; 0 s                 ; 2.62 V                       ; 2.74e-08 V                   ; 2.71 V              ; -0.0317 V           ; 0.148 V                              ; 0.064 V                              ; 4.51e-10 s                  ; 4.15e-10 s                  ; No                         ; Yes                        ; 2.62 V                      ; 2.74e-08 V                  ; 2.71 V             ; -0.0317 V          ; 0.148 V                             ; 0.064 V                             ; 4.51e-10 s                 ; 4.15e-10 s                 ; No                        ; Yes                       ;
; data[1]       ; 2.5 V        ; 0 s                 ; 0 s                 ; 2.62 V                       ; 2.74e-08 V                   ; 2.71 V              ; -0.0317 V           ; 0.148 V                              ; 0.064 V                              ; 4.51e-10 s                  ; 4.15e-10 s                  ; No                         ; Yes                        ; 2.62 V                      ; 2.74e-08 V                  ; 2.71 V             ; -0.0317 V          ; 0.148 V                             ; 0.064 V                             ; 4.51e-10 s                 ; 4.15e-10 s                 ; No                        ; Yes                       ;
; data[2]       ; 2.5 V        ; 0 s                 ; 0 s                 ; 2.62 V                       ; 2.74e-08 V                   ; 2.73 V              ; -0.0384 V           ; 0.169 V                              ; 0.089 V                              ; 2.7e-10 s                   ; 2.62e-10 s                  ; Yes                        ; Yes                        ; 2.62 V                      ; 2.74e-08 V                  ; 2.73 V             ; -0.0384 V          ; 0.169 V                             ; 0.089 V                             ; 2.7e-10 s                  ; 2.62e-10 s                 ; Yes                       ; Yes                       ;
; data[3]       ; 2.5 V        ; 0 s                 ; 0 s                 ; 2.62 V                       ; 2.74e-08 V                   ; 2.64 V              ; -0.0117 V           ; 0.202 V                              ; 0.176 V                              ; 2.38e-09 s                  ; 2.22e-09 s                  ; No                         ; Yes                        ; 2.62 V                      ; 2.74e-08 V                  ; 2.64 V             ; -0.0117 V          ; 0.202 V                             ; 0.176 V                             ; 2.38e-09 s                 ; 2.22e-09 s                 ; No                        ; Yes                       ;
; data[4]       ; 2.5 V        ; 0 s                 ; 0 s                 ; 2.62 V                       ; 2.74e-08 V                   ; 2.71 V              ; -0.0317 V           ; 0.148 V                              ; 0.064 V                              ; 4.51e-10 s                  ; 4.15e-10 s                  ; No                         ; Yes                        ; 2.62 V                      ; 2.74e-08 V                  ; 2.71 V             ; -0.0317 V          ; 0.148 V                             ; 0.064 V                             ; 4.51e-10 s                 ; 4.15e-10 s                 ; No                        ; Yes                       ;
; data[5]       ; 2.5 V        ; 0 s                 ; 0 s                 ; 2.62 V                       ; 4.05e-08 V                   ; 2.72 V              ; -0.0349 V           ; 0.173 V                              ; 0.1 V                                ; 2.72e-10 s                  ; 2.69e-10 s                  ; Yes                        ; Yes                        ; 2.62 V                      ; 4.05e-08 V                  ; 2.72 V             ; -0.0349 V          ; 0.173 V                             ; 0.1 V                               ; 2.72e-10 s                 ; 2.69e-10 s                 ; Yes                       ; Yes                       ;
; data[6]       ; 2.5 V        ; 0 s                 ; 0 s                 ; 2.62 V                       ; 4.05e-08 V                   ; 2.72 V              ; -0.0349 V           ; 0.173 V                              ; 0.1 V                                ; 2.72e-10 s                  ; 2.69e-10 s                  ; Yes                        ; Yes                        ; 2.62 V                      ; 4.05e-08 V                  ; 2.72 V             ; -0.0349 V          ; 0.173 V                             ; 0.1 V                               ; 2.72e-10 s                 ; 2.69e-10 s                 ; Yes                       ; Yes                       ;
; data[7]       ; 2.5 V        ; 0 s                 ; 0 s                 ; 2.62 V                       ; 4.05e-08 V                   ; 2.72 V              ; -0.0349 V           ; 0.173 V                              ; 0.1 V                                ; 2.72e-10 s                  ; 2.69e-10 s                  ; Yes                        ; Yes                        ; 2.62 V                      ; 4.05e-08 V                  ; 2.72 V             ; -0.0349 V          ; 0.173 V                             ; 0.1 V                               ; 2.72e-10 s                 ; 2.69e-10 s                 ; Yes                       ; Yes                       ;
; rs            ; 2.5 V        ; 0 s                 ; 0 s                 ; 2.62 V                       ; 2.74e-08 V                   ; 2.71 V              ; -0.0317 V           ; 0.148 V                              ; 0.064 V                              ; 4.51e-10 s                  ; 4.15e-10 s                  ; No                         ; Yes                        ; 2.62 V                      ; 2.74e-08 V                  ; 2.71 V             ; -0.0317 V          ; 0.148 V                             ; 0.064 V                             ; 4.51e-10 s                 ; 4.15e-10 s                 ; No                        ; Yes                       ;
; rw            ; 2.5 V        ; 0 s                 ; 0 s                 ; 2.62 V                       ; 2.74e-08 V                   ; 2.71 V              ; -0.0317 V           ; 0.148 V                              ; 0.064 V                              ; 4.51e-10 s                  ; 4.15e-10 s                  ; No                         ; Yes                        ; 2.62 V                      ; 2.74e-08 V                  ; 2.71 V             ; -0.0317 V          ; 0.148 V                             ; 0.064 V                             ; 4.51e-10 s                 ; 4.15e-10 s                 ; No                        ; Yes                       ;
; enable        ; 2.5 V        ; 0 s                 ; 0 s                 ; 2.62 V                       ; 2.74e-08 V                   ; 2.73 V              ; -0.0384 V           ; 0.169 V                              ; 0.089 V                              ; 2.7e-10 s                   ; 2.62e-10 s                  ; Yes                        ; Yes                        ; 2.62 V                      ; 2.74e-08 V                  ; 2.73 V             ; -0.0384 V          ; 0.169 V                             ; 0.089 V                             ; 2.7e-10 s                  ; 2.62e-10 s                 ; Yes                       ; Yes                       ;
; leds[0]       ; 2.5 V        ; 0 s                 ; 0 s                 ; 2.62 V                       ; 2.74e-08 V                   ; 2.73 V              ; -0.0384 V           ; 0.169 V                              ; 0.089 V                              ; 2.7e-10 s                   ; 2.62e-10 s                  ; Yes                        ; Yes                        ; 2.62 V                      ; 2.74e-08 V                  ; 2.73 V             ; -0.0384 V          ; 0.169 V                             ; 0.089 V                             ; 2.7e-10 s                  ; 2.62e-10 s                 ; Yes                       ; Yes                       ;
; leds[1]       ; 2.5 V        ; 0 s                 ; 0 s                 ; 2.62 V                       ; 2.74e-08 V                   ; 2.64 V              ; -0.0117 V           ; 0.202 V                              ; 0.176 V                              ; 2.38e-09 s                  ; 2.22e-09 s                  ; No                         ; Yes                        ; 2.62 V                      ; 2.74e-08 V                  ; 2.64 V             ; -0.0117 V          ; 0.202 V                             ; 0.176 V                             ; 2.38e-09 s                 ; 2.22e-09 s                 ; No                        ; Yes                       ;
; leds[2]       ; 2.5 V        ; 0 s                 ; 0 s                 ; 2.62 V                       ; 2.74e-08 V                   ; 2.73 V              ; -0.0384 V           ; 0.169 V                              ; 0.089 V                              ; 2.7e-10 s                   ; 2.62e-10 s                  ; Yes                        ; Yes                        ; 2.62 V                      ; 2.74e-08 V                  ; 2.73 V             ; -0.0384 V          ; 0.169 V                             ; 0.089 V                             ; 2.7e-10 s                  ; 2.62e-10 s                 ; Yes                       ; Yes                       ;
; leds[3]       ; 2.5 V        ; 0 s                 ; 0 s                 ; 2.62 V                       ; 2.74e-08 V                   ; 2.71 V              ; -0.0317 V           ; 0.148 V                              ; 0.064 V                              ; 4.51e-10 s                  ; 4.15e-10 s                  ; No                         ; Yes                        ; 2.62 V                      ; 2.74e-08 V                  ; 2.71 V             ; -0.0317 V          ; 0.148 V                             ; 0.064 V                             ; 4.51e-10 s                 ; 4.15e-10 s                 ; No                        ; Yes                       ;
; leds[4]       ; 2.5 V        ; 0 s                 ; 0 s                 ; 2.62 V                       ; 2.74e-08 V                   ; 2.73 V              ; -0.0384 V           ; 0.169 V                              ; 0.089 V                              ; 2.7e-10 s                   ; 2.62e-10 s                  ; Yes                        ; Yes                        ; 2.62 V                      ; 2.74e-08 V                  ; 2.73 V             ; -0.0384 V          ; 0.169 V                             ; 0.089 V                             ; 2.7e-10 s                  ; 2.62e-10 s                 ; Yes                       ; Yes                       ;
; leds[5]       ; 2.5 V        ; 0 s                 ; 0 s                 ; 2.62 V                       ; 4.05e-08 V                   ; 2.72 V              ; -0.0349 V           ; 0.173 V                              ; 0.1 V                                ; 2.72e-10 s                  ; 2.69e-10 s                  ; Yes                        ; Yes                        ; 2.62 V                      ; 4.05e-08 V                  ; 2.72 V             ; -0.0349 V          ; 0.173 V                             ; 0.1 V                               ; 2.72e-10 s                 ; 2.69e-10 s                 ; Yes                       ; Yes                       ;
; leds[6]       ; 2.5 V        ; 0 s                 ; 0 s                 ; 2.62 V                       ; 2.74e-08 V                   ; 2.71 V              ; -0.0317 V           ; 0.148 V                              ; 0.064 V                              ; 4.51e-10 s                  ; 4.15e-10 s                  ; No                         ; Yes                        ; 2.62 V                      ; 2.74e-08 V                  ; 2.71 V             ; -0.0317 V          ; 0.148 V                             ; 0.064 V                             ; 4.51e-10 s                 ; 4.15e-10 s                 ; No                        ; Yes                       ;
; vcc           ; 2.5 V        ; 0 s                 ; 0 s                 ; 2.62 V                       ; 4.05e-08 V                   ; 2.72 V              ; -0.0349 V           ; 0.173 V                              ; 0.1 V                                ; 2.72e-10 s                  ; 2.69e-10 s                  ; Yes                        ; Yes                        ; 2.62 V                      ; 4.05e-08 V                  ; 2.72 V             ; -0.0349 V          ; 0.173 V                             ; 0.1 V                               ; 2.72e-10 s                 ; 2.69e-10 s                 ; Yes                       ; Yes                       ;
; buzzer        ; 2.5 V        ; 0 s                 ; 0 s                 ; 2.62 V                       ; 4.05e-08 V                   ; 2.72 V              ; -0.0349 V           ; 0.173 V                              ; 0.1 V                                ; 2.72e-10 s                  ; 2.69e-10 s                  ; Yes                        ; Yes                        ; 2.62 V                      ; 4.05e-08 V                  ; 2.72 V             ; -0.0349 V          ; 0.173 V                             ; 0.1 V                               ; 2.72e-10 s                 ; 2.69e-10 s                 ; Yes                       ; Yes                       ;
; sda           ; 2.5 V        ; 0 s                 ; 0 s                 ; 2.62 V                       ; 4.05e-08 V                   ; 2.72 V              ; -0.0349 V           ; 0.173 V                              ; 0.1 V                                ; 2.72e-10 s                  ; 2.69e-10 s                  ; Yes                        ; Yes                        ; 2.62 V                      ; 4.05e-08 V                  ; 2.72 V             ; -0.0349 V          ; 0.173 V                             ; 0.1 V                               ; 2.72e-10 s                 ; 2.69e-10 s                 ; Yes                       ; Yes                       ;
; ~ALTERA_DCLK~ ; 2.5 V        ; 0 s                 ; 0 s                 ; 2.62 V                       ; 2.22e-08 V                   ; 2.74 V              ; -0.06 V             ; 0.158 V                              ; 0.08 V                               ; 2.68e-10 s                  ; 2.19e-10 s                  ; Yes                        ; Yes                        ; 2.62 V                      ; 2.22e-08 V                  ; 2.74 V             ; -0.06 V            ; 0.158 V                             ; 0.08 V                              ; 2.68e-10 s                 ; 2.19e-10 s                 ; Yes                       ; Yes                       ;
+---------------+--------------+---------------------+---------------------+------------------------------+------------------------------+---------------------+---------------------+--------------------------------------+--------------------------------------+-----------------------------+-----------------------------+----------------------------+----------------------------+-----------------------------+-----------------------------+--------------------+--------------------+-------------------------------------+-------------------------------------+----------------------------+----------------------------+---------------------------+---------------------------+


+--------------------------------------------------------------------------------------------------------------------+
; Setup Transfers                                                                                                    ;
+---------------------------------+---------------------------------+--------------+-----------+----------+----------+
; From Clock                      ; To Clock                        ; RR Paths     ; FR Paths  ; RF Paths ; FF Paths ;
+---------------------------------+---------------------------------+--------------+-----------+----------+----------+
; master:master|scl               ; beg_com:beg_com|beg             ; 0            ; 0         ; 24       ; 0        ;
; beg_com:beg_com|beg             ; clk                             ; 23           ; 545852567 ; 0        ; 0        ;
; clk                             ; clk                             ; > 2147483647 ; 0         ; 0        ; 0        ;
; lcddin_mod:lcd_display|clk_16ms ; clk                             ; 1            ; 1         ; 0        ; 0        ;
; master:master|scl               ; clk                             ; 3            ; 3         ; 0        ; 0        ;
; clk                             ; lcddin_mod:lcd_display|clk_16ms ; 26           ; 0         ; 0        ; 0        ;
; lcddin_mod:lcd_display|clk_16ms ; lcddin_mod:lcd_display|clk_16ms ; 183          ; 0         ; 0        ; 0        ;
; clk                             ; master:master|scl               ; 31           ; 0         ; 0        ; 0        ;
; master:master|scl               ; master:master|scl               ; 269          ; 0         ; 0        ; 0        ;
+---------------------------------+---------------------------------+--------------+-----------+----------+----------+
Entries labeled "false path" only account for clock-to-clock false paths and not path-based false paths. As a result, actual path counts may be lower than reported.


+--------------------------------------------------------------------------------------------------------------------+
; Hold Transfers                                                                                                     ;
+---------------------------------+---------------------------------+--------------+-----------+----------+----------+
; From Clock                      ; To Clock                        ; RR Paths     ; FR Paths  ; RF Paths ; FF Paths ;
+---------------------------------+---------------------------------+--------------+-----------+----------+----------+
; master:master|scl               ; beg_com:beg_com|beg             ; 0            ; 0         ; 24       ; 0        ;
; beg_com:beg_com|beg             ; clk                             ; 23           ; 545852567 ; 0        ; 0        ;
; clk                             ; clk                             ; > 2147483647 ; 0         ; 0        ; 0        ;
; lcddin_mod:lcd_display|clk_16ms ; clk                             ; 1            ; 1         ; 0        ; 0        ;
; master:master|scl               ; clk                             ; 3            ; 3         ; 0        ; 0        ;
; clk                             ; lcddin_mod:lcd_display|clk_16ms ; 26           ; 0         ; 0        ; 0        ;
; lcddin_mod:lcd_display|clk_16ms ; lcddin_mod:lcd_display|clk_16ms ; 183          ; 0         ; 0        ; 0        ;
; clk                             ; master:master|scl               ; 31           ; 0         ; 0        ; 0        ;
; master:master|scl               ; master:master|scl               ; 269          ; 0         ; 0        ; 0        ;
+---------------------------------+---------------------------------+--------------+-----------+----------+----------+
Entries labeled "false path" only account for clock-to-clock false paths and not path-based false paths. As a result, actual path counts may be lower than reported.


---------------
; Report TCCS ;
---------------
No dedicated SERDES Transmitter circuitry present in device or used in design


---------------
; Report RSKM ;
---------------
No non-DPA dedicated SERDES Receiver circuitry present in device or used in design


+------------------------------------------------+
; Unconstrained Paths Summary                    ;
+---------------------------------+-------+------+
; Property                        ; Setup ; Hold ;
+---------------------------------+-------+------+
; Illegal Clocks                  ; 0     ; 0    ;
; Unconstrained Clocks            ; 0     ; 0    ;
; Unconstrained Input Ports       ; 1     ; 1    ;
; Unconstrained Input Port Paths  ; 24    ; 24   ;
; Unconstrained Output Ports      ; 20    ; 20   ;
; Unconstrained Output Port Paths ; 21    ; 21   ;
+---------------------------------+-------+------+


+----------------------------------------------------------------------------------------+
; Clock Status Summary                                                                   ;
+---------------------------------+---------------------------------+------+-------------+
; Target                          ; Clock                           ; Type ; Status      ;
+---------------------------------+---------------------------------+------+-------------+
; beg_com:beg_com|beg             ; beg_com:beg_com|beg             ; Base ; Constrained ;
; clk                             ; clk                             ; Base ; Constrained ;
; lcddin_mod:lcd_display|clk_16ms ; lcddin_mod:lcd_display|clk_16ms ; Base ; Constrained ;
; master:master|scl               ; master:master|scl               ; Base ; Constrained ;
+---------------------------------+---------------------------------+------+-------------+


+---------------------------------------------------------------------------------------------------+
; Unconstrained Input Ports                                                                         ;
+------------+--------------------------------------------------------------------------------------+
; Input Port ; Comment                                                                              ;
+------------+--------------------------------------------------------------------------------------+
; sda        ; No input delay, min/max delays, false-path exceptions, or max skew assignments found ;
+------------+--------------------------------------------------------------------------------------+


+-----------------------------------------------------------------------------------------------------+
; Unconstrained Output Ports                                                                          ;
+-------------+---------------------------------------------------------------------------------------+
; Output Port ; Comment                                                                               ;
+-------------+---------------------------------------------------------------------------------------+
; buzzer      ; No output delay, min/max delays, false-path exceptions, or max skew assignments found ;
; data[0]     ; No output delay, min/max delays, false-path exceptions, or max skew assignments found ;
; data[1]     ; No output delay, min/max delays, false-path exceptions, or max skew assignments found ;
; data[2]     ; No output delay, min/max delays, false-path exceptions, or max skew assignments found ;
; data[3]     ; No output delay, min/max delays, false-path exceptions, or max skew assignments found ;
; data[4]     ; No output delay, min/max delays, false-path exceptions, or max skew assignments found ;
; data[5]     ; No output delay, min/max delays, false-path exceptions, or max skew assignments found ;
; data[6]     ; No output delay, min/max delays, false-path exceptions, or max skew assignments found ;
; data[7]     ; No output delay, min/max delays, false-path exceptions, or max skew assignments found ;
; enable      ; No output delay, min/max delays, false-path exceptions, or max skew assignments found ;
; leds[0]     ; No output delay, min/max delays, false-path exceptions, or max skew assignments found ;
; leds[1]     ; No output delay, min/max delays, false-path exceptions, or max skew assignments found ;
; leds[2]     ; No output delay, min/max delays, false-path exceptions, or max skew assignments found ;
; leds[3]     ; No output delay, min/max delays, false-path exceptions, or max skew assignments found ;
; leds[4]     ; No output delay, min/max delays, false-path exceptions, or max skew assignments found ;
; leds[5]     ; No output delay, min/max delays, false-path exceptions, or max skew assignments found ;
; leds[6]     ; No output delay, min/max delays, false-path exceptions, or max skew assignments found ;
; rs          ; No output delay, min/max delays, false-path exceptions, or max skew assignments found ;
; scl         ; No output delay, min/max delays, false-path exceptions, or max skew assignments found ;
; sda         ; No output delay, min/max delays, false-path exceptions, or max skew assignments found ;
+-------------+---------------------------------------------------------------------------------------+


+---------------------------------------------------------------------------------------------------+
; Unconstrained Input Ports                                                                         ;
+------------+--------------------------------------------------------------------------------------+
; Input Port ; Comment                                                                              ;
+------------+--------------------------------------------------------------------------------------+
; sda        ; No input delay, min/max delays, false-path exceptions, or max skew assignments found ;
+------------+--------------------------------------------------------------------------------------+


+-----------------------------------------------------------------------------------------------------+
; Unconstrained Output Ports                                                                          ;
+-------------+---------------------------------------------------------------------------------------+
; Output Port ; Comment                                                                               ;
+-------------+---------------------------------------------------------------------------------------+
; buzzer      ; No output delay, min/max delays, false-path exceptions, or max skew assignments found ;
; data[0]     ; No output delay, min/max delays, false-path exceptions, or max skew assignments found ;
; data[1]     ; No output delay, min/max delays, false-path exceptions, or max skew assignments found ;
; data[2]     ; No output delay, min/max delays, false-path exceptions, or max skew assignments found ;
; data[3]     ; No output delay, min/max delays, false-path exceptions, or max skew assignments found ;
; data[4]     ; No output delay, min/max delays, false-path exceptions, or max skew assignments found ;
; data[5]     ; No output delay, min/max delays, false-path exceptions, or max skew assignments found ;
; data[6]     ; No output delay, min/max delays, false-path exceptions, or max skew assignments found ;
; data[7]     ; No output delay, min/max delays, false-path exceptions, or max skew assignments found ;
; enable      ; No output delay, min/max delays, false-path exceptions, or max skew assignments found ;
; leds[0]     ; No output delay, min/max delays, false-path exceptions, or max skew assignments found ;
; leds[1]     ; No output delay, min/max delays, false-path exceptions, or max skew assignments found ;
; leds[2]     ; No output delay, min/max delays, false-path exceptions, or max skew assignments found ;
; leds[3]     ; No output delay, min/max delays, false-path exceptions, or max skew assignments found ;
; leds[4]     ; No output delay, min/max delays, false-path exceptions, or max skew assignments found ;
; leds[5]     ; No output delay, min/max delays, false-path exceptions, or max skew assignments found ;
; leds[6]     ; No output delay, min/max delays, false-path exceptions, or max skew assignments found ;
; rs          ; No output delay, min/max delays, false-path exceptions, or max skew assignments found ;
; scl         ; No output delay, min/max delays, false-path exceptions, or max skew assignments found ;
; sda         ; No output delay, min/max delays, false-path exceptions, or max skew assignments found ;
+-------------+---------------------------------------------------------------------------------------+


+--------------------------+
; Timing Analyzer Messages ;
+--------------------------+
Info: *******************************************************************
Info: Running Quartus Prime Timing Analyzer
    Info: Version 24.1std.0 Build 1077 03/04/2025 SC Lite Edition
    Info: Processing started: Wed Jul 23 17:41:27 2025
Info: Command: quartus_sta Jaspi -c top
Info: qsta_default_script.tcl version: #1
Warning (18236): Number of processors has not been specified which may cause overloading on shared machines.  Set the global assignment NUM_PARALLEL_PROCESSORS in your QSF to an appropriate value for best performance.
Info (20030): Parallel compilation is enabled and will use 2 of the 2 processors detected
Info (21077): Low junction temperature is 0 degrees C
Info (21077): High junction temperature is 85 degrees C
Critical Warning (332012): Synopsys Design Constraints File file not found: 'top.sdc'. A Synopsys Design Constraints File is required by the Timing Analyzer to get proper timing constraints. Without it, the Compiler will not properly optimize the design.
Info (332142): No user constrained base clocks found in the design. Calling "derive_clocks -period 1.0"
Info (332105): Deriving Clocks
    Info (332105): create_clock -period 1.000 -name clk clk
    Info (332105): create_clock -period 1.000 -name lcddin_mod:lcd_display|clk_16ms lcddin_mod:lcd_display|clk_16ms
    Info (332105): create_clock -period 1.000 -name beg_com:beg_com|beg beg_com:beg_com|beg
    Info (332105): create_clock -period 1.000 -name master:master|scl master:master|scl
Info (332143): No user constrained clock uncertainty found in the design. Calling "derive_clock_uncertainty"
Info (332123): Deriving Clock Uncertainty. Please refer to report_sdc in the Timing Analyzer to see clock uncertainties.
Info: Found TIMING_ANALYZER_REPORT_SCRIPT_INCLUDE_DEFAULT_ANALYSIS = ON
Info: Analyzing Slow 1200mV 85C Model
Critical Warning (332148): Timing requirements not met
    Info (11105): For recommendations on closing timing, run Report Timing Closure Recommendations in the Timing Analyzer.
Info (332146): Worst-case setup slack is -27.642
    Info (332119):     Slack       End Point TNS Clock 
    Info (332119): ========= =================== =====================
    Info (332119):   -27.642           -1230.052 clk 
    Info (332119):    -3.675             -36.934 lcddin_mod:lcd_display|clk_16ms 
    Info (332119):    -2.958             -72.941 master:master|scl 
    Info (332119):    -1.556             -27.518 beg_com:beg_com|beg 
Info (332146): Worst-case hold slack is 0.434
    Info (332119):     Slack       End Point TNS Clock 
    Info (332119): ========= =================== =====================
    Info (332119):     0.434               0.000 clk 
    Info (332119):     0.434               0.000 lcddin_mod:lcd_display|clk_16ms 
    Info (332119):     0.506               0.000 master:master|scl 
    Info (332119):     1.186               0.000 beg_com:beg_com|beg 
Info (332140): No Recovery paths to report
Info (332140): No Removal paths to report
Info (332146): Worst-case minimum pulse width slack is -3.000
    Info (332119):     Slack       End Point TNS Clock 
    Info (332119): ========= =================== =====================
    Info (332119):    -3.000            -179.953 clk 
    Info (332119):    -1.487             -46.097 master:master|scl 
    Info (332119):    -1.487             -35.688 beg_com:beg_com|beg 
    Info (332119):    -1.487             -32.714 lcddin_mod:lcd_display|clk_16ms 
Info: Analyzing Slow 1200mV 0C Model
Info (334003): Started post-fitting delay annotation
Info (334004): Delay annotation completed successfully
Info (332123): Deriving Clock Uncertainty. Please refer to report_sdc in the Timing Analyzer to see clock uncertainties.
Critical Warning (332148): Timing requirements not met
    Info (11105): For recommendations on closing timing, run Report Timing Closure Recommendations in the Timing Analyzer.
Info (332146): Worst-case setup slack is -25.269
    Info (332119):     Slack       End Point TNS Clock 
    Info (332119): ========= =================== =====================
    Info (332119):   -25.269           -1121.409 clk 
    Info (332119):    -3.436             -33.143 lcddin_mod:lcd_display|clk_16ms 
    Info (332119):    -2.724             -66.443 master:master|scl 
    Info (332119):    -1.534             -27.058 beg_com:beg_com|beg 
Info (332146): Worst-case hold slack is 0.383
    Info (332119):     Slack       End Point TNS Clock 
    Info (332119): ========= =================== =====================
    Info (332119):     0.383               0.000 clk 
    Info (332119):     0.383               0.000 lcddin_mod:lcd_display|clk_16ms 
    Info (332119):     0.470               0.000 master:master|scl 
    Info (332119):     1.242               0.000 beg_com:beg_com|beg 
Info (332140): No Recovery paths to report
Info (332140): No Removal paths to report
Info (332146): Worst-case minimum pulse width slack is -3.000
    Info (332119):     Slack       End Point TNS Clock 
    Info (332119): ========= =================== =====================
    Info (332119):    -3.000            -179.953 clk 
    Info (332119):    -1.487             -46.097 master:master|scl 
    Info (332119):    -1.487             -35.688 beg_com:beg_com|beg 
    Info (332119):    -1.487             -32.714 lcddin_mod:lcd_display|clk_16ms 
Info: Analyzing Fast 1200mV 0C Model
Info (332123): Deriving Clock Uncertainty. Please refer to report_sdc in the Timing Analyzer to see clock uncertainties.
Critical Warning (332148): Timing requirements not met
    Info (11105): For recommendations on closing timing, run Report Timing Closure Recommendations in the Timing Analyzer.
Info (332146): Worst-case setup slack is -11.358
    Info (332119):     Slack       End Point TNS Clock 
    Info (332119): ========= =================== =====================
    Info (332119):   -11.358            -479.931 clk 
    Info (332119):    -1.027              -5.259 lcddin_mod:lcd_display|clk_16ms 
    Info (332119):    -0.632             -12.974 master:master|scl 
    Info (332119):    -0.318              -3.055 beg_com:beg_com|beg 
Info (332146): Worst-case hold slack is 0.179
    Info (332119):     Slack       End Point TNS Clock 
    Info (332119): ========= =================== =====================
    Info (332119):     0.179               0.000 clk 
    Info (332119):     0.179               0.000 lcddin_mod:lcd_display|clk_16ms 
    Info (332119):     0.205               0.000 master:master|scl 
    Info (332119):     0.665               0.000 beg_com:beg_com|beg 
Info (332140): No Recovery paths to report
Info (332140): No Removal paths to report
Info (332146): Worst-case minimum pulse width slack is -3.000
    Info (332119):     Slack       End Point TNS Clock 
    Info (332119): ========= =================== =====================
    Info (332119):    -3.000            -130.068 clk 
    Info (332119):    -1.000             -31.000 master:master|scl 
    Info (332119):    -1.000             -24.000 beg_com:beg_com|beg 
    Info (332119):    -1.000             -22.000 lcddin_mod:lcd_display|clk_16ms 
Info (332102): Design is not fully constrained for setup requirements
Info (332102): Design is not fully constrained for hold requirements
Info: Quartus Prime Timing Analyzer was successful. 0 errors, 5 warnings
    Info: Peak virtual memory: 433 megabytes
    Info: Processing ended: Wed Jul 23 17:41:30 2025
    Info: Elapsed time: 00:00:03
    Info: Total CPU time (on all processors): 00:00:03


